-- phpMyAdmin SQL Dump
-- version 4.6.6deb5
-- https://www.phpmyadmin.net/
--
-- Host: localhost:3306
-- Generation Time: Jan 04, 2018 at 05:11 PM
-- Server version: 5.7.20-0ubuntu0.17.10.1
-- PHP Version: 7.1.11-0ubuntu0.17.10.1

SET SQL_MODE = "NO_AUTO_VALUE_ON_ZERO";
SET time_zone = "+00:00";


/*!40101 SET @OLD_CHARACTER_SET_CLIENT=@@CHARACTER_SET_CLIENT */;
/*!40101 SET @OLD_CHARACTER_SET_RESULTS=@@CHARACTER_SET_RESULTS */;
/*!40101 SET @OLD_COLLATION_CONNECTION=@@COLLATION_CONNECTION */;
/*!40101 SET NAMES utf8mb4 */;

--
-- Database: `gpsdb_rev`
--

-- --------------------------------------------------------

--
-- Table structure for table `access_levels`
--

CREATE TABLE `access_levels` (
  `id` int(11) NOT NULL,
  `type` varchar(10) NOT NULL
) ENGINE=InnoDB DEFAULT CHARSET=latin1;

--
-- Dumping data for table `access_levels`
--

INSERT INTO `access_levels` (`id`, `type`) VALUES
(1, 'ADMIN'),
(2, 'STAFF'),
(3, 'GUEST');

-- --------------------------------------------------------

--
-- Table structure for table `antennas`
--

CREATE TABLE `antennas` (
  `id` int(11) NOT NULL,
  `serial_number` varchar(150) NOT NULL,
  `part_number` varchar(150) NOT NULL,
  `retirement_date` datetime DEFAULT NULL,
  `createdAt` datetime NOT NULL DEFAULT CURRENT_TIMESTAMP,
  `updatedAt` datetime NOT NULL DEFAULT CURRENT_TIMESTAMP ON UPDATE CURRENT_TIMESTAMP,
  `antenna_model_id` int(11) DEFAULT NULL
) ENGINE=InnoDB DEFAULT CHARSET=latin1;

--
-- Dumping data for table `antennas`
--

INSERT INTO `antennas` (`id`, `serial_number`, `part_number`, `retirement_date`, `createdAt`, `updatedAt`, `antenna_model_id`) VALUES
(1, '123456789', 'adad', NULL, '2017-10-26 10:10:32', '2017-10-26 10:10:32', NULL),
(2, '1440929209', '57971-00 DC 4937', NULL, '2017-10-26 10:10:32', '2017-10-26 10:10:32', NULL),
(3, '1441021247', '57971-00 DC 5024', NULL, '2017-10-26 10:10:32', '2017-10-26 10:10:32', NULL),
(4, '1441021343', '57971-00 DC 5024', NULL, '2017-10-26 10:10:32', '2017-10-26 10:10:32', NULL),
(5, '1441021516', '57971-00 DC 5024', NULL, '2017-10-26 10:10:32', '2017-10-26 10:10:32', NULL),
(6, '1441027115', '57971-00 DC 5031', NULL, '2017-10-26 10:10:32', '2017-10-26 10:10:32', NULL),
(7, '1441027148', '57971-00 DC 5031', NULL, '2017-10-26 10:10:32', '2017-10-26 10:10:32', NULL),
(8, '1441027374', '57971-00 DC 5031', NULL, '2017-10-26 10:10:32', '2017-10-26 10:10:32', NULL),
(9, '1441027586', '57971-00 DC 5031', NULL, '2017-10-26 10:10:32', '2017-10-26 10:10:32', NULL),
(10, '1441027979', '57971-00 DC 5031', NULL, '2017-10-26 10:10:32', '2017-10-26 10:10:32', NULL),
(11, '12382983', '41249-00 DC 4235', NULL, '2017-10-26 10:10:32', '2017-10-26 10:10:32', NULL),
(12, '12382994', '41249-00 DC 4235', NULL, '2017-10-26 10:10:32', '2017-10-26 10:10:32', NULL),
(13, '12383088', '41249-00 DC 4235', NULL, '2017-10-26 10:10:32', '2017-10-26 10:10:32', NULL),
(14, '12393268', '41249-00 DC 4235', NULL, '2017-10-26 10:10:32', '2017-10-26 10:10:32', NULL),
(15, '12393278', '41249-00 DC 4235', NULL, '2017-10-26 10:10:32', '2017-10-26 10:10:32', NULL),
(16, '12393346', '41249-00 DC 4235', NULL, '2017-10-26 10:10:32', '2017-10-26 10:10:32', NULL),
(17, '60220467', '41249-00 DC 4732', NULL, '2017-10-26 10:10:32', '2017-10-26 10:10:32', NULL),
(18, '60250556', '41249-00 DC 4838', NULL, '2017-10-26 10:10:32', '2017-10-26 10:10:32', NULL),
(19, '60251466', '41249-00 DC 4838', NULL, '2017-10-26 10:10:32', '2017-10-26 10:10:32', NULL),
(20, '60267892', '41249-00 DC 4918', NULL, '2017-10-26 10:10:32', '2017-10-26 10:10:32', NULL),
(21, '12545333', '41249-00 DC 4345', NULL, '2017-10-26 10:10:32', '2017-10-26 10:10:32', NULL),
(22, '12518000', '41249-00 DC 4345', NULL, '2017-10-26 10:10:32', '2017-10-26 10:10:32', NULL),
(23, '60154113', '41249-00 DC4621', NULL, '2017-10-26 10:10:32', '2017-10-26 10:10:32', NULL),
(24, '1441027899', '57971-00', NULL, '2017-10-26 10:10:32', '2017-10-26 10:10:32', NULL),
(25, '14409054498', '115000-000', NULL, '2017-10-26 10:10:32', '2017-10-26 10:10:32', NULL),
(26, '0441021518', '57971-00', NULL, '2017-10-26 10:10:32', '2017-10-26 10:10:32', NULL),
(27, '02200179624', '22020-00', NULL, '2017-10-26 10:10:32', '2017-10-26 10:10:32', NULL),
(28, '0220179622', 'SE-949A-MO', NULL, '2017-10-26 10:10:32', '2017-10-26 10:10:32', NULL),
(29, '0220140611', '220-00', NULL, '2017-10-26 10:10:32', '2017-10-26 10:10:32', NULL),
(30, '0220179638', '22020-00', NULL, '2017-10-26 10:10:32', '2017-10-26 10:10:32', NULL),
(31, 'Not Indicated', 'Not Indicated', NULL, '2017-10-26 10:10:32', '2017-10-26 10:10:32', NULL),
(32, '17116', '667126', NULL, '2017-10-26 10:10:32', '2017-10-26 10:10:32', NULL),
(33, '0220179624', '22020-00', NULL, '2017-10-26 10:10:32', '2017-10-26 10:10:32', NULL),
(34, '0420140606', '22020-00', NULL, '2017-10-26 10:10:32', '2017-10-26 10:10:32', NULL),
(35, '12421198', '41247-00 DC4442', NULL, '2017-10-26 10:10:32', '2017-10-26 10:10:32', NULL);

-- --------------------------------------------------------

--
-- Table structure for table `antenna_models`
--

CREATE TABLE `antenna_models` (
  `id` int(11) NOT NULL,
  `name` varchar(200) NOT NULL,
  `equipment_brand_id` int(11) DEFAULT NULL
) ENGINE=InnoDB DEFAULT CHARSET=latin1;

-- --------------------------------------------------------

--
-- Table structure for table `campaign_logsheets`
--

CREATE TABLE `campaign_logsheets` (
  `id` int(11) NOT NULL,
  `date` datetime NOT NULL,
  `height_north_meters` double NOT NULL,
  `height_east_meters` double NOT NULL,
  `height_south_meters` double NOT NULL,
  `height_west_meters` double NOT NULL,
  `time_start` time DEFAULT NULL,
  `time_end` time DEFAULT NULL,
  `failure_time` time DEFAULT NULL,
  `azimuth` float DEFAULT NULL,
  `notes` varchar(1024) DEFAULT NULL,
  `createdAt` datetime NOT NULL DEFAULT CURRENT_TIMESTAMP,
  `site_id` int(11) DEFAULT NULL,
  `antenna_id` int(11) DEFAULT NULL,
  `receiver_id` int(11) DEFAULT NULL
) ENGINE=InnoDB DEFAULT CHARSET=latin1;

--
-- Dumping data for table `campaign_logsheets`
--

INSERT INTO `campaign_logsheets` (`id`, `date`, `height_north_meters`, `height_east_meters`, `height_south_meters`, `height_west_meters`, `time_start`, `time_end`, `failure_time`, `azimuth`, `notes`, `createdAt`, `site_id`, `antenna_id`, `receiver_id`) VALUES
(1, '2017-03-26 00:00:00', 1.45, 1.45, 1.455, 1.455, '21:28:38', NULL, NULL, NULL, '', '2017-05-12 08:05:38', 433, 14, 28),
(2, '2017-03-21 00:00:00', 1.47, 1.47, 1.471, 1.4705, '19:25:41', NULL, NULL, NULL, '', '2017-05-12 08:08:42', 58, 23, 20),
(3, '2017-03-23 00:00:00', 1.4695, 1.4685, 1.4695, 1.4695, NULL, NULL, NULL, 20, 'v: 12.50', '2017-05-12 08:11:11', 58, 23, 20),
(4, '2017-03-24 00:00:00', 1.4685, 1.4685, 1.4695, 1.469, NULL, NULL, NULL, NULL, 'v: 12.42', '2017-05-12 08:13:27', 58, 23, 20),
(5, '2017-03-25 00:00:00', 1.4685, 1.468, 1.469, 1.469, '19:19:21', '19:21:29', NULL, NULL, '', '2017-05-12 08:17:13', 58, 23, 20),
(6, '2017-03-27 00:00:00', 1.4645, 1.4645, 1.4645, 1.4645, '16:00:50', '21:38:57', NULL, NULL, '', '2017-05-12 08:20:48', 432, 8, 24),
(7, '2017-03-26 00:00:00', 1.464, 1.4645, 1.4645, 1.464, NULL, NULL, NULL, NULL, 'v: 12.45', '2017-05-12 08:23:15', 432, 8, 24),
(8, '2017-03-25 00:00:00', 1.464, 1.465, 1.4645, 1.4645, '20:33:48', '20:44:58', NULL, NULL, 'v: 12:54 , 04:35 power stop and 04:38 power start.', '2017-05-12 08:36:30', 432, 8, 24),
(9, '2017-03-24 00:00:00', 1.4645, 1.4645, 1.4645, 1.4645, '19:06:04', NULL, NULL, 170, 'Antenna cable was cut in half.; v: 12.69', '2017-05-12 08:49:08', 432, 8, 24),
(10, '2017-03-23 00:00:00', 1.4635, 1.464, 1.464, 1.4635, '22:35:08', NULL, NULL, 172, 'v: 12.79', '2017-05-12 08:52:21', 432, 8, 24),
(11, '2017-03-27 00:00:00', 1.49, 1.45, 1.45, 1.45, '16:00:59', '22:49:04', NULL, NULL, '', '2017-05-16 05:16:12', 433, 14, 28),
(12, '2017-03-27 00:00:00', 1.413, 1.414, 1.414, 1.4135, '16:00:34', '00:27:40', NULL, NULL, '', '2017-05-16 05:20:31', 434, 5, 27),
(13, '2017-03-26 00:00:00', 1.414, 1.415, 1.41525, 1.414, '01:15:18', NULL, NULL, 190, 'v: 12.59', '2017-05-16 05:23:15', 434, 5, 27),
(14, '2017-03-19 00:00:00', 1.337, 1.3375, 1.3375, 1.3375, NULL, '18:25:50', NULL, 181, 'v: 12.43', '2017-05-16 05:26:37', 435, 16, 22),
(15, '2017-03-17 00:00:00', 1.337, 1.3375, 1.33775, 1.33775, NULL, NULL, NULL, NULL, 'v: 12.56', '2017-05-16 05:28:43', 435, 16, 22),
(16, '2017-03-16 00:00:00', 1.337, 1.3375, 1.338, 1.33775, '18:20:23', NULL, NULL, NULL, 'v: 12.58', '2017-05-16 05:31:15', 435, 16, 22),
(17, '2017-03-19 00:00:00', 1.35475, 1.35475, 1.3545, 1.35475, NULL, NULL, NULL, 142, 'v: 12.49', '2017-05-16 05:34:10', 354, 11, 24),
(18, '2017-03-17 00:00:00', 1.35475, 1.355, 1.35475, 1.355, NULL, NULL, NULL, NULL, 'v: 12.66', '2017-05-16 05:36:04', 354, 11, 24),
(19, '2017-03-16 00:00:00', 1.35525, 1.355, 1.355, 1.35525, '21:18:30', NULL, NULL, NULL, '', '2017-05-16 05:40:30', 354, 11, 24),
(20, '2017-03-20 00:00:00', 1.216, 1.217, 1.21775, 1.2165, NULL, '16:31:13', NULL, NULL, 'v: 12.33', '2017-05-16 05:43:00', 364, 14, 28),
(21, '2017-03-19 00:00:00', 1.216, 1.21575, 1.21675, 1.2165, '16:00:22', NULL, NULL, 269, 'v: 12.41', '2017-05-16 05:46:05', 364, 14, 28),
(22, '2017-03-18 00:00:00', 1.21575, 1.216, 1.2165, 1.21675, NULL, NULL, NULL, NULL, 'v: 12.51', '2017-05-16 05:48:35', 364, 14, 28),
(23, '2017-03-17 00:00:00', 1.21575, 1.216, 1.2165, 1.21675, NULL, NULL, NULL, NULL, 'v: 12.57', '2017-05-16 05:50:36', 364, 14, 28),
(25, '2017-03-16 00:00:00', 1.2155, 1.21575, 1.217, 1.21675, '16:38:35', NULL, NULL, NULL, 'v: 12.66', '2017-05-16 06:01:17', 364, 14, 28),
(26, '2017-03-19 00:00:00', 1.30975, 1.31875, 1.313, 1.30325, NULL, '22:25:05', NULL, 276, 'v: 12.45', '2017-05-16 07:03:49', 436, 23, 20),
(27, '2017-03-17 00:00:00', 1.31, 1.319, 1.313, 1.3045, NULL, NULL, NULL, 276, 'v: 12.49', '2017-05-16 07:06:14', 436, 23, 20),
(28, '2017-03-16 00:00:00', 1.31025, 1.31975, 1.3135, 1.305, '00:13:32', '01:22:48', NULL, 276, 'v: 12.46, A new building will be constructed on top of the benchmark within this year 2017', '2017-05-16 07:49:33', 436, 23, 27),
(29, '2017-03-27 00:00:00', 1.491, 1.492, 1.492, 1.492, '16:00:05', '01:54:11', NULL, NULL, '', '2017-05-16 07:51:54', 57, 16, 22),
(30, '2017-03-25 00:00:00', 1.493, 1.494, 1.494, 1.494, '23:17:14', '23:21:32', NULL, NULL, 'v: 12.14', '2017-05-16 07:55:17', 57, 16, 22),
(31, '2017-03-24 00:00:00', 1.4935, 1.494, 1.494, 1.494, NULL, NULL, NULL, NULL, 'v: 12.25', '2017-05-16 07:57:17', 57, 16, 22),
(32, '2017-03-23 00:00:00', 1.4935, 1.494, 1.494, 1.494, NULL, NULL, NULL, NULL, 'v: 12.33', '2017-05-16 07:59:18', 57, 16, 22),
(33, '2017-03-22 00:00:00', 1.494, 1.49475, 1.495, 1.495, NULL, NULL, NULL, NULL, 'v: 12.47', '2017-05-16 08:01:33', 57, 16, 22),
(34, '2017-03-21 00:00:00', 1.494, 1.495, 1.495, 1.495, '23:00:45', '23:42:54', NULL, 202, '', '2017-05-16 08:03:29', 57, 16, 22),
(35, '2017-04-10 00:00:00', 1.49175, 1.49175, 1.49275, 1.49225, '18:30:00', NULL, NULL, NULL, '', '2017-05-17 02:33:00', 437, 23, 20),
(36, '2017-04-11 00:00:00', 1.49175, 1.492, 1.49275, 1.49225, NULL, NULL, NULL, NULL, 'v: 12.68', '2017-05-17 02:35:37', 437, 23, 20),
(37, '2017-04-12 00:00:00', 1.4915, 1.49125, 1.492, 1.492, NULL, '03:59:58', NULL, NULL, 'v: 12.54', '2017-05-17 02:39:50', 437, 23, 20),
(38, '2017-04-13 00:00:00', 1.49075, 1.49075, 1.49175, 1.49125, NULL, '17:20:43', NULL, 30, '', '2017-05-17 02:47:11', 437, 23, 20),
(39, '2017-04-12 00:00:00', 1.3665, 1.367, 1.3675, 1.367, '20:08:50', NULL, NULL, 290, '', '2017-05-17 02:58:59', 438, 11, 24),
(40, '2017-04-17 00:00:00', 1.3205, 1.3205, 1.321, 1.3205, '01:22:37', '17:01:02', NULL, 173, 'v: 12.90', '2017-05-17 03:03:39', 249, 23, 20),
(42, '2017-04-17 00:00:00', 1.4765, 1.4765, 1.4765, 1.4765, '23:37:22', '15:59:36', NULL, NULL, 'Replaced CF Card; v: 12.79', '2017-05-17 03:11:20', 252, 11, 24),
(43, '2017-04-17 00:00:00', 1.3275, 1.328, 1.328, 1.3275, '21:34:34', NULL, NULL, 165, 'v: 12.87', '2017-05-17 03:14:27', 255, 14, 28),
(44, '2017-04-17 00:00:00', 1.4895, 1.49, 1.49, 1.49, '22:44:09', NULL, NULL, 156, 'v: 12.75', '2017-05-17 03:18:11', 245, 16, 22),
(45, '2017-04-17 00:00:00', 1.293, 1.293, 1.2935, 1.293, '19:36:47', NULL, NULL, 25, 'v: 12.97', '2017-05-17 03:23:40', 389, 15, 12),
(46, '2017-04-18 00:00:00', 1.321, 1.321, 1.322, 1.321, '17:04:47', '15:59:58', NULL, 173, 'v: 12.70', '2017-05-17 03:30:46', 249, 23, 20),
(47, '2017-04-18 00:00:00', 1.4765, 1.4765, 1.4765, 1.4765, NULL, '15:59:29', NULL, NULL, 'v: 12.55', '2017-05-17 03:38:15', 252, 11, 24),
(48, '2017-04-18 00:00:00', 1.3275, 1.328, 1.328, 1.3275, '16:00:39', '15:59:48', NULL, 165, 'v: 12.54', '2017-05-17 05:09:42', 255, 14, 28),
(49, '2017-04-18 00:00:00', 1.49, 1.49, 1.491, 1.491, '16:00:45', '15:59:50', NULL, 156, 'v: 12.57', '2017-05-17 05:12:39', 245, 16, 22),
(50, '2017-04-18 00:00:00', 1.293, 1.294, 1.294, 1.294, '16:00:59', '15:59:05', NULL, 25, '', '2017-05-17 05:14:45', 389, 15, 12),
(51, '2017-04-19 00:00:00', 1.321, 1.321, 1.3215, 1.321, '16:00:53', '15:59:59', NULL, 173, '', '2017-05-17 05:16:44', 249, 23, 20),
(52, '2017-04-19 00:00:00', 1.4765, 1.4765, 1.4765, 1.4765, NULL, '15:59:54', NULL, NULL, 'v: 12.46', '2017-05-17 05:18:29', 252, 11, 24),
(53, '2017-04-19 00:00:00', 1.327, 1.3275, 1.3275, 1.328, NULL, '15:59:34', NULL, 165, '', '2017-05-17 05:21:15', 255, 14, 28),
(54, '2017-04-19 00:00:00', 1.49, 1.4905, 1.491, 1.491, NULL, '15:59:39', NULL, 156, 'v: 12.50', '2017-05-17 05:23:29', 245, 16, 22),
(55, '2017-04-19 00:00:00', 1.293, 1.2935, 1.294, 1.2935, NULL, '15:59:08', NULL, 25, '', '2017-05-17 05:25:39', 389, 15, 12),
(56, '2017-04-20 00:00:00', 1.321, 1.321, 1.3215, 1.321, NULL, '17:54:44', NULL, 173, '', '2017-05-17 05:28:51', 249, 23, 20),
(57, '2017-04-20 00:00:00', 1.476, 1.476, 1.4755, 1.4765, NULL, NULL, NULL, NULL, 'v: 12.4', '2017-05-17 05:31:13', 252, 11, 24),
(58, '2017-04-20 00:00:00', 1.327, 1.3275, 1.3275, 1.3275, NULL, '22:04:53', NULL, 165, 'v: 12.46', '2017-05-17 05:34:35', 255, 14, 28),
(59, '2017-04-20 00:00:00', 1.49, 1.49, 1.491, 1.491, NULL, '21:04:41', NULL, 156, 'v: 12.43', '2017-05-17 05:41:32', 245, 16, 22),
(60, '2017-04-20 00:00:00', 1.293, 1.2935, 1.294, 1.293, NULL, '23:04:48', NULL, 25, '', '2017-05-17 05:45:59', 389, 15, 12),
(61, '2017-04-17 00:00:00', 1.4895, 1.49, 1.49, 1.49, '22:44:35', NULL, NULL, 156, 'v: 12.75', '2017-05-17 05:48:17', 245, 16, 22),
(62, '2017-04-17 00:00:00', 1.293, 1.293, 1.2935, 1.293, '19:36:19', NULL, NULL, 25, 'Change reciever; v: 12.97', '2017-05-17 05:58:23', 389, 15, 12),
(63, '2017-02-14 00:00:00', 1.3285, 1.32875, 1.328, 1.32875, '22:31:01', '15:59:14', NULL, 180, '', '2017-05-22 06:16:47', 253, 19, 38),
(64, '2017-02-15 16:00:00', 1.3285, 1.3285, 1.32875, 1.329, '23:38:16', '15:59:25', NULL, 180, '', '2017-05-22 06:23:00', 253, 19, 38),
(65, '2017-02-16 16:00:00', 1.32875, 1.32875, 1.32875, 1.329, '19:37:40', '15:48:52', NULL, 180, '', '2017-05-22 06:25:29', 253, 19, 38),
(66, '2017-02-12 16:00:00', 1.2985, 1.2989, 1.2985, 1.299, '01:25:57', '15:59:04', NULL, 180, '', '2017-05-22 06:53:41', 389, 18, 16),
(67, '2017-02-13 16:00:00', 1.2985, 1.2989, 1.2985, 1.299, '16:00:15', '15:59:19', NULL, 180, '', '2017-05-22 06:56:54', 389, 18, 16),
(68, '2017-02-14 16:00:00', 1.299, 1.299, 1.299, 1.2995, '16:00:51', '15:59:55', NULL, 180, '', '2017-05-22 06:58:24', 389, 18, 16),
(69, '2017-02-15 16:00:00', 1.2995, 1.29925, 1.29925, 1.3, '16:00:02', '15:59:07', NULL, 180, '', '2017-05-22 07:00:36', 389, 18, 16),
(70, '2017-02-16 16:00:00', 1.2995, 1.2995, 1.2995, 1.3, '16:00:26', '15:59:29', NULL, 180, '', '2017-05-22 07:01:58', 389, 18, 16),
(71, '2017-02-17 16:00:00', 1.299, 1.299, 1.2995, 1.2995, '16:00:58', '15:59:02', NULL, 180, '', '2017-05-22 07:03:28', 389, 18, 16),
(72, '2017-02-14 16:00:00', 1.4275, 1.4275, 1.4275, 1.4275, '19:30:54', '15:59:01', NULL, 168, '', '2017-05-22 07:05:30', 258, 8, 20),
(73, '2017-02-15 16:00:00', 1.42875, 1.4285, 1.42875, 1.42875, '18:25:44', '15:59:51', NULL, 168, '', '2017-05-22 07:07:19', 258, 8, 20),
(74, '2017-02-16 16:00:00', 1.42875, 1.42875, 1.42875, 1.42875, '18:33:36', '14:43:47', NULL, 168, '', '2017-05-22 07:15:17', 258, 8, 20),
(75, '2017-02-13 16:00:00', 1.474, 1.474, 1.474, 1.474, '17:52:20', '15:59:28', NULL, NULL, '', '2017-05-22 07:18:01', 361, 11, 10),
(76, '2017-02-14 16:00:00', 1.474, 1.474, 1.474, 1.474, '16:00:00', '15:59:04', NULL, NULL, '', '2017-05-22 07:21:35', 361, 11, 10),
(77, '2017-02-15 16:00:00', 1.474, 1.474, 1.474, 1.474, '16:00:25', '15:59:29', NULL, NULL, '', '2017-05-22 07:23:58', 361, 11, 10),
(78, '2017-02-16 16:00:00', 1.474, 1.474, 1.474, 1.474, '16:00:23', '15:59:28', NULL, NULL, '', '2017-05-22 07:25:58', 361, 11, 10),
(79, '2017-02-13 16:00:00', 1.516, 1.516, 1.517, 1.517, '20:05:50', '15:59:57', NULL, NULL, '', '2017-05-22 07:45:28', 365, 14, 24),
(80, '2017-02-14 16:00:00', 1.516, 1.516, 1.517, 1.517, '16:00:38', '15:59:43', NULL, NULL, '1. Cluster of Cell towers located 335 NNW of BM 2150-200m\n2. Location is not ideal due to proximity of hills on N/NW\n3. Tribrach needs adjustment; refer to photo for details [PIV07]\n4. Area is not fully secure; accommodations at the school\n   home econ ro', '2017-05-22 07:50:34', 365, 14, 24),
(81, '2017-02-15 16:00:00', 1.516, 1.516, 1.5175, 1.5165, '16:00:54', '15:59:58', NULL, NULL, 'Field mouse has taken shelter inside box; forgot to plug cable hole with paper/cloth before hand', '2017-05-22 07:54:13', 365, 14, 24),
(82, '2017-02-16 16:00:00', 1.516, 1.516, 1.5175, 1.5165, '16:00:12', '15:59:16', NULL, NULL, '', '2017-05-22 07:55:46', 365, 14, 24),
(83, '2017-02-13 16:00:00', 1.28625, 1.28725, 1.2875, 1.28775, '03:14:57', NULL, NULL, 109, '', '2017-05-22 07:57:30', 249, 16, 27),
(84, '2017-02-14 16:00:00', 1.287, 1.2875, 1.288, 1.288, '16:00:26', '15:59:29', NULL, 109, '', '2017-05-22 07:59:01', 249, 16, 27),
(85, '2017-02-15 16:00:00', 1.287, 1.287, 1.28775, 1.288, '16:00:02', '15:59:07', NULL, 109, '', '2017-05-22 08:00:36', 249, 16, 27),
(86, '2017-02-16 16:00:00', 1.287, 1.28725, 1.288, 1.288, '18:00:02', '15:59:07', NULL, 109, '', '2017-05-22 08:02:36', 249, 16, 27),
(87, '2017-02-17 16:00:00', 1.28725, 1.28725, 1.288, 1.288, '16:00:34', '20:12:39', NULL, 109, '', '2017-05-22 08:04:10', 249, 16, 27),
(88, '2017-02-13 16:00:00', 1.2965, 1.2965, 1.2975, 1.2965, '06:37:25', '15:59:32', NULL, 86, '', '2017-05-22 08:06:02', 252, 13, 19),
(89, '2017-02-14 16:00:00', 1.2965, 1.29725, 1.29825, 1.29725, '16:00:01', '15:59:05', NULL, 86, '', '2017-05-22 08:07:32', 252, 13, 19),
(90, '2017-02-15 16:00:00', 1.2965, 1.2975, 1.29825, 1.2975, '16:00:44', '15:59:48', NULL, 86, '', '2017-05-22 08:09:15', 252, 13, 19),
(91, '2017-02-16 16:00:00', 1.29675, 1.29725, 1.29825, 1.2975, '16:00:17', '15:59:21', NULL, 86, '', '2017-05-22 08:10:48', 252, 13, 19),
(92, '2017-02-17 16:00:00', 1.297, 1.2975, 1.29825, 1.2975, '16:00:38', '18:46:42', NULL, 86, '', '2017-05-22 08:12:13', 252, 13, 19),
(93, '2017-02-13 16:00:00', 1.2865, 1.2865, 1.288, 1.287, '21:14:17', '15:59:25', NULL, 180, '', '2017-05-22 23:18:00', 255, 9, 22),
(94, '2017-02-14 16:00:00', 1.28675, 1.2867, 1.28825, 1.28725, '16:00:08', '15:59:12', NULL, NULL, '', '2017-05-22 23:19:44', 255, 9, 22),
(95, '2017-02-15 16:00:00', 1.8675, 1.287, 1.2885, 1.2875, '16:00:34', '15:59:41', NULL, 180, '', '2017-05-22 23:51:09', 255, 9, 22),
(96, '2017-02-16 16:00:00', 1.287, 1.287, 1.2885, 1.28725, '16:00:59', '15:45:08', NULL, 180, '', '2017-05-22 23:52:37', 255, 9, 22),
(99, '2017-02-13 16:00:00', 1.4525, 1.4535, 1.454, 1.4525, '23:31:11', '15:59:17', NULL, 185, '', '2017-05-23 00:06:43', 245, 23, 28),
(100, '2017-02-14 16:00:00', 1.4532, 1.45375, 1.45375, 1.45275, '16:00:17', '15:59:21', NULL, 185, '', '2017-05-23 02:48:47', 245, 23, 28),
(167, '2017-02-15 16:00:00', 1.45275, 1.45375, 1.45425, 1.453, '16:00:18', '15:59:22', NULL, 180, '', '2017-05-23 03:00:03', 245, 23, 28),
(168, '2017-02-16 16:00:00', 1.45325, 1.45425, 1.455, 1.4535, '16:00:19', NULL, '15:59:23', 185, '', '2017-05-23 03:01:47', 245, 23, 28),
(169, '2017-02-17 16:00:00', 1.4535, 1.45425, 1.4525, 1.453, '16:00:58', NULL, '15:59:02', 185, '', '2017-05-23 03:03:26', 245, 23, 28),
(170, '2016-03-16 16:00:00', 1.507, 1.506, 1.506, 1.506, '16:00:58', '15:59:02', NULL, 149, '', '2017-05-23 04:10:50', 196, 11, 16),
(171, '2016-03-17 16:00:00', 1.504, 1.504, 1.504, 1.504, '16:00:23', '15:59:28', NULL, 164, '', '2017-05-23 04:13:55', 196, 11, 16),
(172, '2016-03-18 16:00:00', 1.504, 1.504, 1.504, 1.504, NULL, '18:50:57', NULL, NULL, '', '2017-05-23 04:15:25', 196, 11, 16),
(173, '2016-03-19 16:00:00', 1.385, 1.385, 1.384, 1.385, '18:33:47', NULL, NULL, 183, '', '2017-05-23 04:17:18', 173, 11, 16),
(174, '2016-03-20 16:00:00', 1.384, 1.385, 1.385, 1.385, '16:00:47', '15:59:53', NULL, 159, '', '2017-05-23 04:19:21', 173, 11, 16),
(175, '2017-04-17 16:00:00', 1.293, 1.293, 1.2935, 1.293, '19:36:19', NULL, NULL, 25, 'Battery 12.97 v', '2017-05-24 04:37:18', 389, 15, 12),
(176, '2017-04-18 16:00:00', 1.293, 1.294, 1.294, 1.294, '16:00:14', '15:59:18', NULL, 25, '', '2017-05-24 04:39:09', 389, 15, 12),
(177, '2017-04-19 16:00:00', 1.293, 1.2935, 1.294, 1.2935, '16:00:11', '15:59:14', NULL, 25, '', '2017-05-24 04:40:42', 389, 15, 12),
(178, '2017-04-20 16:00:00', 1.293, 1.2935, 1.294, 1.293, '16:00:31', '23:04:34', NULL, 25, '', '2017-05-24 04:42:06', 389, 15, 12),
(179, '2017-04-20 16:00:00', 1.327, 1.3275, 1.3275, 1.3275, '16:00:07', '22:04:11', NULL, 165, '', '2017-05-24 04:43:39', 255, 14, 28),
(180, '2017-04-19 16:00:00', 1.327, 1.3275, 1.3275, 1.328, '16:00:23', '15:59:29', NULL, 165, '', '2017-05-24 04:54:56', 255, 14, 28),
(181, '2017-04-18 16:00:00', 1.3275, 1.328, 1.328, 1.3275, '16:00:56', '15:59:01', NULL, 165, '', '2017-05-24 04:56:42', 255, 14, 28),
(182, '2017-04-17 16:00:00', 1.3275, 1.328, 1.328, 1.3275, '21:34:25', NULL, NULL, 165, '', '2017-05-24 04:57:54', 255, 14, 28),
(183, '2017-04-20 16:00:00', 1.476, 1.476, 1.4755, 1.4765, '16:00:05', '20:17:09', NULL, NULL, '', '2017-05-24 04:59:41', 252, 11, 24),
(184, '2017-04-19 16:00:00', 1.4765, 1.4765, 1.4765, 1.4765, '16:00:51', '15:59:55', NULL, NULL, '', '2017-05-24 05:01:21', 252, 11, 24),
(185, '2017-04-18 16:00:00', 1.4765, 1.4765, 1.4765, 1.4765, '16:00:30', '15:59:34', NULL, NULL, '', '2017-05-24 05:03:00', 252, 11, 24),
(186, '2017-04-17 16:00:00', 1.4765, 1.4765, 1.4765, 1.4765, '23:37:05', '15:59:23', NULL, NULL, '', '2017-05-24 05:04:52', 252, 11, 24),
(187, '2017-04-20 16:00:00', 1.49, 1.49, 1.491, 1.491, '16:00:45', '21:04:49', NULL, 156, '', '2017-05-24 05:09:17', 245, 16, 22),
(188, '2017-04-20 16:00:00', 1.49, 1.49, 1.491, 1.491, '16:00:04', '21:04:08', NULL, 156, '', '2017-05-24 05:10:45', 245, 16, 22),
(189, '2017-04-19 16:00:00', 1.49, 1.4905, 1.491, 1.491, '16:00:52', '15:59:56', NULL, 156, '', '2017-05-24 05:12:23', 245, 16, 22),
(190, '2017-04-18 16:00:00', 1.49, 1.49, 1.491, 1.491, '16:00:17', '15:59:20', NULL, 156, '', '2017-05-24 05:13:46', 245, 16, 22),
(191, '2017-04-17 16:00:00', 1.4895, 1.49, 1.49, 1.49, '22:44:34', '15:59:41', NULL, 156, '', '2017-05-24 05:16:07', 245, 16, 22),
(192, '2017-04-20 16:00:00', 1.321, 1.321, 1.3215, 1.321, '16:00:07', '17:54:13', NULL, 173, '', '2017-05-24 05:17:39', 249, 23, 20),
(193, '2016-03-21 16:00:00', 1.385, 1.385, 1.384, 1.385, '16:00:14', '15:59:17', NULL, NULL, '', '2017-05-24 05:29:48', 173, 11, 16),
(194, '2016-03-22 16:00:00', 1.456, 1.456, 1.456, 1.457, '16:00:53', '19:35:58', NULL, NULL, '', '2017-05-24 05:31:27', 173, 18, 10),
(195, '2016-03-22 16:00:00', 1.384, 1.385, 1.385, 1.385, '16:00:56', '17:44:59', NULL, 177, '', '2017-05-24 05:33:32', 173, 11, 16),
(196, '2016-03-15 16:00:00', 1.509, 1.509, 1.511, 1.509, '17:10:04', '15:59:10', NULL, 0, '', '2017-05-24 05:36:05', 195, 8, 27),
(197, '2016-03-16 16:00:00', 1.509, 1.509, 1.51, 1.51, '16:00:52', '16:43:57', NULL, 0, '', '2017-05-24 05:38:29', 195, 8, 27),
(198, '2016-03-17 16:00:00', 1.509, 1.509, 1.509, 1.509, '16:43:02', '15:59:10', NULL, 0, '', '2017-05-24 05:45:38', 195, 8, 27),
(199, '2016-03-18 16:00:00', 1.509, 1.509, 1.508, 1.51, '16:00:29', '17:57:37', NULL, 1, '', '2017-05-24 05:47:47', 195, 8, 27),
(200, '2016-03-18 16:00:00', 1.509, 1.508, 1.51, 1.51, '16:00:44', '17:57:49', NULL, 0, '', '2017-05-24 05:49:20', 195, 8, 27),
(201, '2016-03-15 16:00:00', 1.292, 1.292, 1.293, 1.293, '01:45:23', '15:59:28', NULL, 22, '', '2017-05-24 05:51:55', 174, 13, 9),
(202, '2016-03-16 16:00:00', 1.292, 1.292, 1.292, 1.292, '16:00:51', '15:59:55', NULL, 336, '', '2017-05-24 05:59:21', 174, 13, 9),
(203, '2016-03-17 16:00:00', 1.292, 1.292, 1.293, 1.292, '16:00:23', NULL, NULL, 333, '', '2017-05-24 06:00:52', 174, 13, 9),
(204, '2016-03-18 16:00:00', 1.284, 1.287, 1.291, 1.289, NULL, '01:21:17', NULL, 14, '', '2017-05-24 06:02:47', 174, 13, 9),
(205, '2016-03-15 16:00:00', 1.45275, 1.4525, 1.45325, 1.45325, '20:06:56', '15:59:01', NULL, NULL, '', '2017-05-24 06:30:39', 192, 23, 18),
(206, '2016-03-16 16:00:00', 1.4505, 1.4505, 1.451, 1.45075, '16:00:30', '15:59:34', NULL, 240, '', '2017-05-24 06:31:59', 192, 23, 18),
(207, '2016-03-17 16:00:00', 1.45, 1.45, 1.45, 1.45, '16:00:44', '17:35:48', NULL, NULL, '', '2017-05-24 06:33:20', 192, 23, 18),
(208, '2016-03-17 16:00:00', 1.45, 1.45, 1.45, 1.45, '17:40:28', '15:59:33', NULL, NULL, '', '2017-05-24 06:35:09', 192, 23, 20),
(209, '2016-03-15 16:00:00', 1.271, 1.271, 1.272, 1.271, '21:33:46', '15:59:54', NULL, 340, '', '2017-05-24 06:43:21', 167, 18, 10),
(210, '2016-03-16 16:00:00', 1.269, 1.27, 1.27, 1.27, '16:00:29', '15:59:35', NULL, 320, '', '2017-05-24 06:45:02', 167, 18, 10),
(211, '2016-03-17 16:00:00', 1.27, 1.27, 1.27, 1.27, '16:00:20', '15:59:23', NULL, 320, '', '2017-05-24 06:46:52', 167, 18, 10),
(212, '2016-03-18 16:00:00', 1.27, 1.27, 1.27, 1.271, NULL, '21:43:48', NULL, NULL, '', '2017-05-24 06:48:19', 167, 18, 10),
(213, '2016-03-19 16:00:00', 1.456, 1.459, 1.457, 1.457, '22:03:13', NULL, NULL, 0, '', '2017-05-24 06:49:42', 170, 18, 10),
(214, '2016-03-20 16:00:00', 1.455, 1.455, 1.454, 1.454, '16:00:48', '15:59:52', NULL, NULL, '', '2017-05-24 06:52:23', 170, 18, 10),
(215, '2016-03-21 16:00:00', 1.455, 1.455, 1.454, 1.454, '16:00:00', '15:59:04', NULL, NULL, '', '2017-05-24 06:54:30', 170, 18, 10),
(216, '2016-03-15 16:00:00', 1.188, 1.188, 1.188, 1.188, '17:46:22', '15:59:28', NULL, NULL, '', '2017-05-24 06:56:30', 193, 16, 28),
(217, '2016-03-16 16:00:00', 1.188, 1.188, 1.188, 1.188, '16:00:27', '15:59:31', NULL, 180, '', '2017-05-24 06:59:58', 193, 16, 28),
(218, '2016-03-17 16:00:00', 1.188, 1.188, 1.188, 1.188, '16:00:11', '15:59:15', NULL, 190, '', '2017-05-24 07:01:40', 193, 16, 28),
(219, '2016-03-17 16:00:00', 1.188, 1.188, 1.188, 1.188, '16:00:01', '15:59:06', NULL, 190, '', '2017-05-24 07:07:33', 193, 16, 28),
(220, '2016-03-18 16:00:00', 1.187, 1.188, 1.188, 1.188, '16:00:03', '17:50:07', NULL, NULL, '', '2017-05-24 07:10:37', 193, 16, 28),
(221, '2016-03-16 16:00:00', 1.4595, 1.45975, 1.4605, 1.4605, '19:00:20', NULL, NULL, NULL, '', '2017-05-24 07:18:48', 205, 23, 24),
(222, '2016-03-17 16:00:00', 1.459, 1.4595, 1.46, 1.4595, '16:00:54', '15:59:57', NULL, 80, '', '2017-05-24 07:20:23', 205, 23, 24),
(223, '2016-03-18 16:00:00', 1.459, 1.4595, 1.46, 1.4595, '16:00:33', '19:47:37', NULL, NULL, '', '2017-05-24 07:24:07', 205, 23, 24),
(224, '2016-03-19 16:00:00', 1.1565, 1.1565, 1.1565, 1.1565, '21:43:40', '15:59:46', NULL, 285, '', '2017-05-24 07:26:14', 166, 23, 24),
(225, '2016-03-20 16:00:00', 1.156, 1.156, 1.156, 1.156, '16:00:06', '18:10:11', NULL, 285, '', '2017-05-24 07:27:39', 166, 23, 24),
(226, '2016-03-20 16:00:00', 1.156, 1.156, 1.156, 1.156, '18:12:32', '15:59:38', NULL, 285, '', '2017-05-24 07:32:04', 166, 23, 24),
(227, '2016-03-20 16:00:00', 1.156, 1.156, 1.156, 1.156, '18:12:15', '15:59:21', NULL, 285, '', '2017-05-24 07:35:48', 166, 23, 24),
(228, '2016-03-21 16:00:00', 1.155, 1.155, 1.155, 1.155, '16:00:04', '15:59:08', NULL, 285, '', '2017-05-24 07:39:37', 166, 23, 24),
(229, '2016-03-22 16:00:00', 1.1545, 1.1545, 1.155, 1.155, '16:00:04', '16:51:07', NULL, 285, '', '2017-05-24 07:43:37', 166, 23, 24),
(230, '2016-04-13 16:00:00', 1.5075, 1.5125, 1.5125, 1.52, '03:23:51', '15:59:59', NULL, NULL, '', '2017-05-25 00:06:04', 341, 19, 22),
(238, '2016-04-14 16:00:00', 1.51, 1.5125, 1.52, 1.52, '16:00:56', '15:59:00', NULL, 0, '', '2017-05-25 00:08:29', 341, 19, 22),
(239, '2016-04-15 16:00:00', 1.5015, 1.502, 1.502, 1.5025, '16:00:08', '15:59:12', NULL, NULL, '', '2017-05-25 00:10:36', 341, 19, 22),
(240, '2016-04-16 16:00:00', 1.5025, 1.5015, 1.5025, 1.5025, '16:00:39', '15:59:42', NULL, NULL, '', '2017-05-25 00:12:08', 341, 19, 22),
(241, '2016-04-18 16:00:00', 1.51575, 1.516, 1.5165, 1.517, '21:27:19', '15:59:28', NULL, 355, '', '2017-05-25 00:14:52', 52, 19, 22),
(242, '2016-04-19 16:00:00', 1.5155, 1.5155, 1.51625, 1.5165, '16:00:00', '15:59:06', NULL, NULL, '', '2017-05-25 00:16:38', 52, 19, 22),
(243, '2016-04-20 16:00:00', 1.515, 1.5155, 1.5165, 1.5165, '16:00:43', '15:59:47', NULL, NULL, '', '2017-05-25 00:20:13', 52, 19, 22),
(244, '2016-04-21 16:00:00', 1.515, 1.515, 1.5165, 1.5165, '16:00:50', '15:59:54', NULL, NULL, '', '2017-05-25 00:22:18', 52, 19, 22),
(245, '2016-04-13 16:00:00', 1.438, 1.438, 1.438, 1.438, '23:20:02', '15:59:08', NULL, 220, '', '2017-05-25 00:30:35', 263, 5, 20),
(246, '2016-04-14 16:00:00', 1.438, 1.438, 1.438, 1.438, '16:00:40', '15:59:43', NULL, NULL, '', '2017-05-25 00:32:07', 263, 5, 20),
(247, '2016-04-15 16:00:00', 1.438, 1.438, 1.438, 1.438, '16:00:32', '15:59:36', NULL, NULL, '', '2017-05-25 00:34:02', 263, 5, 20),
(248, '2016-04-16 16:00:00', 1.4375, 1.4375, 1.4375, 1.4375, '16:00:26', '15:59:33', NULL, NULL, '', '2017-05-25 00:35:57', 263, 5, 20),
(249, '2016-04-17 16:00:00', 1.437, 1.437, 1.4375, 1.43775, '16:00:24', '18:51:30', NULL, NULL, '', '2017-05-25 00:38:03', 263, 5, 20),
(250, '2016-04-18 16:00:00', 1.542, 1.54275, 1.54275, 1.542, '17:05:00', '15:59:06', NULL, 280, '', '2017-05-25 00:39:30', 264, 5, 20),
(251, '2016-04-19 16:00:00', 1.532, 1.5325, 1.5325, 1.532, '16:00:10', '15:59:13', NULL, NULL, '', '2017-05-25 00:43:36', 264, 5, 20),
(252, '2016-04-20 16:00:00', 1.532, 1.5325, 1.5325, 1.532, '16:00:24', '15:59:27', NULL, NULL, '', '2017-05-25 00:47:24', 264, 5, 20),
(253, '2016-04-21 16:00:00', 1.532, 1.53175, 1.53225, 1.532, '16:00:24', '15:59:27', NULL, NULL, '', '2017-05-25 00:57:51', 264, 5, 20),
(254, '2016-04-14 16:00:00', 1.37525, 1.37525, 1.375, 1.37525, '21:30:21', '15:59:27', NULL, 185, '', '2017-05-25 03:07:52', 262, 16, 28),
(255, '2016-04-15 16:00:00', 1.37525, 1.375, 1.375, 1.37525, '16:00:10', '15:59:15', NULL, NULL, '', '2017-05-25 03:09:39', 262, 16, 28),
(256, '2016-04-16 16:00:00', 1.37525, 1.375, 1.375, 1.37525, '16:00:54', '15:59:57', NULL, NULL, '', '2017-05-25 03:11:21', 262, 16, 28),
(257, '2016-04-17 16:00:00', 1.3745, 1.3745, 1.3745, 1.375, '16:00:18', '21:05:22', NULL, NULL, '', '2017-05-25 03:12:49', 262, 16, 28),
(258, '2016-04-18 16:00:00', 1.38425, 1.387, 1.387, 1.386, '19:28:41', '15:59:51', NULL, 320, '', '2017-05-25 03:14:15', 103, 16, 28),
(259, '2016-04-19 16:00:00', 1.384, 1.385, 1.3865, 1.3855, '16:00:44', '15:59:48', NULL, NULL, '', '2017-05-25 03:16:11', 103, 16, 28),
(260, '2016-04-20 16:00:00', 1.3845, 1.3855, 1.3865, 1.3855, '16:00:51', '15:59:55', NULL, 320, '', '2017-05-25 03:17:20', 103, 16, 28),
(261, '2016-04-21 16:00:00', 1.3845, 1.38575, 1.3865, 1.38575, '16:00:19', '15:59:22', NULL, NULL, '', '2017-05-25 03:18:55', 103, 16, 28),
(262, '2016-04-22 16:00:00', 1.386, 1.387, 1.388, 1.387, '19:09:10', '15:59:17', NULL, NULL, '', '2017-05-25 04:26:18', 35, 16, 28),
(263, '2016-04-23 16:00:00', 1.38625, 1.3875, 1.388, 1.875, '16:00:34', '15:59:39', NULL, NULL, '', '2017-05-25 04:30:04', 35, 16, 28),
(264, '2016-04-24 16:00:00', 1.3865, 1.387, 1.38725, 1.388, '16:00:04', '15:59:11', NULL, NULL, '', '2017-05-25 04:31:34', 35, 16, 28),
(265, '2016-04-26 16:00:00', 1.3865, 1.38675, 1.38725, 1.38775, '16:00:27', '18:34:30', NULL, NULL, '', '2017-05-25 04:32:56', 35, 16, 28),
(266, '2016-05-22 16:00:00', 1.154, 1.155, 1.155, 1.156, '20:49:55', '18:10:03', NULL, 29, '', '2017-05-25 04:39:32', 268, 16, 28),
(267, '2016-05-23 16:00:00', 1.156, 1.156, 1.156, 1.156, '18:19:11', '17:52:16', NULL, 140, '', '2017-05-25 04:42:37', 268, 16, 28),
(268, '2016-05-24 16:00:00', 1.403, 1.403, 1.403, 1.403, '22:22:40', '17:45:46', NULL, 350, '', '2017-05-25 04:44:11', 349, 16, 28),
(269, '2016-05-25 16:00:00', 1.4495, 1.4495, 1.45, 1.4505, '18:03:49', '17:09:54', NULL, 105, '', '2017-05-25 04:46:29', 349, 16, 28),
(270, '2016-05-26 16:00:00', 1.285, 1.285, 1.285, 1.285, '19:21:24', '16:00:30', NULL, 190, '', '2017-05-25 04:47:53', 112, 16, 28),
(271, '2016-05-27 16:00:00', 1.285, 1.285, 1.2855, 1.286, '16:13:10', '16:00:15', NULL, 305, '', '2017-05-25 04:49:37', 112, 16, 28),
(272, '2016-05-28 16:00:00', 1.1535, 1.154, 1.1545, 1.154, '19:13:01', '17:10:07', NULL, 212, '', '2017-05-25 04:52:37', 108, 16, 28),
(273, '2016-05-29 16:00:00', 1.15, 1.1505, 1.151, 1.151, '17:26:20', '17:03:26', NULL, 315, '', '2017-05-25 05:02:20', 108, 16, 28),
(274, '2016-05-30 16:00:00', 1.183, 1.183, 1.183, 1.183, '22:36:13', '17:24:21', NULL, 210, '', '2017-05-25 05:03:50', 269, 16, 28),
(275, '2016-05-31 16:00:00', 1.124, 1.124, 1.125, 1.125, '17:37:56', '17:02:01', NULL, 310, '', '2017-05-25 05:05:26', 269, 16, 28),
(276, '2016-06-01 16:00:00', 1.2445, 1.245, 1.246, 1.245, '20:05:56', '16:14:04', NULL, 283, '', '2017-05-25 05:07:31', 228, 16, 28),
(277, '2016-06-02 16:00:00', 1.343, 1.343, 1.3435, 1.3435, '18:16:18', '17:18:29', NULL, 314, '', '2017-05-25 05:09:54', 155, 16, 28),
(278, '2016-05-22 16:00:00', 1.322, 1.322, 1.323, 1.3225, '23:48:08', '16:00:16', NULL, 45, '', '2017-05-25 05:11:39', 270, 14, 12),
(279, '2016-05-23 16:00:00', 1.3165, 1.3165, 1.3165, 1.3165, '16:09:23', '16:00:28', NULL, 165, '', '2017-05-25 05:12:51', 270, 14, 12),
(280, '2016-05-24 16:00:00', 1.365, 1.366, 1.366, 1.365, '23:58:21', '16:00:27', NULL, 158, '', '2017-05-25 05:48:51', 39, 14, 12),
(281, '2016-05-25 16:00:00', 1.365, 1.365, 1.3665, 1.366, '16:14:03', '16:00:08', NULL, 275, '', '2017-05-25 06:01:48', 39, 14, 12),
(282, '2016-05-28 16:00:00', 1.197, 1.197, 1.197, 1.197, '21:10:36', '16:00:41', NULL, 370, '', '2017-05-25 06:04:05', 8, 16, 12),
(283, '2016-05-29 16:00:00', 1.197, 1.197, 1.197, 1.197, '16:07:49', '16:00:55', NULL, 145, '', '2017-05-25 06:05:17', 8, 16, 12),
(284, '2016-06-01 16:00:00', 1.2005, 1.2, 1.2, 1.20005, '23:21:43', '19:38:50', NULL, 346, '', '2017-05-25 06:08:20', 12, 14, 12),
(285, '2016-06-02 16:00:00', 1.21, 1.21, 1.21, 1.21, '19:44:33', '16:00:38', NULL, 93, '', '2017-05-25 06:10:22', 12, 14, 12),
(286, '2016-05-22 16:00:00', 1.377, 1.378, 1.378, 1.378, '23:10:07', '15:59:12', NULL, NULL, '', '2017-05-25 06:16:38', 151, 9, 38),
(287, '2016-05-23 16:00:00', 1.642, 1.642, 1.642, 1.642, '19:12:23', '15:59:30', NULL, NULL, '', '2017-05-25 06:26:53', 427, 9, 38),
(288, '2016-05-25 07:02:46', 1.642, 1.642, 1.642, 1.642, '16:00:27', '15:46:31', NULL, NULL, '', '2017-05-25 06:32:58', 427, 9, 38),
(289, '2016-05-25 07:09:25', 1.642, 1.642, 1.642, 1.642, '16:00:01', '15:46:04', NULL, NULL, '', '2017-05-25 06:53:33', 427, 9, 38),
(290, '2016-05-25 16:00:00', 1.363, 1.363, 1.365, 1.365, '23:23:21', '15:59:30', NULL, NULL, '', '2017-05-25 06:55:54', 208, 9, 38),
(291, '2016-05-26 16:00:00', 1.363, 1.364, 1.365, 1.365, '16:00:23', '15:59:27', NULL, NULL, '', '2017-05-25 06:59:51', 208, 9, 38),
(292, '2016-05-27 16:00:00', 1.509, 1.509, 1.51, 1.51, '19:20:20', '15:59:24', NULL, 350, '', '2017-05-25 07:01:50', 87, 9, 38),
(293, '2016-05-28 16:00:00', 1.509, 1.509, 1.51, 1.51, '16:00:55', '15:59:58', NULL, 350, '', '2017-05-25 07:03:21', 87, 9, 38),
(294, '2016-05-29 16:00:00', 1.445, 1.445, 1.446, 1.445, '20:43:37', '15:59:43', NULL, 135, '', '2017-05-25 07:06:07', 156, 9, 38),
(295, '2016-06-01 16:00:00', 1.469, 1.469, 1.469, 1.469, '20:12:08', '15:59:15', NULL, 110, '', '2017-05-25 07:07:41', 437, 9, 38),
(296, '2016-05-22 16:00:00', 1.417, 1.4165, 1.417, 1.417, '00:12:33', '15:35:40', NULL, 50, '', '2017-05-25 07:10:06', 340, 23, 24),
(297, '2016-05-23 16:00:00', 1.416, 1.415, 1.417, 1.417, '16:00:16', '15:15:18', NULL, 175, '', '2017-05-25 07:11:42', 340, 23, 24),
(298, '2016-05-24 16:00:00', 1.435, 1.435, 1.435, 1.435, '19:48:49', '15:37:56', NULL, 65, '', '2017-05-25 07:13:28', 110, 23, 24),
(299, '2016-05-25 16:00:00', 1.412, 1.411, 1.412, 1.412, '00:27:01', '14:40:07', NULL, 105, '', '2017-05-25 07:15:32', 99, 23, 24),
(300, '2016-05-26 16:00:00', 1.525, 1.524, 1.525, 1.525, '00:15:20', '15:57:39', NULL, 260, '', '2017-05-25 07:20:04', 272, 23, 24),
(301, '2016-05-27 16:00:00', 1.365, 1.365, 1.365, 1.365, '18:17:08', '15:59:15', NULL, 205, '', '2017-05-25 07:21:38', 171, 23, 24),
(302, '2016-05-28 16:00:00', 1.358, 1.358, 1.358, 1.358, '17:58:00', '15:59:10', NULL, 80, '', '2017-05-25 07:25:33', 171, 23, 24),
(303, '2016-05-29 16:00:00', 1.328, 1.328, 1.329, 1.328, '18:38:50', '15:59:57', NULL, 184, '', '2017-05-26 00:11:31', 82, 23, 24),
(304, '2016-05-29 16:00:00', 1.328, 1.328, 1.329, 1.328, '18:38:50', '15:59:57', NULL, 184, '', '2017-05-26 00:11:34', 82, 23, 24),
(305, '2016-05-30 16:00:00', 1.328, 1.328, 1.329, 1.329, '19:46:21', '15:59:33', NULL, 300, '', '2017-05-26 00:39:57', 82, 23, 24),
(306, '2016-05-31 16:00:00', 1.283, 1.283, 1.283, 1.283, '21:11:20', '15:59:29', NULL, 90, '', '2017-05-26 00:44:51', 392, 23, 24),
(307, '2016-06-01 16:00:00', 1.282, 1.282, 1.283, 1.283, '20:10:25', '15:59:31', NULL, 330, '', '2017-05-26 00:48:00', 392, 23, 24),
(308, '2016-06-01 16:00:00', 1.282, 1.282, 1.283, 1.283, '20:10:25', '15:59:31', NULL, 330, '', '2017-05-26 00:48:01', 392, 23, 24),
(309, '2016-05-22 16:00:00', 1.211, 1.211, 1.211, 1.211, '21:10:28', '15:59:34', NULL, 280, '', '2017-05-26 00:50:00', 381, 11, 16),
(310, '2016-05-23 16:00:00', 1.227, 1.2275, 1.228, 1.228, '17:45:03', '15:59:11', NULL, 167, '', '2017-05-26 01:25:36', 381, 11, 16),
(311, '2016-05-23 16:00:00', 1.227, 1.2275, 1.228, 1.228, '17:45:39', '15:59:46', NULL, 167, '', '2017-05-26 01:33:10', 381, 11, 16),
(312, '2016-05-24 16:00:00', 1.237, 1.237, 1.238, 1.237, '01:25:29', '14:21:06', NULL, 185, '', '2017-05-26 02:14:15', 153, 11, 16),
(313, '2016-05-26 16:00:00', 1.513, 1.513, 1.514, 1.513, '23:35:02', '15:41:09', NULL, 132, '', '2017-05-26 02:17:35', 78, 11, 16),
(314, '2016-05-27 16:00:00', 1.388, 1.389, 1.389, 1.388, '17:09:02', '15:59:09', NULL, 5, '', '2017-05-26 05:05:33', 32, 11, 16),
(315, '2016-05-27 16:00:00', 1.388, 1.389, 1.389, 1.388, '17:09:36', '15:59:46', NULL, 5, '', '2017-05-26 05:08:10', 32, 11, 16),
(331, '2016-05-28 16:00:00', 1.389, 1.39, 1.39, 1.39, '16:47:47', '15:59:53', NULL, 138, '', '2017-05-26 05:11:43', 32, 11, 16),
(332, '2016-05-28 16:00:00', 1.389, 1.39, 1.39, 1.39, '16:47:47', '15:59:53', NULL, 138, '', '2017-05-26 05:11:48', 32, 11, 16),
(334, '2016-05-28 16:00:00', 1.389, 1.39, 1.39, 1.39, '16:47:47', '15:59:53', NULL, 138, '', '2017-05-26 05:12:14', 32, 11, 16),
(335, '2016-05-29 16:00:00', 1.289, 1.289, 1.29, 1.289, '20:15:10', '15:59:19', NULL, 230, '', '2017-05-26 05:15:42', 235, 11, 16),
(336, '2016-05-31 16:00:00', 1.425, 1.425, 1.425, 1.425, '23:42:17', '15:59:24', NULL, 200, '', '2017-05-26 05:17:50', 176, 11, 16),
(337, '2016-06-01 16:00:00', 1.425, 1.425, 1.425, 1.425, '21:35:18', '15:00:23', NULL, 330, '', '2017-05-26 05:19:47', 176, 11, 16),
(338, '2016-05-23 16:00:00', 1.0725, 1.0725, 1.072, 1.073, '01:41:54', '15:59:04', NULL, 266, '', '2017-05-26 05:40:40', 158, 8, 27),
(339, '2016-05-29 16:00:00', 0.933, 0.933, 0.934, 0.9325, NULL, '15:59:05', NULL, 310, '', '2017-05-26 05:42:27', 101, 8, 27),
(341, '2016-05-25 16:00:00', 1.159, 1.159, 1.16, 1.16, '00:31:37', '15:59:25', NULL, NULL, '', '2017-05-26 05:49:19', 11, 19, 22),
(342, '2016-05-26 16:00:00', 1.159, 1.16, 1.161, 1.16, '16:00:42', '15:59:47', NULL, NULL, '', '2017-05-26 05:51:13', 11, 19, 22),
(343, '2016-05-27 16:00:00', 1.432, 1.433, 1.433, 1.433, '22:15:06', '15:59:53', NULL, 210, '', '2017-05-26 05:53:35', 86, 19, 22),
(344, '2016-05-28 16:00:00', 1.432, 1.433, 1.433, 1.433, '16:00:09', '02:26:13', NULL, 210, '', '2017-05-26 05:55:39', 86, 19, 22),
(345, '2016-05-30 16:00:00', 1.353, 1.353, 1.354, 1.354, '23:16:13', '15:59:21', NULL, 190, '', '2017-05-26 05:57:48', 403, 19, 22),
(346, '2016-05-27 16:00:00', 1.47, 1.47, 1.47, 1.47, '20:32:28', '17:49:34', NULL, 124, '', '2017-05-26 06:02:00', 45, 5, 20),
(347, '2016-05-28 16:00:00', 1.3615, 1.361, 1.3615, 1.362, '01:28:31', '15:47:41', NULL, 58, '', '2017-05-26 06:05:06', 322, 5, 20),
(348, '2016-05-29 16:00:00', 1.3095, 1.3095, 1.31, 1.31, '01:11:33', '15:44:38', NULL, 39, '', '2017-05-26 06:07:21', 96, 5, 20),
(349, '2016-05-30 16:00:00', 1.218, 1.218, 1.2185, 1.218, '21:45:52', '19:04:00', NULL, 15, '', '2017-05-26 06:09:26', 67, 5, 20),
(350, '2016-05-27 16:00:00', 1.425, 1.425, 1.425, 1.426, '23:27:03', NULL, NULL, 304, '', '2017-05-26 06:12:28', 322, 18, 10),
(351, '2016-05-28 16:00:00', 1.299, 1.299, 1.299, 1.2995, '23:54:48', '22:57:57', NULL, 351, '', '2017-05-26 06:15:26', 310, 18, 10),
(352, '2016-05-30 16:00:00', 1.3665, 1.367, 1.367, 1.367, '00:57:12', '15:03:17', NULL, 58, '', '2017-05-26 06:17:41', 324, 18, 10),
(353, '2016-06-01 16:00:00', 1.423, 1.423, 1.423, 1.424, '22:54:28', '14:40:35', NULL, 61, '', '2017-05-26 06:20:58', 42, 18, 10),
(354, '2016-05-29 16:00:00', 1.433, 1.433, 1.434, 1.434, '22:05:35', '15:39:44', NULL, 240, '', '2017-05-26 07:07:07', 29, 19, 22),
(357, '2016-05-30 16:00:00', 1.3925, 1.3925, 1.3925, 1.3925, '23:53:46', '16:00:53', NULL, 96, '', '2017-05-26 07:49:46', 79, 16, 12),
(359, '2016-05-31 16:00:00', 1.3885, 1.389, 1.3895, 1.389, '16:07:38', '16:00:47', NULL, NULL, '', '2017-05-26 07:53:44', 79, 16, 12),
(360, '2016-06-12 16:00:00', 1.362, 1.3625, 1.3625, 1.3615, '21:11:00', '15:59:06', NULL, 80, '', '2017-06-01 00:15:10', 354, 5, 20),
(361, '2016-06-12 16:00:00', 1.362, 1.3625, 1.3625, 1.3615, '21:11:00', '15:59:06', NULL, 80, '', '2017-06-01 00:15:10', 354, 5, 20),
(362, '2016-06-15 16:00:00', 1.3625, 1.3625, 1.3625, 1.3615, NULL, NULL, NULL, 80, '12.3V Battery', '2017-06-01 00:17:50', 354, 5, 20),
(363, '2016-06-15 16:00:00', 1.3625, 1.3625, 1.3625, 1.3615, NULL, NULL, NULL, 80, '12.3V Battery', '2017-06-01 00:19:21', 354, 5, 20),
(364, '2016-06-15 16:00:00', 1.3625, 1.3625, 1.3625, 1.3615, NULL, NULL, NULL, 80, '12.3V Battery', '2017-06-01 00:21:28', 354, 5, 20),
(365, '2016-06-14 16:00:00', 1.363, 1.3625, 1.3625, 1.3615, '16:00:29', '15:59:32', NULL, 80, '', '2017-06-01 00:26:29', 354, 5, 20),
(366, '2016-06-15 16:00:00', 1.363, 1.363, 1.363, 1.3635, '16:00:23', '18:27:28', NULL, 80, '', '2017-06-01 00:34:25', 354, 5, 20),
(367, '2016-06-12 16:00:00', 1.264, 1.265, 1.266, 1.2655, '19:26:57', '15:59:03', NULL, 40, '', '2017-06-01 00:39:01', 436, 13, 27),
(368, '2016-06-12 16:00:00', 1.2645, 1.265, 1.266, 1.2655, '16:00:35', '15:59:40', NULL, 40, '', '2017-06-01 00:40:38', 436, 13, 27),
(369, '2016-06-12 16:00:00', 1.2645, 1.265, 1.266, 1.2655, '16:00:00', '15:59:00', NULL, 40, '', '2017-06-01 00:59:28', 436, 13, 27),
(370, '2016-06-14 16:00:00', 1.265, 1.266, 1.267, 1.267, '20:16:00', '15:59:00', NULL, 40, '', '2017-06-01 01:01:53', 436, 13, 27),
(371, '2016-06-12 16:00:00', 1.265, 1.266, 1.267, 1.267, '20:16:00', '15:59:00', NULL, 40, '', '2017-06-01 01:09:29', 436, 13, 27),
(372, '2016-06-15 16:00:00', 1.265, 1.265, 1.2655, 1.2645, '16:00:00', '20:30:00', NULL, 40, '', '2017-06-01 02:30:25', 436, 13, 27),
(373, '2016-06-12 16:00:00', 1.334, 1.334, 1.3345, 1.3345, '23:03:00', '15:59:00', NULL, 130, '', '2017-06-01 04:15:58', 358, 14, 28),
(374, '2016-06-13 16:00:00', 1.3335, 1.334, 1.3345, 1.3345, '16:00:00', '15:59:00', NULL, NULL, '', '2017-06-01 04:23:56', 358, 14, 28),
(375, '2016-06-14 16:00:00', 1.334, 1.3345, 1.335, 1.335, '16:00:00', '17:30:00', NULL, 130, '', '2017-06-01 04:26:00', 358, 14, 28),
(376, '2016-06-12 16:00:00', 1.489, 1.49, 1.49, 1.49, '01:30:00', '15:59:00', NULL, 330, '', '2017-06-01 04:31:34', 57, 18, 10),
(377, '2016-06-12 16:00:00', 1.489, 1.49, 1.49, 1.49, '01:30:00', '15:59:00', NULL, 330, '', '2017-06-01 04:33:54', 57, 18, 10),
(378, '2016-06-13 16:00:00', 1.49, 1.49, 1.49, 1.49, '16:00:00', '15:59:00', NULL, NULL, '', '2017-06-01 04:48:41', 57, 18, 10),
(379, '2016-06-15 16:00:00', 1.4895, 1.49, 1.49, 1.4905, '16:00:00', '16:07:00', NULL, NULL, '', '2017-06-01 04:50:22', 57, 18, 10),
(380, '2016-06-13 16:00:00', 1.531, 1.5315, 1.531, 1.5315, '17:10:00', '00:00:00', NULL, NULL, '', '2017-06-01 04:52:43', 61, 19, 22),
(381, '2016-06-15 16:00:00', 1.531, 1.532, 1.532, 1.532, '16:00:00', '16:57:00', NULL, NULL, '', '2017-06-01 04:54:12', 61, 19, 22),
(382, '2016-06-13 16:00:00', 1.571, 1.571, 1.571, 1.571, '00:27:00', '00:00:00', NULL, NULL, '', '2017-06-01 04:58:34', 59, 16, 12),
(383, '2016-06-15 16:00:00', 1.572, 1.572, 1.573, 1.574, '16:00:00', '22:27:00', NULL, NULL, '', '2017-06-01 05:00:20', 59, 16, 12),
(384, '2016-06-13 16:00:00', 1.306, 1.3065, 1.3055, 1.3055, '18:14:00', '15:59:00', NULL, 20, '', '2017-06-01 05:02:56', 435, 11, 16),
(385, '2016-06-14 16:00:00', 1.306, 1.3065, 1.306, 1.3065, '16:00:00', '15:59:00', NULL, 10, '', '2017-06-01 05:05:05', 435, 11, 16),
(386, '2016-06-15 16:00:00', 1.306, 1.306, 1.306, 1.3055, '16:00:00', '16:19:00', NULL, 10, '', '2017-06-01 05:06:30', 435, 11, 16),
(387, '2016-06-15 16:00:00', 1.306, 1.306, 1.306, 1.3055, '16:00:00', '16:19:00', NULL, 10, '', '2017-06-01 05:06:31', 435, 11, 16),
(388, '2016-06-14 16:00:00', 0.9275, 0.928, 0.928, 0.928, '22:34:00', '15:59:00', NULL, 70, '', '2017-06-01 05:08:18', 364, 14, 28),
(389, '2016-06-15 16:00:00', 0.9275, 0.9275, 0.928, 0.928, '16:00:00', '15:59:00', NULL, 70, '', '2017-06-01 05:09:47', 364, 14, 28),
(390, '2016-06-16 16:00:00', 0.9275, 0.928, 0.928, 0.928, '16:00:00', '13:30:00', NULL, 70, '', '2017-06-01 05:11:43', 364, 14, 28),
(391, '2016-06-14 16:00:00', 1.586, 1.585, 1.586, 1.586, '18:33:00', '00:00:00', NULL, 70, '', '2017-06-01 05:26:11', 58, 23, 24),
(392, '2016-06-15 16:00:00', 1.586, 1.586, 1.586, 1.5865, '16:00:00', '19:47:00', NULL, NULL, '', '2017-06-01 05:27:52', 58, 23, 24),
(393, '2016-07-12 16:00:00', 1.366, 1.366, 1.367, 1.367, '18:50:00', '15:59:00', NULL, 315, 'Battery Voltage : 12.08V', '2017-06-01 05:42:39', 767, 14, 28),
(394, '2016-07-13 16:00:00', 1.366, 1.366, 1.367, 1.367, '18:00:00', '15:59:00', NULL, 315, '', '2017-06-01 05:45:37', 767, 14, 28),
(395, '2016-07-14 16:00:00', 1.366, 1.366, 1.367, 1.367, '17:54:00', '16:26:00', NULL, 315, 'Battery Voltage: 11.73V Change Battery\nBattery Voltage 12.55V', '2017-06-01 05:48:29', 767, 14, 28),
(396, '2016-07-15 16:00:00', 1.366, 1.366, 1.367, 1.367, '16:00:00', '16:26:00', NULL, 315, '', '2017-06-01 05:49:49', 767, 14, 28),
(397, '2016-07-15 16:00:00', 1.633, 1.633, 1.634, 1.634, '23:50:00', '15:59:00', NULL, 315, '', '2017-06-01 05:51:14', 636, 14, 28),
(398, '2016-07-16 16:00:00', 1.633, 1.633, 1.634, 1.634, '16:00:00', '15:59:00', NULL, 315, '', '2017-06-01 05:53:41', 636, 14, 28),
(399, '2016-07-17 16:00:00', 1.633, 1.633, 1.634, 1.634, '16:00:00', '15:59:00', NULL, 315, '', '2017-06-01 05:54:34', 636, 14, 28),
(400, '2016-07-17 16:00:00', 1.633, 1.633, 1.634, 1.634, '16:00:00', '15:59:00', NULL, 315, '', '2017-06-01 05:57:02', 636, 14, 28),
(401, '2016-07-18 16:00:00', 1.633, 1.633, 1.634, 1.634, '16:00:00', '16:53:00', NULL, 315, '', '2017-06-01 05:58:57', 636, 14, 28),
(402, '2016-07-18 16:00:00', 1.633, 1.633, 1.634, 1.634, '16:00:00', '16:53:00', NULL, 315, '', '2017-06-01 05:59:03', 636, 14, 28),
(403, '2016-07-18 16:00:00', 1.374, 1.374, 1.374, 1.374, '18:55:00', '15:59:00', NULL, 0, '', '2017-06-01 06:02:47', 357, 14, 28),
(404, '2016-07-19 16:00:00', 1.374, 1.374, 1.374, 1.374, '16:00:00', '15:59:00', NULL, 0, '', '2017-06-01 06:04:17', 357, 14, 28),
(405, '2016-07-19 16:00:00', 1.374, 1.374, 1.374, 1.374, '16:00:00', '15:59:00', NULL, 0, '', '2017-06-01 06:04:20', 357, 14, 28),
(406, '2016-07-20 16:00:00', 1.374, 1.374, 1.374, 1.374, '16:00:00', '15:59:00', NULL, 0, '', '2017-06-01 06:08:45', 357, 14, 28),
(407, '2016-07-21 16:00:00', 1.374, 1.374, 1.374, 1.374, '16:00:00', '19:01:00', NULL, 0, '', '2017-06-01 06:10:06', 357, 14, 28),
(408, '2016-07-21 16:00:00', 1.374, 1.374, 1.374, 1.374, '16:00:00', '19:01:00', NULL, 0, '', '2017-06-01 06:10:10', 357, 14, 28),
(409, '2016-07-21 16:00:00', 1.548, 1.548, 1.548, 1.548, '22:02:00', '15:59:00', NULL, 50, '', '2017-06-01 06:12:30', 584, 14, 28),
(410, '2016-07-22 16:00:00', 1.548, 1.547, 1.548, 1.548, '16:00:00', '15:59:00', NULL, 50, '', '2017-06-01 06:13:52', 584, 14, 28),
(411, '2016-07-22 16:00:00', 1.548, 1.547, 1.548, 1.548, '16:00:00', '15:59:00', NULL, 50, '', '2017-06-01 06:14:13', 584, 14, 28),
(412, '2016-07-23 16:00:00', 1.548, 1.547, 1.548, 1.548, '16:00:00', '15:59:00', NULL, 50, '', '2017-06-01 06:17:06', 584, 14, 28),
(413, '2016-07-24 16:00:00', 1.548, 1.547, 1.548, 1.548, '16:00:00', '15:59:00', NULL, 50, '', '2017-06-01 06:18:33', 584, 14, 28),
(414, '2016-07-25 16:00:00', 1.548, 1.547, 1.548, 1.548, '16:58:00', '15:59:00', NULL, 50, '', '2017-06-01 06:20:05', 584, 14, 28),
(415, '2016-07-26 16:00:00', 1.548, 1.547, 1.548, 1.548, '16:00:00', '17:33:00', NULL, 50, '', '2017-06-01 06:21:43', 584, 14, 28),
(416, '2016-07-12 16:00:00', 1.3, 1.3, 1.3, 1.3, '18:15:00', '15:59:00', NULL, 120, '', '2017-06-01 06:23:22', 237, 16, 12),
(417, '2016-07-13 16:00:00', 1.3, 1.31, 1.31, 1.31, '19:23:00', '15:59:00', NULL, 120, '', '2017-06-01 06:24:50', 237, 16, 12),
(418, '2016-07-14 16:00:00', 1.299, 1.301, 1.3015, 1.3015, '16:00:00', '15:59:00', NULL, 120, '', '2017-06-01 06:27:33', 237, 16, 12),
(419, '2016-07-15 16:00:00', 1.301, 1.301, 1.302, 1.302, '16:00:00', '20:07:00', NULL, 120, '', '2017-06-01 06:30:39', 237, 16, 12),
(420, '2016-07-15 16:00:00', 1.301, 1.301, 1.302, 1.302, '16:00:00', '20:07:00', NULL, 120, '', '2017-06-01 06:30:44', 237, 16, 12),
(421, '2016-07-17 16:00:00', 1.2615, 1.2615, 1.2615, 1.262, '17:30:00', '15:59:00', NULL, NULL, '', '2017-06-01 06:32:27', 133, 16, 12),
(422, '2016-07-18 16:00:00', 1.261, 1.2615, 1.261, 1.262, '16:00:00', '15:59:00', NULL, NULL, '', '2017-06-01 06:33:56', 133, 16, 12),
(423, '2016-07-19 16:00:00', 1.2615, 1.2615, 1.262, 1.262, '16:00:00', '18:35:00', NULL, NULL, '', '2017-06-01 06:35:28', 133, 16, 12),
(424, '2016-07-20 16:00:00', 1.4155, 1.4155, 1.4155, 1.416, '19:11:00', '15:59:00', NULL, NULL, '', '2017-06-01 06:37:05', 234, 16, 12),
(425, '2016-07-21 16:00:00', 1.416, 1.4155, 1.416, 1.416, '16:00:00', '15:59:00', NULL, NULL, '', '2017-06-01 06:38:35', 234, 16, 12),
(426, '2016-07-22 16:00:00', 1.416, 1.4155, 1.416, 1.416, '16:00:00', '15:59:00', NULL, NULL, '', '2017-06-01 06:40:37', 234, 16, 12),
(427, '2016-07-23 16:00:00', 1.417, 1.418, 1.418, 1.417, '16:00:00', '17:29:00', NULL, NULL, '', '2017-06-01 06:42:04', 234, 16, 12),
(428, '2016-07-12 16:00:00', 1.263, 1.263, 1.263, 1.263, '19:27:00', '15:59:00', NULL, 180, '', '2017-06-01 06:44:01', 242, 5, 20),
(429, '2016-07-13 16:00:00', 1.263, 1.263, 1.264, 1.2635, '16:00:00', '15:59:00', NULL, 180, '', '2017-06-01 06:45:31', 242, 5, 20),
(430, '2016-07-14 16:00:00', 1.263, 1.263, 1.264, 1.263, '16:00:00', '15:59:00', NULL, 180, '', '2017-06-01 06:49:14', 242, 5, 20),
(431, '2016-07-15 16:00:00', 1.263, 1.264, 1.264, 1.263, '16:00:00', '19:16:00', NULL, 180, '', '2017-06-01 06:51:39', 242, 5, 20),
(432, '2016-07-16 16:00:00', 1.308, 1.309, 1.309, 1.3055, '20:35:00', '15:59:00', NULL, NULL, '', '2017-06-01 06:54:16', 236, 5, 20),
(433, '2016-07-17 16:00:00', 1.308, 1.3085, 1.309, 1.308, '16:00:00', '15:59:00', NULL, 170, '', '2017-06-01 06:58:35', 236, 5, 20),
(434, '2016-07-18 16:00:00', 1.308, 1.3085, 1.309, 1.308, '16:00:00', '15:59:00', NULL, 170, '', '2017-06-01 07:00:05', 236, 5, 20),
(435, '2016-07-19 16:00:00', 1.31, 1.31, 1.315, 1.31, '16:00:00', '17:47:00', NULL, 170, '', '2017-06-01 07:01:33', 236, 5, 20),
(436, '2016-07-20 16:00:00', 1.1975, 1.1985, 1.195, 1.1985, '20:40:00', '15:59:00', NULL, 223, '', '2017-06-01 07:05:18', 135, 5, 20),
(437, '2016-07-21 16:00:00', 1.198, 1.1985, 1.198, 1.1985, '16:00:00', '15:59:00', NULL, 223, '', '2017-06-01 07:06:47', 135, 5, 20),
(438, '2016-07-21 16:00:00', 1.198, 1.1985, 1.198, 1.1985, '16:00:00', '15:59:00', NULL, 223, '', '2017-06-01 07:06:49', 135, 5, 20),
(439, '2016-07-22 16:00:00', 1.198, 1.1985, 1.198, 1.1985, '16:00:00', '15:59:00', NULL, 223, '', '2017-06-01 07:08:05', 135, 5, 20),
(440, '2016-07-23 16:00:00', 1.197, 1.1985, 1.199, 1.1985, '16:00:00', '18:07:00', NULL, 223, '', '2017-06-01 07:09:52', 135, 5, 20),
(441, '2016-07-24 16:00:00', 1.178, 1.1785, 1.1785, 1.178, '18:15:00', '15:59:00', NULL, 170, '', '2017-06-01 07:13:21', 3, 5, 20),
(442, '2016-07-24 16:00:00', 1.178, 1.1785, 1.1785, 1.178, '18:15:00', '15:59:00', NULL, 170, '', '2017-06-01 07:13:24', 3, 5, 20),
(443, '2016-07-25 16:00:00', 1.178, 1.1785, 1.178, 1.178, '16:00:00', '15:59:00', NULL, 170, '', '2017-06-01 07:15:08', 3, 5, 20),
(444, '2016-07-25 16:00:00', 1.178, 1.1785, 1.178, 1.178, '16:00:00', '15:59:00', NULL, 170, '', '2017-06-01 07:15:25', 3, 5, 20),
(445, '2016-07-26 16:00:00', 1.178, 1.1785, 1.1785, 1.178, '16:00:00', '15:59:00', NULL, 170, '', '2017-06-01 07:16:59', 3, 5, 20),
(446, '2016-07-27 16:00:00', 1.178, 1.1785, 1.1785, 1.178, '16:00:00', '18:10:00', NULL, 170, '', '2017-06-01 07:18:57', 3, 5, 20),
(447, '2016-07-12 16:00:00', 1.342, 1.342, 1.343, 1.342, '18:20:00', '15:59:00', NULL, NULL, '', '2017-06-01 07:21:36', 356, 23, 24),
(448, '2016-07-13 16:00:00', 1.342, 1.342, 1.343, 1.343, '16:00:00', '15:59:00', NULL, NULL, '', '2017-06-01 07:24:14', 356, 23, 24),
(449, '2016-07-14 16:00:00', 1.342, 1.342, 1.343, 1.343, '16:00:00', '15:59:00', NULL, NULL, '', '2017-06-01 07:26:19', 356, 23, 24),
(450, '2016-07-15 16:00:00', 1.342, 1.342, 1.343, 1.343, '16:00:00', '19:08:00', NULL, NULL, '', '2017-06-01 07:28:05', 356, 23, 24),
(451, '2016-07-15 16:00:00', 1.327, 1.325, 1.325, 1.325, '02:03:00', '15:59:00', NULL, 112, '', '2017-06-01 07:30:39', 365, 23, 24),
(452, '2016-07-16 16:00:00', 1.325, 1.325, 1.325, 1.325, '16:00:00', '15:59:00', NULL, 112, '', '2017-06-01 07:33:03', 365, 23, 24),
(453, '2016-07-16 16:00:00', 1.325, 1.325, 1.325, 1.325, '16:00:00', '15:59:00', NULL, 112, '', '2017-06-01 07:35:01', 365, 23, 24),
(454, '2016-07-16 16:00:00', 1.325, 1.325, 1.325, 1.325, '16:00:00', '15:59:00', NULL, 112, '', '2017-06-01 07:35:05', 365, 23, 24),
(455, '2016-07-16 16:00:00', 1.325, 1.325, 1.325, 1.325, '16:00:00', '15:59:00', NULL, 112, '', '2017-06-01 07:36:05', 365, 23, 24),
(456, '2016-07-17 16:00:00', 1.325, 1.325, 1.325, 1.325, '16:00:00', '15:59:00', NULL, 112, '', '2017-06-01 07:38:15', 365, 23, 24),
(457, '2016-07-18 16:00:00', 1.326, 1.326, 1.326, 1.326, '16:00:00', '16:06:00', NULL, 112, '', '2017-06-06 01:25:03', 365, 23, 24),
(458, '2016-07-22 16:00:00', 1.363, 1.362, 1.362, 1.362, '21:30:00', '15:59:00', NULL, 152, '', '2017-06-06 01:27:45', 123, 23, 24),
(459, '2016-07-23 16:00:00', 1.363, 1.362, 1.362, 1.362, '16:00:00', '15:59:00', NULL, 152, '', '2017-06-06 01:29:04', 123, 23, 24),
(460, '2016-07-24 16:00:00', 1.362, 1.362, 1.362, 1.362, '16:00:00', '15:59:00', NULL, 152, '', '2017-06-06 01:30:19', 123, 23, 24),
(461, '2016-07-25 16:00:00', 1.363, 1.362, 1.363, 1.363, '16:00:00', '15:59:00', NULL, 152, '', '2017-06-06 01:31:37', 123, 23, 24),
(462, '2016-07-26 16:00:00', 1.362, 1.362, 1.363, 1.362, '16:00:00', '17:55:00', NULL, 152, '', '2017-06-06 01:36:31', 123, 23, 24),
(463, '2016-07-12 16:00:00', 1.556, 1.556, 1.556, 1.556, '00:47:00', '15:59:00', NULL, 90, '', '2017-06-06 01:38:45', 766, 11, 16),
(464, '2016-07-13 16:00:00', 1.556, 1.556, 1.556, 1.556, '23:02:00', '15:59:00', NULL, 90, '', '2017-06-06 01:40:31', 766, 11, 16),
(465, '2016-07-14 16:00:00', 1.556, 1.556, 1.556, 1.566, '16:00:00', '15:59:00', NULL, 90, '', '2017-06-06 01:41:49', 766, 11, 16),
(466, '2016-07-15 16:00:00', 1.556, 1.556, 1.556, 1.556, '16:00:00', '20:20:00', NULL, 90, '', '2017-06-06 01:43:45', 766, 11, 16),
(467, '2016-07-16 16:00:00', 1.4905, 1.4905, 1.4905, 1.4905, '17:46:00', '15:59:00', NULL, 57, '', '2017-06-06 01:46:02', 342, 11, 16),
(468, '2016-07-17 16:00:00', 1.4905, 1.4905, 1.4905, 1.4905, '16:00:00', '15:59:00', NULL, 57, '', '2017-06-06 01:48:14', 342, 11, 16),
(469, '2016-07-18 16:00:00', 1.4905, 1.4905, 1.4905, 1.4905, '16:00:00', '15:59:00', NULL, 57, '', '2017-06-06 01:49:38', 342, 11, 16),
(470, '2016-07-19 16:00:00', 1.4905, 1.4905, 1.4905, 1.4905, '16:00:00', '18:40:00', NULL, 57, '', '2017-06-06 01:51:49', 342, 11, 16);
INSERT INTO `campaign_logsheets` (`id`, `date`, `height_north_meters`, `height_east_meters`, `height_south_meters`, `height_west_meters`, `time_start`, `time_end`, `failure_time`, `azimuth`, `notes`, `createdAt`, `site_id`, `antenna_id`, `receiver_id`) VALUES
(471, '2016-07-19 16:00:00', 1.308, 1.308, 1.308, 1.308, '19:58:00', '15:59:00', NULL, 90, '', '2017-06-06 01:53:30', 585, 11, 16),
(472, '2016-07-20 16:00:00', 1.308, 1.308, 1.308, 1.308, '16:00:00', '15:59:00', NULL, 90, '', '2017-06-06 01:55:02', 585, 11, 16),
(473, '2016-07-21 16:00:00', 1.308, 1.308, 1.308, 1.308, '16:00:00', '15:59:00', NULL, 90, '', '2017-06-06 01:56:45', 585, 11, 16),
(474, '2016-07-22 16:00:00', 1.308, 1.308, 1.308, 1.308, '18:50:00', '00:00:00', NULL, 90, '', '2017-06-06 01:58:22', 585, 11, 16),
(475, '2016-07-23 16:00:00', 1.308, 1.308, 1.308, 1.308, '16:00:00', '17:07:00', NULL, 90, '', '2017-06-06 02:00:04', 585, 11, 16),
(476, '2016-07-12 16:00:00', 1.332, 1.333, 1.333, 1.333, '20:45:00', '15:59:00', NULL, 28, '', '2017-06-06 02:02:40', 362, 19, 22),
(477, '2016-07-13 16:00:00', 1.332, 1.333, 1.333, 1.333, '16:00:00', '15:59:00', NULL, 33, '', '2017-06-06 02:04:47', 362, 19, 22),
(478, '2016-07-14 16:00:00', 1.332, 1.333, 1.333, 1.333, '16:00:00', '15:59:00', NULL, 33, '', '2017-06-06 02:07:12', 362, 19, 22),
(479, '2016-07-15 16:00:00', 1.332, 1.332, 1.332, 1.333, '16:00:00', '16:13:00', NULL, 33, '', '2017-06-06 02:23:26', 362, 19, 22),
(480, '2016-07-15 16:00:00', 1.32, 1.321, 1.321, 1.321, '17:12:00', '15:59:00', NULL, 162, '', '2017-06-06 02:25:39', 361, 19, 22),
(481, '2016-07-16 16:00:00', 1.32, 1.32, 1.321, 1.321, '16:00:00', '15:59:00', NULL, 160, '12.55V', '2017-06-06 02:52:35', 361, 19, 22),
(482, '2016-07-17 16:00:00', 1.32, 1.32, 1.32, 1.32, '16:00:00', '15:59:00', NULL, 160, '', '2017-06-06 02:53:53', 361, 19, 22),
(483, '2016-07-18 16:00:00', 1.321, 1.321, 1.321, 1.321, '16:00:00', '17:37:00', NULL, 160, '', '2017-06-06 02:55:03', 361, 19, 22),
(484, '2016-07-19 16:00:00', 1.145, 1.145, 1.146, 1.145, '16:55:00', '15:59:00', NULL, 36, '', '2017-06-06 03:00:41', 620, 23, 24),
(485, '2016-07-20 16:00:00', 1.145, 1.145, 1.145, 1.146, '16:00:00', '15:59:00', NULL, 36, '', '2017-06-06 03:02:34', 620, 23, 24),
(486, '2016-07-21 16:00:00', 1.145, 1.144, 1.145, 1.145, '16:00:00', '15:59:00', NULL, 36, '', '2017-06-06 04:37:47', 620, 23, 24),
(487, '2016-07-22 16:00:00', 1.145, 1.146, 1.145, 1.146, '16:00:00', '16:45:00', NULL, 36, '', '2017-06-06 04:40:25', 620, 23, 24),
(488, '2016-07-19 16:00:00', 1.173, 1.173, 1.174, 1.174, '19:10:00', '15:59:00', NULL, 86, '', '2017-06-06 04:42:59', 557, 19, 22),
(490, '2016-07-20 16:00:00', 1.173, 1.174, 1.174, 1.174, '16:00:00', '15:59:00', NULL, 86, '', '2017-06-06 04:44:50', 557, 19, 22),
(491, '2016-07-21 16:00:00', 1.174, 1.174, 1.175, 1.175, '16:00:00', '15:59:00', NULL, 86, '', '2017-06-06 04:47:08', 557, 19, 22),
(492, '2016-07-22 16:00:00', 1.173, 1.174, 1.175, 1.174, '16:00:00', '15:51:00', NULL, 86, '', '2017-06-06 04:48:38', 557, 19, 22),
(493, '2016-07-22 16:00:00', 1.36, 1.36, 1.36, 1.36, '22:33:00', '15:59:00', NULL, NULL, '', '2017-06-06 04:50:24', 130, 19, 22),
(494, '2016-07-23 16:00:00', 1.36, 1.361, 1.361, 1.36, '16:00:00', '15:59:00', NULL, NULL, '', '2017-06-06 04:51:36', 130, 19, 22),
(495, '2016-07-24 16:00:00', 1.36, 1.36, 1.361, 1.36, '16:00:00', '15:59:00', NULL, NULL, '', '2017-06-06 04:53:06', 130, 19, 22),
(496, '2016-07-25 16:00:00', 1.36, 1.36, 1.36, 1.36, '16:00:00', '15:59:00', NULL, NULL, '', '2017-06-06 04:54:24', 130, 19, 22),
(497, '2016-07-26 16:00:00', 1.36, 1.361, 1.361, 1.361, '16:00:00', '18:35:00', NULL, NULL, '', '2017-06-06 05:01:58', 130, 23, 22),
(498, '2016-07-12 16:00:00', 1.4345, 1.434, 1.4345, 1.4345, '16:14:00', '15:59:00', NULL, 192, '', '2017-06-06 05:04:28', 137, 18, 10),
(499, '2016-07-13 16:00:00', 1.435, 1.435, 1.434, 1.4345, '16:00:00', '15:59:00', NULL, 192, '', '2017-06-06 05:08:30', 137, 18, 10),
(500, '2016-07-14 16:00:00', 1.435, 1.435, 1.435, 1.435, '16:00:00', '15:59:00', NULL, 192, '', '2017-06-06 05:09:45', 137, 18, 10),
(501, '2016-07-15 16:00:00', 1.435, 1.435, 1.435, 1.435, '16:00:00', '20:32:00', NULL, 192, '', '2017-06-06 05:11:10', 137, 18, 10),
(502, '2016-07-16 16:00:00', 1.265, 1.265, 1.265, 1.266, '17:02:00', '15:59:00', NULL, 30, '', '2017-06-06 05:13:11', 125, 18, 10),
(503, '2016-07-17 16:00:00', 1.265, 1.265, 1.265, 1.265, '16:00:00', '15:59:00', NULL, 30, '', '2017-06-06 05:15:33', 125, 18, 10),
(504, '2016-07-18 16:00:00', 1.265, 1.265, 1.265, 1.266, '16:00:00', '15:59:00', NULL, 30, '', '2017-06-06 05:16:58', 125, 18, 10),
(505, '2016-07-19 16:00:00', 1.266, 1.265, 1.265, 1.266, '16:00:00', '16:43:00', NULL, 30, '', '2017-06-06 05:18:09', 125, 18, 10),
(506, '2016-07-20 16:00:00', 1.334, 1.334, 1.334, 1.334, '17:17:00', '15:59:00', NULL, 235, '', '2017-06-06 05:21:20', 238, 18, 10),
(507, '2016-07-21 16:00:00', 1.3345, 1.334, 1.334, 1.334, '16:00:00', '15:59:00', NULL, 235, '', '2017-06-06 05:22:53', 238, 18, 10),
(508, '2016-07-22 16:00:00', 1.334, 1.3345, 1.334, 1.3345, '16:00:00', '15:59:00', NULL, 235, '', '2017-06-06 05:24:17', 238, 18, 10),
(509, '2016-07-23 16:00:00', 1.333, 1.3335, 1.3335, 1.3335, '16:00:00', '18:40:00', NULL, 235, '', '2017-06-06 05:26:15', 238, 18, 10),
(510, '2016-07-24 16:00:00', 1.4825, 1.4825, 1.4825, 1.4825, '18:53:00', '15:59:00', NULL, 210, '', '2017-06-06 05:28:48', 400, 18, 10),
(511, '2016-07-25 16:00:00', 1.4825, 1.4825, 1.4825, 1.4825, '16:00:00', '15:59:00', NULL, 210, '', '2017-06-06 05:30:20', 400, 18, 10),
(512, '2016-07-26 16:00:00', 1.4825, 1.4825, 1.4825, 1.4825, '16:00:00', '15:59:00', NULL, 210, '', '2017-06-06 05:32:52', 400, 18, 10),
(513, '2016-07-27 16:00:00', 1.4825, 1.4825, 1.4825, 1.4825, '16:00:00', '18:34:00', NULL, 210, '', '2017-06-06 05:34:45', 400, 18, 10),
(514, '2016-07-12 16:00:00', 1.453, 1.453, 1.454, 1.454, '15:18:00', '15:59:00', NULL, 82, '', '2017-06-06 05:37:50', 136, 9, 38),
(515, '2016-07-13 16:00:00', 1.453, 1.454, 1.454, 1.454, '16:00:00', '15:59:00', NULL, 82, '', '2017-06-06 05:39:08', 136, 9, 38),
(516, '2016-07-14 16:00:00', 1.455, 1.455, 1.455, 1.455, '16:00:00', '15:59:00', NULL, 90, '', '2017-06-06 05:41:25', 136, 9, 38),
(517, '2016-07-15 16:00:00', 1.455, 1.455, 1.455, 1.456, '16:00:00', '20:53:00', NULL, 90, '', '2017-06-06 05:46:48', 136, 9, 38),
(518, '2016-07-15 16:00:00', 1.293, 1.293, 1.293, 1.293, '00:25:00', '15:59:00', NULL, 99, '', '2017-06-06 05:55:53', 360, 9, 38),
(519, '2016-07-16 16:00:00', 1.292, 1.293, 1.293, 1.293, '16:00:00', '15:59:00', NULL, 99, '', '2017-06-06 06:00:58', 360, 9, 38),
(520, '2016-07-16 16:00:00', 1.292, 1.293, 1.293, 1.293, '16:00:00', '15:59:00', NULL, 99, '', '2017-06-06 06:10:58', 360, 9, 38),
(521, '2016-07-17 16:00:00', 1.292, 1.292, 1.292, 1.292, '16:00:00', '15:59:00', NULL, 99, '', '2017-06-06 06:37:13', 360, 9, 38),
(522, '2016-07-18 16:00:00', 1.292, 1.292, 1.292, 1.292, '16:00:00', '18:30:00', NULL, 99, '', '2017-06-06 06:40:53', 360, 9, 38),
(523, '2016-07-18 16:00:00', 1.292, 1.292, 1.292, 1.292, '16:00:00', '18:30:00', NULL, 99, '', '2017-06-06 06:59:13', 360, 9, 38),
(524, '2016-07-18 16:00:00', 1.432, 1.432, 1.432, 1.432, '22:08:00', '15:59:00', NULL, 135, '', '2017-06-07 01:42:02', 355, 9, 38),
(525, '2016-07-18 16:00:00', 1.432, 1.432, 1.432, 1.432, '22:08:00', '15:59:00', NULL, 135, '', '2017-06-07 01:42:03', 355, 9, 38),
(526, '2016-07-19 16:00:00', 1.432, 1.432, 1.432, 1.432, '16:00:00', '15:59:00', NULL, 135, '', '2017-06-07 01:44:43', 355, 9, 38),
(527, '2016-07-20 16:00:00', 1.432, 1.432, 1.432, 1.432, '16:00:00', '15:59:00', NULL, 135, '', '2017-06-07 01:46:16', 355, 9, 38),
(528, '2016-07-21 16:00:00', 1.432, 1.432, 1.432, 1.433, '16:00:00', '13:57:00', NULL, 135, '', '2017-06-07 01:53:55', 355, 9, 38),
(529, '2016-07-22 16:00:00', 1.432, 1.432, 1.433, 1.432, '16:00:00', '13:57:00', NULL, 135, '', '2017-06-07 01:55:52', 355, 9, 38),
(530, '2016-07-22 16:00:00', 1.314, 1.314, 1.315, 1.314, '00:43:00', '15:59:00', NULL, 77, '', '2017-06-07 01:58:23', 241, 9, 38),
(531, '2016-07-23 16:00:00', 1.314, 1.314, 1.315, 1.314, '16:00:00', '15:59:00', NULL, NULL, '', '2017-06-07 01:59:39', 241, 9, 38),
(532, '2016-07-24 16:00:00', 1.314, 1.314, 1.315, 1.314, '16:00:00', '15:59:00', NULL, NULL, '', '2017-06-07 02:01:29', 241, 9, 38),
(533, '2016-07-25 16:00:00', 1.314, 1.315, 1.315, 1.315, '16:00:00', '15:59:00', NULL, NULL, '', '2017-06-07 02:03:16', 241, 9, 38),
(534, '2016-07-26 16:00:00', 1.315, 1.315, 1.315, 1.315, '16:00:00', '16:57:00', NULL, NULL, '', '2017-06-07 02:04:45', 241, 9, 38),
(535, '2016-07-12 16:00:00', 1.556, 1.556, 1.556, 1.556, '21:36:00', '00:00:00', NULL, 270, '', '2017-06-07 02:09:17', 765, 13, 27),
(536, '2016-07-13 16:00:00', 1.556, 1.556, 1.556, 1.556, '20:52:00', '15:59:00', NULL, 270, '', '2017-06-07 02:12:19', 765, 13, 27),
(537, '2016-07-14 16:00:00', 1.556, 1.556, 1.556, 1.556, '21:14:00', '15:59:00', NULL, 270, '', '2017-06-07 02:17:53', 765, 13, 27),
(538, '2016-07-15 16:00:00', 1.556, 1.556, 1.556, 1.556, '16:00:00', '18:23:00', NULL, 270, '', '2017-06-07 02:21:06', 765, 13, 27),
(539, '2016-07-15 16:00:00', 1.578, 1.578, 1.578, 1.578, '22:00:00', '15:59:00', NULL, 192, '', '2017-06-07 02:25:09', 939, 13, 27),
(540, '2016-07-16 16:00:00', 1.578, 1.578, 1.578, 1.578, '16:00:00', '15:59:00', NULL, 192, '', '2017-06-07 02:27:03', 939, 13, 27),
(541, '2016-07-17 16:00:00', 1.578, 1.578, 1.578, 1.578, '16:00:00', '15:59:00', NULL, 192, '', '2017-06-07 02:28:32', 939, 13, 27),
(542, '2016-07-18 16:00:00', 1.578, 1.578, 1.578, 1.578, '16:00:00', '15:25:00', NULL, 192, '', '2017-06-07 02:30:22', 939, 13, 27),
(543, '2016-07-18 16:00:00', 1.473, 1.473, 1.473, 1.473, '02:30:00', '15:59:00', NULL, 57, '', '2017-06-07 02:34:16', 363, 13, 27),
(544, '2016-07-19 16:00:00', 1.473, 1.473, 1.473, 1.473, '16:00:00', '15:59:00', NULL, 57, '', '2017-06-07 02:36:43', 363, 13, 27),
(545, '2016-07-20 16:00:00', 1.473, 1.473, 1.473, 1.473, '23:56:00', '14:30:00', NULL, 57, '', '2017-06-07 02:38:35', 363, 13, 27),
(546, '2016-07-21 16:00:00', 1.474, 1.474, 1.474, 1.474, '01:00:00', '15:59:00', NULL, 225, '', '2017-06-07 02:41:01', 586, 13, 27),
(547, '2016-07-22 16:00:00', 1.474, 1.474, 1.474, 1.474, '16:00:00', '15:59:00', NULL, 225, '', '2017-06-07 02:43:35', 586, 13, 27),
(548, '2016-07-23 16:00:00', 1.474, 1.474, 1.474, 1.474, '15:01:00', '15:59:00', NULL, 225, '', '2017-06-07 02:46:06', 586, 13, 27),
(549, '2016-07-24 16:00:00', 1.474, 1.474, 1.474, 1.474, '21:21:00', '15:59:00', NULL, 225, '', '2017-06-07 02:48:27', 586, 13, 27),
(550, '2016-07-25 16:00:00', 1.474, 1.474, 1.474, 1.474, '16:00:00', '15:59:00', NULL, 225, '', '2017-06-07 02:50:33', 586, 13, 27),
(551, '2016-07-26 16:00:00', 1.474, 1.474, 1.474, 1.474, '16:52:00', '15:59:00', NULL, 225, '', '2017-06-07 04:56:56', 586, 13, 27),
(552, '2016-07-27 16:00:00', 1.474, 1.474, 1.474, 1.474, '00:00:00', '16:00:00', NULL, 225, '', '2017-06-07 04:58:31', 586, 13, 27),
(553, '2016-08-21 16:00:00', 0.946, 0.946, 0.946, 0.946, '00:23:00', '15:59:00', NULL, 270, '', '2017-06-07 05:00:59', 348, 14, 28),
(554, '2016-08-22 16:00:00', 0.945, 0.946, 0.946, 0.945, '01:13:00', '15:59:00', NULL, 270, 'possibly hit by swinging gate; antenna rotated out of north alignment;\n09:05 receiver turned off to realign antenna and tribrach', '2017-06-07 05:16:03', 348, 14, 28),
(555, '2016-08-23 16:00:00', 1.912, 1.913, 1.913, 1.913, '21:30:00', '00:00:00', NULL, 260, '', '2017-06-07 05:19:14', 348, 14, 28),
(556, '2016-08-24 16:00:00', 1.192, 1.193, 1.193, 1.193, '16:00:00', '15:59:00', NULL, 260, '', '2017-06-07 05:27:33', 348, 14, 28),
(557, '2016-08-27 16:00:00', 1.445, 1.445, 1.445, 1.446, '20:30:00', '15:59:00', NULL, 110, '', '2017-06-07 05:32:51', 371, 14, 28),
(558, '2016-08-28 16:00:00', 1.445, 1.445, 1.446, 1.446, '16:00:00', '15:59:00', NULL, 110, '', '2017-06-07 05:34:11', 371, 14, 28),
(559, '2016-08-29 16:00:00', 1.445, 1.445, 1.446, 1.446, '16:00:00', '15:52:00', NULL, 110, '', '2017-06-07 05:37:39', 371, 14, 28),
(560, '2016-08-21 16:00:00', 1.401, 1.401, 1.401, 1.402, '22:25:00', '15:59:00', NULL, 140, '', '2017-06-07 05:42:48', 347, 18, 10),
(561, '2016-08-21 16:00:00', 1.401, 1.401, 1.401, 1.402, '22:25:00', '15:59:00', NULL, 140, '', '2017-06-07 05:44:34', 347, 18, 10),
(562, '2016-08-23 16:00:00', 1.401, 1.401, 1.401, 1.402, '16:00:00', '15:59:00', NULL, 140, '', '2017-06-07 05:45:45', 347, 18, 10),
(563, '2016-08-24 16:00:00', 1.403, 1.403, 1.402, 1.402, '16:00:00', '15:59:00', NULL, 140, '', '2017-06-07 05:46:56', 347, 18, 10),
(564, '2016-08-22 16:00:00', 1.396, 1.396, 1.396, 1.397, '17:36:00', '00:00:00', NULL, 180, '', '2017-06-07 05:50:28', 351, 19, 22),
(565, '2016-08-24 16:00:00', 1.395, 1.395, 1.396, 1.397, '16:00:00', '15:59:00', NULL, 180, '', '2017-06-07 05:52:00', 351, 19, 22),
(566, '2016-08-22 16:00:00', 1.43, 1.43, 1.431, 1.43, '21:17:00', '15:59:00', NULL, 150, '', '2017-06-07 05:58:10', 346, 11, 16),
(567, '2016-08-24 16:00:00', 1.429, 1.43, 1.43, 1.43, '16:00:00', '15:59:00', NULL, 150, '', '2017-06-07 05:59:08', 346, 11, 16),
(568, '2016-08-26 16:00:00', 1.314, 1.314, 1.314, 1.314, '16:17:00', '15:59:00', NULL, 340, '', '2017-06-07 06:01:39', 350, 11, 16),
(569, '2016-08-27 16:00:00', 1.314, 1.314, 1.314, 1.314, '16:00:00', '00:00:00', NULL, 340, '', '2017-06-07 06:05:17', 350, 11, 16),
(570, '2016-08-28 16:00:00', 1.316, 1.316, 1.316, 1.316, '16:40:00', '15:59:00', NULL, 340, '', '2017-06-07 06:08:14', 350, 11, 16),
(571, '2016-08-22 16:00:00', 1.4165, 1.417, 1.417, 1.4164, '01:20:00', '15:59:00', NULL, 200, '', '2017-06-07 06:20:40', 744, 5, 20),
(572, '2016-08-23 16:00:00', 1.417, 1.418, 1.419, 1.4175, '16:00:00', '15:59:00', NULL, NULL, '', '2017-06-07 06:23:34', 744, 5, 20),
(573, '2016-08-24 16:00:00', 1.4175, 1.418, 1.4185, 1.4175, '16:00:00', '15:46:00', NULL, NULL, '', '2017-06-07 06:27:34', 744, 5, 20),
(574, '2016-08-26 16:00:00', 1.4225, 1.422, 1.4225, 1.4225, '17:24:00', '15:59:00', NULL, 20, '', '2017-06-07 06:38:10', 744, 5, 20),
(575, '2016-08-27 16:00:00', 1.4295, 1.4295, 1.4295, 1.4295, '08:52:00', '15:59:00', NULL, 340, '', '2017-06-07 06:41:05', 249, 5, 20),
(576, '2016-08-28 16:00:00', 1.4295, 1.429, 1.4295, 1.4295, '16:00:00', '15:59:00', NULL, NULL, '', '2017-06-07 06:42:49', 249, 5, 20),
(577, '2016-08-29 16:00:00', 1.4295, 1.429, 1.4295, 1.4295, '16:00:00', '22:23:00', NULL, NULL, '', '2017-06-07 06:46:48', 249, 5, 20),
(578, '2016-08-25 16:00:00', 1.389, 1.3895, 1.3895, 1.3885, '03:00:00', '15:59:00', NULL, 180, '', '2017-06-07 06:52:46', 245, 23, 24),
(579, '2016-08-26 16:00:00', 1.389, 1.3895, 1.3895, 1.389, '16:00:00', '15:59:00', NULL, NULL, '', '2017-06-07 06:53:53', 245, 23, 24),
(580, '2016-08-27 16:00:00', 1.3895, 1.3895, 1.39, 1.3895, '16:00:00', '00:00:00', NULL, NULL, '', '2017-06-07 07:25:01', 245, 23, 24),
(581, '2016-08-28 16:00:00', 1.3895, 1.3895, 1.3895, 1.3895, '16:00:00', '07:29:00', NULL, NULL, '', '2017-06-07 07:28:43', 245, 23, 24),
(582, '2016-09-19 16:00:00', 1.444, 1.444, 1.444, 1.4445, '23:32:00', '15:59:00', NULL, 290, '', '2017-06-07 08:01:06', 199, 16, 12),
(583, '2016-09-23 16:00:00', 1.3845, 1.385, 1.3855, 1.3855, '20:15:00', '15:59:00', NULL, 152, '', '2017-06-08 01:18:08', 72, 19, 22),
(584, '2016-09-24 16:00:00', 1.3855, 1.3855, 1.386, 1.386, '16:00:00', '15:59:00', NULL, 152, '', '2017-06-08 01:21:09', 72, 19, 22),
(585, '2016-09-25 16:00:00', 1.3815, 1.3825, 1.383, 1.3835, '16:00:00', '15:59:00', NULL, 152, '', '2017-06-08 01:22:16', 72, 19, 22),
(586, '2016-09-26 16:00:00', 1.39, 1.3895, 1.3895, 1.3897, '21:49:00', '15:59:00', NULL, 248, '', '2017-06-08 01:25:40', 73, 19, 22),
(587, '2016-09-27 16:00:00', 1.389, 1.3895, 1.3895, 1.3892, '16:00:00', '15:00:00', NULL, 248, '', '2017-06-08 01:27:14', 73, 19, 22),
(588, '2016-09-28 16:00:00', 1.3895, 1.39, 1.39, 1.3898, '16:00:00', '15:59:00', NULL, NULL, '', '2017-06-08 01:29:58', 73, 19, 22),
(589, '2016-09-20 16:00:00', 1.4435, 1.4435, 1.4445, 1.4438, '16:00:00', '15:59:00', NULL, 290, '', '2017-06-08 01:32:16', 199, 16, 12),
(590, '2016-09-21 16:00:00', 1.444, 1.444, 1.4445, 1.44417, '16:00:00', '15:59:00', NULL, 290, '', '2017-06-08 01:34:17', 199, 16, 12),
(591, '2016-09-22 16:00:00', 1.444, 1.4445, 1.445, 1.4445, '16:00:00', '15:59:00', NULL, 290, '', '2017-06-08 01:36:00', 199, 16, 12),
(592, '2016-09-23 16:00:00', 1.387, 1.387, 1.3875, 0, '19:20:00', '15:59:00', NULL, 270, '', '2017-06-08 01:39:50', 203, 16, 12),
(593, '2016-09-24 16:00:00', 1.3865, 1.3865, 1.3875, 1.3867, '16:00:00', '15:59:00', NULL, 270, '', '2017-06-08 01:41:15', 203, 16, 12),
(594, '2016-09-25 16:00:00', 1.3865, 1.387, 1.3875, 1.387, '16:00:00', '15:59:00', NULL, 270, '', '2017-06-08 01:42:42', 203, 16, 12),
(595, '2016-09-26 16:00:00', 1.3355, 1.3355, 1.336, 1.3365, '23:40:00', '15:59:00', NULL, 305, '', '2017-06-08 01:44:28', 75, 16, 12),
(596, '2016-09-27 16:00:00', 1.3355, 1.3355, 1.3365, 1.336, '16:00:00', '15:59:00', NULL, 305, '', '2017-06-08 01:45:28', 75, 16, 12),
(597, '2016-09-28 16:00:00', 1.3345, 1.3345, 1.3355, 1.3355, '16:00:00', '15:59:00', NULL, 305, '', '2017-06-08 01:56:21', 75, 16, 12),
(598, '2016-09-19 16:00:00', 1.418, 1.418, 1.418, 1.418, '07:55:00', '00:46:00', NULL, 90, 'end time 9/23/2016', '2017-06-08 02:09:21', 74, 11, 16),
(599, '2016-09-21 16:00:00', 1.418, 1.418, 1.418, 1.418, '00:00:00', '00:46:00', NULL, NULL, '', '2017-06-08 02:10:49', 74, 11, 16),
(600, '2016-09-20 16:00:00', 1.375, 1.375, 1.376, 1.375, '22:49:00', '00:00:00', NULL, 10, '', '2017-06-08 02:12:56', 114, 23, 24),
(601, '2016-09-23 16:00:00', 1.375, 1.375, 1.376, 1.375, '00:00:00', '19:14:00', NULL, 10, '', '2017-06-08 02:13:58', 114, 23, 24),
(602, '2016-09-20 16:00:00', 1.375, 1.375, 1.376, 1.375, '22:49:00', '19:14:11', NULL, 10, 'end time 9/24/16', '2017-06-08 02:15:34', 114, 23, 24),
(603, '2016-09-20 16:00:00', 1.383, 1.383, 1.383, 1.383, '16:39:00', '16:29:00', NULL, 10, 'end time  9/24/16', '2017-06-08 02:17:33', 76, 8, 27),
(604, '2016-09-23 16:00:00', 1.307, 1.307, 1.308, 1.307, '00:15:00', '17:25:00', NULL, 90, 'end time 9/28/2016', '2017-06-08 02:20:23', 24, 8, 27),
(605, '2016-09-26 16:00:00', 1.44, 1.44, 1.44, 1.44, '21:40:00', '20:02:00', NULL, 90, 'end time 9/28/2016', '2017-06-08 02:23:21', 70, 8, 27),
(606, '2016-09-23 16:00:00', 1.259, 1.258, 1.258, 1.2585, '16:00:00', '19:36:00', NULL, 270, '', '2017-06-08 02:27:23', 332, 14, 28),
(607, '2016-09-22 16:00:00', 1.2585, 1.258, 1.259, 1.2585, '16:00:00', '15:59:00', NULL, 270, '', '2017-06-08 02:36:48', 332, 14, 28),
(608, '2016-09-21 16:00:00', 1.258, 1.2585, 1.259, 1.25875, '16:00:00', '15:59:00', NULL, 270, '', '2017-06-08 02:39:24', 332, 14, 28),
(609, '2016-09-20 16:00:00', 1.25825, 1.25875, 1.25925, 1.2585, '20:19:00', '15:59:00', NULL, 270, '', '2017-06-08 02:40:58', 332, 14, 28),
(610, '2016-09-26 16:00:00', 1.5185, 1.5185, 1.519, 1.519, '00:00:00', '23:30:00', NULL, 140, 'Principal 09979415270', '2017-06-08 02:43:14', 333, 14, 28),
(611, '2016-09-25 16:00:00', 1.518, 1.518, 1.51875, 1.518, '16:00:00', '15:59:00', NULL, NULL, '', '2017-06-08 02:44:52', 333, 14, 28),
(612, '2016-09-24 16:00:00', 1.5175, 1.5175, 1.518, 1.518, '16:00:00', '15:59:00', NULL, 140, '', '2017-06-08 04:13:40', 333, 14, 28),
(613, '2016-09-23 16:00:00', 1.518, 1.518, 1.518, 1.518, '23:30:00', '15:59:00', NULL, 140, 'Contact Marcelino Pormiento 09194908529', '2017-06-08 04:15:59', 333, 14, 28),
(614, '2016-09-30 16:00:00', 1.2785, 1.2785, 1.27875, 1.2785, '16:00:00', '20:56:00', NULL, 150, '', '2017-06-08 04:18:42', 211, 14, 28),
(615, '2016-09-29 16:00:00', 1.2785, 1.2785, 1.279, 1.27875, '16:00:00', '15:59:00', NULL, 150, '', '2017-06-08 04:21:07', 211, 14, 28),
(616, '2016-09-28 16:00:00', 1.278, 1.278, 1.2785, 1.2785, '16:00:00', '15:59:00', NULL, 150, '', '2017-06-08 04:23:04', 211, 14, 28),
(617, '2016-09-27 16:00:00', 1.2775, 1.2775, 1.2775, 1.2755, '20:56:00', '15:59:00', NULL, 150, '', '2017-06-08 04:24:40', 211, 14, 28),
(618, '2016-09-23 16:00:00', 1.353, 1.353, 1.3535, 1.35375, '16:00:00', '16:29:00', NULL, 350, '', '2017-06-08 04:26:41', 331, 5, 20),
(619, '2016-09-22 16:00:00', 1.353, 1.3535, 1.3535, 1.354, '16:00:00', '15:59:00', NULL, 350, '', '2017-06-08 04:39:34', 331, 5, 20),
(620, '2016-09-21 16:00:00', 1.353, 1.353, 1.3535, 1.354, '16:00:00', '15:59:00', NULL, 350, '', '2017-06-08 04:41:20', 331, 5, 20),
(621, '2016-09-20 16:00:00', 1.353, 1.353, 1.35325, 1.3535, '01:18:00', '15:59:00', NULL, 350, '', '2017-06-08 04:43:39', 331, 5, 20),
(622, '2016-09-26 16:00:00', 1.225, 1.2245, 1.225, 1.22575, '16:00:00', '01:22:00', NULL, 330, '', '2017-06-08 05:01:24', 332, 5, 20),
(623, '2016-09-25 16:00:00', 1.22575, 1.225, 1.22575, 1.226, '16:00:00', '15:59:00', NULL, 330, '', '2017-06-08 05:02:48', 332, 5, 20),
(624, '2016-09-29 16:00:00', 1.3055, 1.306, 1.3075, 1.307, '00:00:00', '19:37:00', NULL, NULL, '', '2017-06-08 05:05:15', 77, 9, 38),
(625, '2016-09-29 16:00:00', 1.306, 1.307, 1.307, 1.307, '19:47:00', '15:59:00', NULL, 180, '', '2017-06-08 05:06:21', 77, 9, 38),
(626, '2016-09-27 16:00:00', 1.305, 1.3055, 1.306, 1.306, '00:46:00', '15:59:00', NULL, 180, '', '2017-06-08 05:18:20', 77, 9, 38),
(627, '2016-09-24 16:00:00', 1.22575, 1.225, 1.226, 1.226, '16:00:00', '15:59:00', NULL, 330, '', '2017-06-08 05:34:13', 332, 5, 20),
(628, '2016-09-23 16:00:00', 1.225, 1.22475, 1.226, 1.22575, '01:22:00', '15:59:00', NULL, 330, 'Pricipal Esperaza Santander 09168891467', '2017-06-08 06:09:43', 332, 5, 20),
(629, '2016-09-30 16:00:00', 1.2575, 1.2575, 1.2575, 1.257, '16:00:00', '19:11:00', NULL, 90, '', '2017-06-08 06:22:14', 335, 5, 20),
(630, '2016-09-29 16:00:00', 1.25725, 1.25725, 1.25725, 1.257, '16:00:00', '15:59:00', NULL, 90, '', '2017-06-08 06:23:17', 335, 5, 20),
(631, '2016-09-28 16:00:00', 1.25725, 1.25725, 1.25725, 1.257, '16:00:00', '15:59:00', NULL, 90, '', '2017-06-08 06:24:04', 335, 5, 20),
(632, '2016-09-27 16:00:00', 1.2575, 1.2575, 1.2575, 1.25775, '18:37:00', '15:59:00', NULL, 90, 'enzyme gutierrez 09757519307', '2017-06-08 06:25:38', 335, 5, 20),
(633, '2016-09-23 16:00:00', 1.35, 1.349, 1.349, 1.35, '16:00:00', '18:45:00', NULL, 129, '', '2017-06-08 06:30:00', 408, 18, 10),
(634, '2016-09-22 16:00:00', 1.3495, 1.349, 1.349, 1.35, '16:00:00', '15:59:00', NULL, 129, '', '2017-06-08 06:37:23', 408, 18, 10),
(635, '2016-09-21 16:00:00', 1.349, 1.349, 1.349, 1.35, '16:00:00', '15:59:00', NULL, 130, '', '2017-06-08 06:38:35', 408, 18, 10),
(636, '2016-09-20 16:00:00', 1.35, 1.349, 1.349, 1.35, '20:10:00', '15:59:00', NULL, 129, '', '2017-06-08 06:39:44', 408, 18, 10),
(637, '2016-09-27 16:00:00', 1.2616, 1.2616, 1.262, 1.262, '16:00:00', '16:10:00', NULL, NULL, '', '2017-06-08 06:41:14', 336, 18, 10),
(638, '2016-09-26 16:00:00', 1.2625, 1.2615, 1.262, 1.2615, '16:00:00', '15:59:00', NULL, 87, '', '2017-06-08 06:42:15', 336, 18, 10),
(639, '2016-09-25 16:00:00', 1.261, 1.2605, 1.261, 1.261, '16:00:00', '15:59:00', NULL, NULL, '', '2017-06-08 06:43:35', 336, 18, 10),
(640, '2016-09-24 16:00:00', 1.262, 1.2605, 1.261, 1.2615, '15:44:00', '15:59:00', NULL, 87, 'start date 9/24/2016 end date 9/25/2016', '2017-06-09 00:30:03', 336, 18, 10),
(641, '2016-09-30 16:00:00', 0.189, 0.189, 0.189, 0.189, '16:00:00', '15:59:00', NULL, NULL, 'average vertical antenna height 0.189', '2017-06-09 00:32:25', 338, 18, 10),
(642, '2016-09-29 16:00:00', 0.189, 0.189, 0.189, 0.189, '21:52:00', '00:00:00', NULL, NULL, 'Power failure : Battery is not good, drains very fast initial voltage is 12.53V, voltage after 1 day 10.1V', '2017-06-09 00:35:35', 77, 18, 10),
(643, '2016-09-28 16:00:00', 0.189, 0.189, 0.189, 0.189, '18:40:00', '00:00:00', NULL, NULL, '', '2017-06-09 00:37:15', 338, 18, 10),
(644, '2016-09-23 16:00:00', 1.455, 1.455, 1.455, 1.454, '16:00:00', '17:13:18', NULL, 40, '', '2017-06-09 00:44:30', 337, 9, 38),
(645, '2016-09-22 16:00:00', 1.455, 1.455, 1.455, 1.454, '16:00:00', '15:59:00', NULL, 40, '', '2017-06-09 00:47:12', 337, 9, 38),
(646, '2016-09-21 16:00:00', 1.455, 1.455, 1.455, 1.454, '16:00:00', '15:59:00', NULL, 40, '', '2017-06-09 00:52:23', 337, 9, 38),
(647, '2016-09-20 16:00:00', 1.454, 1.454, 1.455, 1.454, '16:25:00', '15:59:00', NULL, 40, '', '2017-06-09 00:53:53', 337, 9, 38),
(648, '2016-10-01 16:00:00', 1.3055, 1.306, 1.307, 1.306, '16:00:00', '17:37:00', NULL, NULL, '', '2017-06-09 00:59:14', 77, 9, 38),
(649, '2016-09-30 16:00:00', 1.306, 1.306, 1.308, 1.308, '16:00:00', '15:59:00', NULL, NULL, '', '2017-06-09 01:02:02', 77, 9, 38),
(650, '2016-09-28 16:00:00', 1.305, 1.305, 1.306, 1.306, '16:00:00', '15:59:00', NULL, 180, '', '2017-06-09 01:04:05', 77, 9, 38),
(651, '2016-03-15 16:00:00', 1.382, 1.382, 1.38175, 1.38175, '18:37:00', '15:59:00', NULL, NULL, '', '2017-06-09 01:07:22', 699, 14, 12),
(652, '2016-03-16 16:00:00', 1.3825, 1.3825, 1.3805, 1.3825, '21:11:00', '15:59:00', NULL, 270, '', '2017-06-09 01:09:29', 699, 14, 12),
(653, '2016-03-17 16:00:00', 1.38, 1.38, 1.3825, 1.3825, '16:00:00', '15:59:00', NULL, NULL, '', '2017-06-09 01:11:30', 699, 14, 12),
(654, '2016-03-18 16:00:00', 1.379, 1.379, 1.379, 1.379, '16:00:00', '18:17:00', NULL, NULL, '', '2017-06-09 01:12:51', 699, 14, 12),
(655, '2016-03-18 16:00:00', 1.379, 1.379, 1.379, 1.379, '16:00:00', '18:17:00', NULL, NULL, '', '2017-06-09 01:18:30', 699, 14, 12),
(656, '2016-03-19 16:00:00', 1.3795, 1.38, 1.3815, 1.305, '19:20:00', '15:59:00', NULL, 70, '', '2017-06-09 01:20:44', 668, 14, 12),
(657, '2016-03-20 16:00:00', 1.3795, 1.38, 1.381, 1.381, '16:00:00', '15:59:00', NULL, NULL, '', '2017-06-09 01:22:51', 668, 14, 12),
(658, '2016-03-21 16:00:00', 1.3785, 1.38, 1.385, 1.385, '16:00:00', '15:59:00', NULL, NULL, '', '2017-06-09 01:29:05', 668, 14, 12),
(659, '2016-03-22 16:00:00', 1.3785, 1.38, 1.385, 1.38, '16:00:00', '16:01:00', NULL, NULL, '', '2017-06-09 01:42:52', 668, 14, 12),
(660, '2016-03-16 16:00:00', 1.407, 1.407, 1.407, 1.407, '19:06:00', '15:59:00', NULL, 10, '', '2017-06-09 01:58:08', 698, 19, 22),
(661, '2016-03-17 16:00:00', 1.408, 1.408, 1.408, 1.408, '16:00:00', '15:59:00', NULL, 60, '', '2017-06-09 01:59:43', 698, 19, 22),
(662, '2016-03-18 16:00:00', 1.408, 1.408, 1.408, 1.408, '16:00:00', '20:27:00', NULL, 60, '', '2017-06-09 02:03:12', 698, 19, 22),
(663, '2016-04-13 16:00:00', 1.2475, 1.24725, 1.247, 1.247, '01:08:00', '15:59:00', NULL, 280, '', '2017-06-09 02:06:44', 761, 23, 24),
(664, '2016-04-14 16:00:00', 1.24725, 1.24775, 1.24775, 1.24775, '16:00:00', '15:59:00', NULL, NULL, '', '2017-06-09 02:09:41', 761, 23, 24),
(665, '2016-04-15 16:00:00', 1.2475, 1.2475, 1.2475, 1.248, '16:00:00', '18:51:00', NULL, NULL, '', '2017-06-09 02:11:01', 761, 23, 24),
(666, '2016-04-16 16:00:00', 1.247, 1.2475, 1.2475, 1.248, '16:00:00', '15:59:00', NULL, NULL, '', '2017-06-09 02:12:26', 761, 23, 24),
(667, '2016-04-17 16:00:00', 1.248, 1.2475, 1.24825, 1.248, '16:00:00', '17:51:00', NULL, NULL, '', '2017-06-09 02:13:43', 761, 23, 24),
(668, '2016-04-23 16:00:00', 1.298, 1.298, 1.299, 1.29875, '01:28:00', '15:59:00', NULL, 15, '', '2017-06-09 02:17:37', 577, 23, 24),
(669, '2016-04-24 16:00:00', 1.299, 1.29875, 1.29595, 1.299, '16:00:00', '15:59:00', NULL, NULL, '', '2017-06-09 02:19:32', 577, 23, 24),
(670, '2016-04-26 16:00:00', 1.299, 1.29875, 1.2995, 1.29925, '16:00:00', '21:13:00', NULL, NULL, '', '2017-06-09 02:20:49', 577, 23, 24),
(671, '2016-04-22 16:00:00', 1.53075, 1.53075, 1.53125, 1.53075, '22:23:00', '15:59:00', NULL, NULL, '', '2017-06-09 02:31:30', 864, 5, 20),
(672, '2016-04-26 16:00:00', 1.5305, 1.53075, 1.53075, 1.53075, '16:00:00', '16:06:00', NULL, NULL, '', '2017-06-09 02:34:08', 864, 5, 20),
(673, '2017-05-13 16:00:00', 1.279, 1.279, 1.28, 1.28, '20:26:00', '22:42:00', NULL, 265, 'End time at 06:42 of May 15, 2017', '2017-06-12 23:43:27', 32, 14, 28),
(674, '2017-05-12 16:00:00', 1.3005, 1.3005, 1.301, 1.3005, '21:39:00', '15:59:00', NULL, NULL, 'caretaker: Richard Balilo 09214362666 (store owner in front of the school entrance)', '2017-06-12 23:47:08', 437, 23, 20),
(675, '2017-05-13 16:00:00', 1.3005, 1.3005, 1.301, 1.3005, '16:00:00', '15:59:00', NULL, NULL, '', '2017-06-12 23:48:39', 437, 23, 20),
(676, '2017-05-08 16:00:00', 0.988, 0.988, 0.989, 0.9885, '04:04:00', '15:59:00', NULL, NULL, '', '2017-06-12 23:49:56', 67, 23, 20),
(677, '2017-05-10 16:00:00', 0.988, 0.988, 0.989, 0.9885, '16:00:00', '23:21:00', NULL, NULL, '', '2017-06-12 23:51:33', 67, 23, 20),
(678, '2017-05-08 16:00:00', 0.992, 0.9925, 0.9925, 0.9925, '00:06:00', '15:59:00', NULL, NULL, '', '2017-06-13 00:02:02', 68, 19, 10),
(679, '2017-05-09 16:00:00', 0.992, 0.9925, 0.9925, 0.9925, '00:06:00', '15:59:00', NULL, NULL, '', '2017-06-13 00:03:39', 68, 19, 10),
(680, '2017-05-10 16:00:00', 0.992, 0.9925, 0.9925, 0.9925, '16:00:00', '03:10:00', NULL, NULL, '', '2017-06-13 00:05:00', 68, 19, 10),
(681, '2017-05-09 16:00:00', 0.988, 0.988, 0.989, 0.9885, '16:00:00', '15:59:00', NULL, NULL, '', '2017-06-13 00:06:45', 67, 23, 20),
(682, '2017-05-14 16:00:00', 1.274, 1.274, 1.275, 1.275, '00:40:00', '23:10:00', NULL, 310, '', '2017-06-13 00:10:22', 82, 14, 28),
(683, '2017-05-09 16:00:00', 1.329, 1.329, 1.33, 1.33, '23:57:00', '15:10:00', NULL, 208, '', '2017-06-13 00:11:58', 176, 14, 28),
(684, '2017-05-10 16:00:00', 1.3295, 1.33, 1.331, 1.33, '16:00:00', '15:59:00', NULL, 90, '', '2017-06-13 00:13:05', 176, 14, 28),
(685, '2017-05-11 16:00:00', 1.325, 1.325, 1.326, 1.326, '02:05:00', '16:48:00', NULL, 50, '', '2017-06-13 00:19:12', 392, 14, 28),
(686, '2017-05-12 16:00:00', 1.3275, 1.328, 1.329, 1.3285, '17:30:00', '15:59:00', NULL, 170, '', '2017-06-13 00:20:29', 392, 14, 28),
(687, '2015-06-15 16:00:00', 1.425, 1.425, 1.425, 1.425, '15:30:00', '00:00:00', NULL, NULL, '', '2017-06-13 00:32:48', 217, 15, 28),
(688, '2015-06-15 16:00:00', 17.1, 0, 19.9, 18.1, '22:05:00', '00:00:00', NULL, NULL, '', '2017-06-13 00:47:54', 219, 2, 21),
(689, '2015-03-15 16:00:00', 1.407, 1.4075, 1.4075, 1.4075, '21:29:00', '00:00:00', NULL, 5, '', '2017-06-13 01:03:52', 57, 20, 10),
(690, '2015-03-15 16:00:00', 1.41, 1.41, 1.425, 1.4225, '22:53:00', '00:00:00', NULL, 170, '', '2017-06-13 01:05:42', 61, 9, 18),
(691, '2015-03-15 16:00:00', 1.271, 1.271, 1.272, 1.272, '17:04:00', '00:00:00', NULL, NULL, '', '2017-06-13 01:07:42', 364, 7, 27),
(692, '2015-03-16 16:00:00', 1.533, 1.534, 1.5345, 1.5335, '21:08:00', '00:00:00', NULL, 310, '', '2017-06-13 01:11:53', 58, 4, 9),
(693, '2015-03-16 16:00:00', 1.45, 1.451, 1.4515, 1.451, '21:10:00', '15:59:00', NULL, NULL, '', '2017-06-13 01:13:27', 354, 18, 22),
(694, '2015-03-16 16:00:00', 1.455, 1.456, 1.456, 1.455, '19:24:00', '15:59:00', NULL, NULL, '', '2017-06-13 01:15:29', 358, 2, 21),
(695, '2015-03-16 16:00:00', 1.271, 1.271, 1.272, 1.2715, '00:00:00', '14:58:00', NULL, NULL, '', '2017-06-13 01:18:05', 364, 7, 27),
(696, '2015-03-17 16:00:00', 1.47, 1.475, 1.475, 1.475, '00:00:00', '00:00:00', NULL, 5, '', '2017-06-13 05:35:52', 57, 20, 10),
(697, '2015-03-17 16:00:00', 1.53275, 1.533, 1.5335, 1.533, '22:50:00', '00:00:00', NULL, 320, '', '2017-06-13 05:49:30', 59, 15, 14),
(698, '2015-03-17 16:00:00', 1.41, 1.41, 1.425, 1.4225, '00:00:00', '00:00:00', NULL, 170, '', '2017-06-13 05:51:41', 61, 9, 18),
(699, '2015-03-17 16:00:00', 1.31, 1.31, 1.3105, 1.311, '23:32:00', '15:59:00', NULL, NULL, '', '2017-06-13 05:58:25', 436, 7, 27),
(700, '2015-03-17 16:00:00', 1.338, 1.3375, 1.3375, 1.338, '17:21:00', '15:59:00', NULL, NULL, '', '2017-06-13 06:13:44', 435, 5, 26),
(701, '2015-03-18 16:00:00', 1.53275, 1.533, 1.5335, 1.533, '18:13:00', '00:00:00', NULL, 310, '', '2017-06-13 06:16:20', 58, 4, 9),
(702, '2015-03-18 16:00:00', 1.53275, 1.533, 1.5335, 1.533, '00:00:00', '00:00:00', NULL, 320, '', '2017-06-13 06:31:39', 59, 15, 14),
(703, '2015-03-18 16:00:00', 1.338, 1.3375, 1.3375, 1.338, '16:00:00', '15:59:00', NULL, NULL, '', '2017-06-13 06:34:30', 435, 5, 26),
(704, '2015-03-18 16:00:00', 1.31, 1.31, 1.3105, 1.311, '16:00:00', '15:59:00', NULL, NULL, '', '2017-06-13 07:12:16', 436, 7, 27),
(705, '2015-03-18 16:00:00', 1.45, 1.451, 1.451, 1.451, '16:00:00', '15:59:00', NULL, NULL, '', '2017-06-13 07:14:15', 354, 18, 22),
(706, '2015-03-18 16:00:00', 1.454, 1.455, 1.455, 1.456, '16:00:00', '15:59:00', NULL, NULL, '', '2017-06-13 07:17:00', 358, 2, 21),
(707, '2015-03-19 16:00:00', 1.53275, 1.533, 1.5335, 1.533, '16:00:00', '22:50:00', NULL, 320, '', '2017-06-14 01:09:22', 59, 15, 14),
(708, '2017-06-07 16:00:00', 1.232, 1.23175, 1.2325, 1.2325, '16:00:00', '15:59:00', NULL, 20, '', '2017-06-15 00:35:28', 321, 23, 27),
(709, '2017-06-06 16:00:00', 1.232, 1.232, 1.233, 1.2325, '16:00:00', '15:59:00', NULL, NULL, '', '2017-06-15 00:37:30', 321, 23, 27),
(710, '2017-06-05 16:00:00', 1.232, 1.2315, 1.2325, 1.232, '18:08:00', '15:59:00', NULL, NULL, '', '2017-06-15 00:40:18', 321, 23, 27),
(711, '2017-06-04 16:00:00', 1.2325, 1.232, 1.233, 1.2325, '22:08:00', '15:59:00', NULL, 22, 'When the team arrived on June 6 2017 at around 10:00AM (local time), the receiver is still turned on but it is not logging data. when the CF card was checked, the data found was composed of many 5kb files.; Contact Person: Jay P. Pena Ph.D (Principal)\n09206390996', '2017-06-15 00:43:59', 321, 23, 10),
(712, '2017-06-07 16:00:00', 1.51875, 1.50825, 1.503, 1.517, '16:00:00', '22:30:00', NULL, 180, '', '2017-06-15 00:46:07', 202, 18, 38),
(713, '2017-06-06 16:00:00', 1.51875, 1.5105, 1.4995, 1.50875, '16:00:00', '15:59:00', NULL, 180, '', '2017-06-15 00:48:11', 202, 18, 38),
(714, '2017-06-05 16:00:00', 1.5185, 1.51, 1.499, 1.5085, '16:00:00', '15:59:00', NULL, 180, '', '2017-06-15 00:49:33', 202, 18, 38),
(715, '2017-06-04 16:00:00', 1.518, 1.5095, 1.49875, 1.508, '19:53:00', '15:59:00', NULL, 185, 'Contact Person: Rosalia M. Almonte (Master Teacher)\n                             09127746408', '2017-06-15 00:51:32', 202, 18, 38),
(716, '2017-06-07 16:00:00', 1.41325, 1.414, 1.415, 1.41475, '16:00:00', '15:59:00', NULL, 200, '', '2017-06-15 00:53:40', 320, 9, 28),
(717, '2017-06-06 16:00:00', 1.413, 1.414, 1.415, 1.415, '16:00:00', '15:59:00', NULL, 200, '', '2017-06-15 00:55:14', 320, 9, 28),
(718, '2017-06-05 16:00:00', 1.4135, 1.414, 1.415, 1.415, '16:00:00', '15:59:00', NULL, 220, '', '2017-06-15 00:56:44', 320, 9, 28),
(719, '2017-06-04 16:00:00', 1.413, 1.4135, 1.41475, 1.41475, '18:00:00', '15:59:00', NULL, 200, 'Contact Person: Adelaida Morales Saguid (Principal)\n09212816091', '2017-06-15 00:59:39', 320, 9, 28),
(720, '2015-03-27 16:00:00', 0.182, 0.185, 0, 0, '00:00:00', '19:05:00', NULL, NULL, '', '2017-06-15 02:06:57', 314, 15, 14),
(721, '2015-03-23 16:00:00', 1.38, 1.3805, 1.3815, 1.3815, '21:57:00', '15:59:00', NULL, NULL, '', '2017-06-15 02:33:51', 761, 7, 27),
(722, '2015-03-24 16:00:00', 1.38, 1.3805, 1.3815, 1.3815, '16:00:00', '15:59:00', NULL, NULL, '', '2017-06-15 02:36:53', 761, 7, 27),
(723, '2015-03-25 16:00:00', 1.38, 1.3805, 1.3815, 1.381, '16:00:00', '15:59:00', NULL, NULL, '', '2017-06-15 02:39:27', 761, 7, 27),
(724, '2015-03-25 16:00:00', 1.194, 1.195, 1.196, 1.195, '16:00:00', '15:59:00', NULL, NULL, '', '2017-06-15 02:50:22', 262, 5, 28),
(725, '2015-03-24 16:00:00', 1.194, 1.195, 1.196, 1.195, '16:00:00', '15:59:00', NULL, NULL, '', '2017-06-15 02:52:35', 262, 5, 28),
(726, '2015-03-22 16:00:00', 1.194, 1.195, 1.196, 1.195, '23:41:00', '15:59:00', NULL, NULL, '', '2017-06-15 03:00:08', 262, 5, 28),
(727, '2015-03-25 16:00:00', 1.462, 1.462, 1.462, 1.4625, '16:00:00', '15:59:00', NULL, NULL, '', '2017-06-15 03:44:16', 263, 18, 22),
(728, '2015-03-23 16:00:00', 1.4625, 1.4625, 1.4625, 1.463, '17:44:00', '15:59:00', NULL, NULL, '', '2017-06-15 03:45:38', 263, 18, 22),
(729, '2015-03-24 16:00:00', 1.4615, 1.462, 1.462, 1.4625, '20:50:00', '15:59:00', NULL, NULL, '', '2017-06-15 03:47:13', 263, 18, 22),
(730, '2015-03-25 16:00:00', 1.465, 1.466, 1.467, 1.467, '16:00:00', '15:59:00', NULL, NULL, '', '2017-06-15 03:52:11', 341, 2, 21),
(731, '2015-03-23 16:00:00', 1.4615, 1.462, 1.463, 1.462, '23:56:00', '15:59:00', NULL, NULL, '', '2017-06-15 03:53:30', 341, 2, 21),
(732, '2015-03-24 16:00:00', 1.4615, 1.462, 1.463, 1.462, '18:25:00', '15:59:00', NULL, NULL, '', '2017-06-15 03:54:43', 341, 2, 21),
(733, '2015-03-26 16:00:00', 1.2285, 1.229, 1.23, 1.2295, '16:00:21', '20:15:58', NULL, NULL, '', '2017-06-15 03:58:02', 103, 20, 10),
(734, '2015-03-25 16:00:00', 1.231, 1.232, 1.23, 1.23, '16:00:00', '15:59:00', NULL, NULL, '', '2017-06-15 03:59:14', 103, 20, 10),
(735, '2015-03-24 16:00:00', 1.231, 1.232, 1.23, 1.23, '23:00:00', '15:59:00', NULL, NULL, '', '2017-06-15 04:00:36', 103, 20, 10),
(736, '2015-03-23 16:00:00', 1.231, 1.232, 1.23, 1.23, '16:00:00', '15:59:00', NULL, NULL, '', '2017-06-15 04:03:18', 103, 20, 10),
(737, '2015-03-26 16:00:00', 1.3545, 1.3555, 1.3565, 1.356, '16:00:00', '22:17:00', NULL, NULL, '', '2017-06-15 04:06:07', 52, 9, 18),
(738, '2015-03-25 16:00:00', 1.354, 1.355, 1.356, 1.356, '16:00:00', '15:59:00', NULL, NULL, '', '2017-06-15 04:07:13', 52, 9, 18),
(739, '2015-03-24 16:00:00', 1.354, 1.355, 1.356, 1.356, '01:01:00', '15:59:00', NULL, NULL, '', '2017-06-15 04:08:18', 52, 9, 18),
(740, '2015-03-23 16:00:00', 1.354, 1.355, 1.356, 1.356, '00:00:00', '01:01:07', NULL, NULL, '', '2017-06-15 04:09:50', 52, 9, 18),
(741, '2015-04-29 16:00:00', 1.251, 1.251, 1.2515, 1.251, '18:12:00', '17:14:18', NULL, 191, '', '2017-06-15 04:26:13', 349, 4, 24),
(742, '2015-04-28 16:00:00', 1.174, 1.1745, 1.175, 1.175, '22:11:00', '17:59:00', NULL, 330, '', '2017-06-15 04:38:01', 349, 4, 24),
(743, '2015-04-29 16:00:00', 1.369, 1.369, 1.37, 1.37, '16:13:00', '16:00:00', NULL, 349, 'A ~5 meter high tree is planted 80cm SE of the benchmark\nA~2 meter high tree is planted 1 meter NW of the benchmark\nA~1 meter high tree is planted 2 meters SW of the benchmark', '2017-06-15 04:43:38', 39, 18, 22),
(744, '2015-04-28 16:00:00', 1.371, 1.371, 1.371, 1.371, '23:52:00', '16:00:00', NULL, 115, '', '2017-06-15 05:01:42', 39, 18, 22),
(745, '2015-04-28 16:00:00', 1.194, 1.1935, 1.194, 1.194, '16:42:00', '16:02:00', NULL, NULL, '', '2017-06-15 05:11:46', 270, 18, 22),
(746, '2015-04-29 16:00:00', 1.039, 1.04, 1.04, 1.04, '21:36:00', '17:31:00', NULL, 150, '', '2017-06-15 05:20:18', 101, 20, 10),
(747, '2015-04-29 16:00:00', 1.277, 1.276, 1.277, 1.277, '16:40:00', '08:20:00', NULL, 346, 'There is an electric cable around 0.8m in the east of the antenna', '2017-06-15 05:25:31', 158, 15, 28),
(748, '2015-04-28 16:00:00', 1.277, 1.278, 1.278, 1.278, '23:48:00', '16:24:00', NULL, 107, 'Caretaker: Juan Bariwan (500 per night)', '2017-06-15 05:30:20', 158, 15, 28),
(749, '2017-03-17 16:00:00', 1.411, 1.411, 1.411, 1.411, '16:00:00', '15:59:00', NULL, 10, '', '2017-06-15 06:00:52', 341, 9, 12),
(750, '2017-03-16 16:00:00', 1.411, 1.411, 1.411, 1.411, '16:00:00', '15:59:00', NULL, 10, '', '2017-06-15 06:02:39', 341, 9, 12),
(751, '2017-03-15 16:00:00', 1.41, 1.41, 1.41, 1.41, '16:00:00', '15:59:00', NULL, NULL, '', '2017-06-15 06:04:19', 341, 9, 12),
(752, '2017-03-14 16:00:00', 1.41, 1.41, 1.41, 1.41, '00:00:00', '15:59:00', NULL, 10, '', '2017-06-15 06:05:51', 341, 9, 12),
(753, '2017-03-27 16:00:00', 1.332, 1.332, 1.332, 1.332, '16:00:00', '15:59:00', NULL, 150, 'Actual Pull out time 03:30 (not logging; power failure\nActual pull out date March 29 2017', '2017-06-15 06:33:27', 847, 19, 10),
(754, '2017-03-26 16:00:00', 1.331, 1.331, 1.332, 1.332, '16:00:00', '15:59:00', NULL, 150, '', '2017-06-15 06:38:46', 847, 19, 10),
(755, '2017-03-25 16:00:00', 1.331, 1.332, 1.332, 1.332, '16:00:00', '15:59:00', NULL, 150, '', '2017-06-15 06:42:20', 847, 19, 10),
(756, '2017-03-24 16:00:00', 1.331, 1.331, 1.332, 1.332, '18:26:00', '15:59:00', NULL, NULL, '', '2017-06-15 06:44:42', 847, 19, 10),
(757, '2017-03-27 16:00:00', 0.1, 0.1, 0.1, 0.1, '16:00:00', '15:59:00', NULL, NULL, 'actual pull out time 00:00\nactual pull out date march 29 2017', '2017-06-15 07:15:01', 314, 15, 12),
(758, '2017-03-26 16:00:00', 0.1, 0.1, 0.1, 0.1, '16:00:00', '15:59:00', NULL, NULL, '', '2017-06-15 07:22:22', 314, 15, 12),
(759, '2017-03-25 16:00:00', 0.1, 0.1, 0.1, 0.1, '16:00:00', '15:59:00', NULL, NULL, '', '2017-06-15 07:30:11', 314, 15, 12),
(760, '2017-03-24 16:00:00', 0.1, 0.1, 0.1, 0.1, '16:00:00', '15:59:00', NULL, NULL, '', '2017-06-15 07:31:16', 314, 15, 12),
(761, '2017-03-23 16:00:00', 0.1, 0.1, 0.1, 0.1, '16:00:00', '15:59:00', NULL, NULL, '', '2017-06-15 07:36:24', 314, 15, 12),
(762, '2017-03-22 16:00:00', 0.1, 0.1, 0.1, 0.1, '16:28:00', '15:59:00', NULL, NULL, '', '2017-06-15 07:37:38', 314, 15, 12),
(763, '2017-03-17 16:00:00', 1.358, 1.358, 1.358, 1.358, '16:00:00', '15:59:00', NULL, 25, 'Actual Pull out 5:53 March 19 2017', '2017-06-19 01:06:24', 262, 15, 23),
(764, '2017-03-16 16:00:00', 1.358, 1.358, 1.358, 1.358, '16:00:00', '15:59:00', NULL, 25, '', '2017-06-19 01:09:40', 262, 15, 23),
(765, '2017-03-15 16:00:00', 1.358, 1.358, 1.358, 1.358, '16:00:00', '15:59:00', NULL, 25, '', '2017-06-19 01:10:40', 262, 15, 23),
(766, '2017-03-14 16:00:00', 1.358, 1.358, 1.358, 1.358, '17:10:00', '15:59:00', NULL, 25, 'Start Time 01:10 UTC time', '2017-06-19 01:11:52', 262, 15, 23),
(770, '2017-03-22 16:00:00', 1.131, 1.123, 1.128, 1.14, '16:00:00', '15:59:00', NULL, 90, 'actual pull out  3:43 March 24,2017', '2017-06-19 01:17:21', 103, 7, 38),
(771, '2017-03-21 16:00:00', 1.131, 1.124, 1.128, 1.14, '16:00:00', '15:59:00', NULL, 90, '', '2017-06-19 01:18:48', 103, 7, 38),
(772, '2017-03-20 16:00:00', 1.13, 1.121, 1.128, 1.14, '16:00:00', '15:59:00', NULL, 90, '', '2017-06-19 01:19:56', 103, 7, 38),
(773, '2017-03-19 16:00:00', 1.13, 1.121, 1.127, 1.139, '22:27:00', '15:59:00', NULL, 90, '', '2017-06-19 01:21:00', 103, 7, 38),
(774, '2017-03-27 16:00:00', 1.382, 1.382, 1.382, 1.382, '16:00:00', '15:59:00', NULL, 230, 'Actual pull out 05:15 March 29, 2017', '2017-06-19 01:25:19', 577, 18, 17),
(775, '2017-03-26 16:00:00', 1.381, 1.381, 1.381, 1.381, '16:00:00', '15:59:00', NULL, 230, '2:15 Bubble re-centered; plumbing re-centered', '2017-06-19 01:26:54', 577, 18, 17),
(776, '2017-03-25 16:00:00', 1.382, 1.382, 1.382, 1.382, '16:00:00', '15:59:00', NULL, 230, '', '2017-06-19 01:27:52', 577, 18, 17),
(777, '2017-03-24 16:00:00', 1.382, 1.382, 1.382, 1.382, '16:48:00', '15:59:00', NULL, 230, '', '2017-06-19 01:29:32', 577, 18, 17),
(778, '2017-03-22 16:00:00', 1.341, 0, 1.342, 1.341, '16:00:00', '15:59:00', NULL, NULL, 'actual pull out 5:30 March 24 2017', '2017-06-19 01:32:54', 52, 18, 17),
(779, '2017-03-21 16:00:00', 1.341, 0, 1.342, 1.341, '16:00:00', '15:59:00', NULL, 135, '', '2017-06-19 01:34:32', 52, 18, 17),
(780, '2017-03-20 16:00:00', 1.34, 0, 1.341, 1.341, '16:00:00', '15:59:00', NULL, 135, '', '2017-06-19 01:35:28', 52, 18, 17),
(781, '2017-03-19 16:00:00', 1.34, 1.34, 1.34, 1.34, '00:15:00', '15:59:00', NULL, 135, '', '2017-06-19 01:40:19', 52, 18, 17),
(782, '2017-03-17 16:00:00', 1.332, 1.332, 1.333, 1.333, '16:00:00', '15:59:00', NULL, 130, 'actual pull out 2:35 March 19, 2017', '2017-06-19 01:45:18', 761, 19, 10),
(783, '2017-03-16 16:00:00', 1.332, 1.333, 1.333, 1.332, '16:00:00', '15:59:00', NULL, 130, '', '2017-06-19 01:46:01', 761, 19, 10),
(784, '2017-03-15 16:00:00', 1.331, 1.332, 1.332, 1.332, '16:00:00', '15:59:00', NULL, 130, '', '2017-06-19 01:46:44', 761, 19, 10),
(785, '2017-03-14 16:00:00', 1.331, 1.332, 1.332, 1.32, '21:10:00', '15:59:00', NULL, 130, '', '2017-06-19 01:48:17', 761, 19, 10),
(786, '2017-03-27 16:00:00', 1.35, 0, 1.368, 1.353, '16:00:00', '15:59:00', NULL, 310, 'actual pull out 02:12 March 29 2017', '2017-06-19 02:01:11', 35, 7, 38),
(787, '2017-03-26 16:00:00', 1.35, 0, 1.368, 1.353, '16:00:00', '15:59:00', NULL, 310, '', '2017-06-19 02:03:11', 35, 7, 38),
(788, '2017-03-25 16:00:00', 1.35, 0, 1.368, 1.353, '16:00:00', '15:59:00', NULL, 310, '', '2017-06-19 02:05:34', 35, 7, 38),
(789, '2017-03-24 16:00:00', 1.35, 0, 1.369, 1.354, '20:07:00', '15:59:00', NULL, 310, '', '2017-06-19 02:06:30', 35, 7, 38),
(790, '2017-03-27 16:00:00', 0, 1.401, 1.401, 1.401, '16:00:00', '15:59:00', NULL, 100, 'actual pull out 23:15 March 29, 2017', '2017-06-19 02:10:36', 864, 13, 11),
(791, '2017-03-26 16:00:00', 0, 1.401, 1.401, 1.401, '16:00:00', '15:59:00', NULL, 100, '', '2017-06-19 02:11:36', 864, 13, 11),
(792, '2017-03-25 16:00:00', 0, 1.401, 1.401, 1.401, '16:00:00', '15:59:00', NULL, 100, '', '2017-06-19 02:12:34', 864, 13, 11),
(793, '2017-03-24 16:00:00', 0, 1.401, 1.401, 1.401, '23:56:00', '15:59:00', NULL, 100, '', '2017-06-19 02:13:37', 864, 13, 11),
(794, '2017-03-22 16:00:00', 1.356, 1.356, 1.357, 1.357, '16:00:00', '15:59:00', NULL, 310, 'actual pull out 01:50 March 24, 2017', '2017-06-19 02:15:48', 264, 19, 10),
(795, '2017-03-21 16:00:00', 1.356, 1.356, 1.357, 1.357, '16:00:00', '15:59:00', NULL, 310, '', '2017-06-19 02:16:54', 264, 19, 10),
(796, '2017-03-20 16:00:00', 1.356, 1.356, 1.357, 1.357, '16:00:00', '15:59:00', NULL, 310, '', '2017-06-19 02:17:54', 264, 19, 10),
(797, '2017-03-19 16:00:00', 1.355, 1.356, 1.356, 1.357, '18:00:00', '15:59:00', NULL, 310, '', '2017-06-19 02:18:49', 264, 19, 10),
(798, '2015-04-26 16:00:00', 1.44, 1.439, 1.44, 1.44, '21:08:00', '15:59:00', NULL, 20, '', '2017-06-19 02:30:34', 82, 7, 27),
(799, '2015-04-27 16:00:00', 1.44, 1.439, 1.44, 1.44, '16:00:00', '15:01:00', NULL, NULL, '', '2017-06-19 02:32:44', 82, 7, 27),
(800, '2015-04-29 16:00:00', 1.257, 1.257, 1.257, 1.257, '16:00:00', '17:32:00', NULL, NULL, 'end time at 5/1/2016', '2017-06-19 02:41:51', 11, 7, 27),
(801, '2015-04-26 16:00:00', 1.505, 1.505, 1.506, 1.506, '00:30:00', '17:28:00', NULL, 42, '', '2017-06-19 03:01:02', 157, 9, 18),
(802, '2015-04-27 16:00:00', 1.0145, 1.015, 1.015, 1.0155, '19:35:00', '17:53:00', NULL, NULL, '', '2017-06-19 03:04:00', 268, 4, 24),
(803, '2017-04-26 16:00:00', 1.085, 1.085, 1.085, 1.085, '21:22:00', '19:12:00', NULL, NULL, '', '2017-06-19 03:11:22', 268, 4, 24),
(804, '2015-04-28 16:00:00', 1.257, 1.258, 1.258, 1.258, '21:03:00', '15:59:00', NULL, 158, '', '2017-06-19 07:37:22', 11, 7, 27),
(805, '2015-04-26 16:00:00', 1.505, 1.505, 1.506, 1.506, '00:30:00', '17:28:00', NULL, 42, 'near boundary of Brgy. Gabriela Silang and Brgy. Maria Clara, Located on a hilltop, caretaker is Roberto Hidalgo (GPS) Property of Dr. Pang (deceased) 2x GPS Caretaker x 300 x 1 night, Many ants and small bushes, better to bring bolo', '2017-06-19 07:55:35', 157, 9, 18),
(806, '2015-04-27 16:00:00', 1.0145, 1.015, 1.015, 10.155, '19:35:00', '17:53:00', NULL, NULL, '', '2017-06-19 07:59:35', 268, 4, 24),
(807, '2015-04-26 16:00:00', 1.085, 1.085, 1.085, 1.085, '21:22:00', '19:12:00', NULL, NULL, '', '2017-06-20 00:27:38', 268, 4, 24),
(808, '2015-04-26 16:00:00', 1.568, 1.567, 1.568, 1.568, '01:44:00', '18:24:00', NULL, 261, 'It is on the right side of the flagpole if you are facing the flagpole standing from the main gate of the school. It is covered with small stones in the cemented area of the school, Around 8m from the foot of the stage where the flagpole is.', '2017-06-20 00:34:54', 343, 15, 28),
(809, '2015-05-07 16:00:00', 1.298, 1.298, 1.298, 1.298, '17:54:00', '17:41:00', NULL, 343, '', '2017-06-20 00:38:49', 176, 4, 24),
(810, '2015-05-06 16:00:00', 1.261, 1.262, 1.262, 1.261, '23:08:00', '17:40:00', NULL, 98, '', '2017-06-20 00:40:11', 176, 4, 24),
(811, '2015-05-05 16:00:00', 1.34, 1.345, 1.355, 1.35, '18:00:00', '18:04:00', NULL, 285, '', '2017-06-20 00:43:05', 79, 18, 22),
(812, '2015-05-05 16:00:00', 1.0945, 1.0945, 1.095, 1.0945, '16:12:00', '16:00:00', NULL, 325, '', '2017-06-20 00:45:37', 269, 4, 24),
(813, '2015-05-04 16:00:00', 1.093, 1.0935, 1.093, 1.0925, '22:15:00', '16:00:00', NULL, 78, '', '2017-06-20 00:48:59', 269, 4, 24),
(814, '2015-05-04 16:00:00', 1.4, 1.4, 1.401, 1.401, '00:57:00', '16:39:00', NULL, 330, '', '2017-06-20 00:51:12', 110, 9, 18),
(815, '2015-05-04 16:00:00', 1.421, 1.421, 1.423, 1.423, '19:39:00', '23:27:00', NULL, 299, '', '2017-06-20 00:59:35', 463, 16, 20),
(816, '2015-05-06 16:00:00', 1.619, 1.619, 1.62, 1.621, '20:21:00', '16:28:00', NULL, 342, '', '2017-06-20 01:07:07', 427, 16, 20),
(817, '2015-05-07 16:00:00', 1.539, 1.539, 1.539, 1.539, '16:52:00', '16:02:00', NULL, 105, '', '2017-06-20 01:10:59', 427, 16, 20),
(818, '2015-05-07 16:00:00', 1.49, 1.49, 1.49, 1.49, '16:00:00', '15:59:00', NULL, 30, '', '2017-06-20 01:37:47', 42, 14, 26),
(819, '2015-05-07 16:00:00', 1.492, 1.492, 1.492, 1.492, '16:49:00', '15:59:00', NULL, 30, '', '2017-06-20 01:41:58', 42, 14, 26),
(820, '2015-05-06 16:00:00', 1.496, 1.496, 1.496, 1.496, '22:10:00', '15:59:00', NULL, 145, '', '2017-06-20 01:44:06', 42, 14, 26),
(821, '2015-05-06 16:00:00', 1.353, 1.353, 1.354, 1.354, '00:55:00', '19:02:00', NULL, NULL, '', '2017-06-20 02:05:22', 403, 9, 18),
(822, '2015-05-05 16:00:00', 1.215, 1.215, 1.216, 1.216, '16:33:00', '15:59:00', NULL, 225, '', '2017-06-20 02:13:56', 157, 15, 28),
(823, '2015-05-04 16:00:00', 1.215, 1.215, 1.216, 1.215, '02:38:00', '16:18:00', NULL, 107, '', '2017-06-20 02:15:14', 153, 15, 28),
(824, '2015-05-05 16:00:00', 1.482, 1.482, 1.482, 1.482, '23:05:00', '19:00:00', NULL, 55, '', '2017-06-20 02:17:39', 322, 14, 26),
(825, '2015-05-07 16:00:00', 1.4198, 1.4198, 1.42, 1.42, '18:10:00', '21:01:00', NULL, 163, '', '2017-06-20 02:19:17', 392, 15, 28),
(826, '2015-05-07 16:00:00', 1.298, 1.298, 1.2985, 1.299, '16:23:00', '16:25:00', NULL, 257, '', '2017-06-20 02:21:28', 271, 18, 22),
(827, '2015-05-06 16:00:00', 1.2835, 1.2835, 1.2835, 1.284, '21:34:00', '16:13:00', NULL, 5, '', '2017-06-20 02:23:09', 271, 18, 22),
(828, '2015-05-07 16:00:00', 1.4335, 1.4335, 1.434, 1.4335, '16:00:00', '15:59:00', NULL, 130, '', '2017-06-20 02:35:02', 437, 2, 21),
(829, '2015-05-06 16:00:00', 1.4335, 1.4335, 1.434, 1.4335, '16:00:00', '15:59:00', NULL, 130, '', '2017-06-20 02:37:19', 437, 2, 21),
(830, '2015-05-05 16:00:00', 1.4335, 1.4335, 1.434, 1.4335, '16:00:00', '15:59:00', NULL, 130, '', '2017-06-20 02:38:32', 437, 2, 21),
(831, '2015-05-05 16:00:00', 1.422, 1.423, 1.423, 1.422, '23:45:00', '15:01:00', NULL, 178, '', '2017-06-20 02:55:03', 463, 16, 20),
(832, '2015-05-04 16:00:00', 1.162, 1.163, 1.1635, 1.163, '22:28:00', '05:21:00', NULL, 95, 'for the next visit bring something that can cut grown trees in the area', '2017-06-20 04:26:35', 151, 2, 21),
(833, '2015-05-04 16:00:00', 1.3495, 1.3495, 1.35, 1.3505, '23:32:00', '17:24:00', NULL, 30, '', '2017-06-20 04:31:22', 79, 18, 22),
(834, '2015-05-03 16:00:00', 1.552, 1.552, 1.552, 1.552, '18:15:00', '20:46:00', NULL, 300, '', '2017-06-20 04:34:44', 324, 14, 26),
(835, '2015-05-03 16:00:00', 1.263, 1.262, 1.263, 1.265, '20:38:00', '17:41:00', NULL, 3, '', '2017-06-20 04:51:37', 381, 16, 20);
INSERT INTO `campaign_logsheets` (`id`, `date`, `height_north_meters`, `height_east_meters`, `height_south_meters`, `height_west_meters`, `time_start`, `time_end`, `failure_time`, `azimuth`, `notes`, `createdAt`, `site_id`, `antenna_id`, `receiver_id`) VALUES
(836, '2015-05-03 16:00:00', 1.563, 1.563, 1.563, 1.563, '16:48:00', '14:54:00', NULL, 175, '', '2017-06-20 05:10:02', 155, 5, 20),
(839, '2015-05-03 16:00:00', 1.429, 1.429, 1.43, 1.43, '22:05:00', '03:18:00', NULL, 329, '', '2017-06-20 05:15:36', 99, 5, 18),
(840, '2015-05-02 16:00:00', 1.627, 1.628, 1.628, 1.628, '19:21:00', '18:13:00', NULL, 120, '', '2017-06-20 05:17:38', 156, 7, 27),
(841, '2015-05-02 16:00:00', 1.11, 1.111, 1.112, 1.111, '19:04:00', '19:15:00', NULL, 262, '', '2017-06-20 05:26:11', 235, 16, 20),
(842, '2015-05-03 16:00:00', 1.4, 1.405, 1.41, 1.41, '16:08:00', '16:02:00', NULL, 148, '', '2017-06-20 05:33:56', 8, 18, 22),
(843, '2015-05-02 16:00:00', 1.395, 1.395, 1.4, 1.405, '21:36:00', '16:00:00', NULL, 290, '', '2017-06-20 05:35:47', 8, 18, 22),
(844, '2015-05-02 16:00:00', 1.106, 1.1065, 1.107, 1.1065, '16:00:00', '15:59:00', NULL, 212, '', '2017-06-20 05:38:04', 12, 2, 21),
(845, '2015-05-01 16:00:00', 1.106, 1.1065, 1.107, 1.1065, '16:00:00', '15:59:00', NULL, 212, '', '2017-06-20 05:39:42', 12, 2, 21),
(846, '2015-04-30 16:00:00', 1.104, 1.1045, 1.1045, 1.1045, '16:00:00', '15:59:00', NULL, 333, '', '2017-06-20 05:41:17', 12, 2, 21),
(847, '2015-05-03 16:00:00', 1.257, 1.2575, 1.258, 1.2575, '16:00:00', '21:12:00', NULL, 178, '', '2017-06-20 05:45:06', 32, 2, 21),
(848, '2015-05-03 16:00:00', 1.259, 1.26, 1.261, 1.26, '16:00:00', '15:59:00', NULL, 291, '', '2017-06-20 05:47:38', 32, 2, 21),
(849, '2015-05-02 16:00:00', 1.257, 1.2575, 1.258, 1.2575, '16:00:00', '15:59:00', NULL, 178, '', '2017-06-20 05:48:41', 32, 2, 21),
(850, '2015-05-01 16:00:00', 1.363, 1.364, 1.364, 1.364, '21:10:00', '15:07:00', NULL, 335, '', '2017-06-20 05:52:38', 154, 20, 10),
(851, '2015-04-30 16:00:00', 1.293, 1.293, 1.2935, 1.2935, '21:14:00', '17:32:00', NULL, 260, '', '2017-06-20 05:58:31', 147, 4, 24),
(852, '2015-05-01 16:00:00', 1.284, 1.2845, 1.285, 1.2855, '16:09:00', '16:00:00', NULL, 22, '', '2017-06-20 06:03:32', 112, 18, 22),
(853, '2015-04-30 16:00:00', 1.2485, 1.249, 1.249, 1.2495, '19:29:00', '16:00:00', NULL, 110, '', '2017-06-20 06:11:48', 112, 18, 22),
(854, '2015-05-02 16:00:00', 1.277, 1.276, 1.277, 1.277, '00:00:00', '17:37:00', NULL, NULL, '', '2017-06-20 06:17:10', 158, 15, 28),
(855, '2015-05-03 16:00:00', 1.214, 1.215, 1.215, 1.2145, '17:25:00', '18:02:00', NULL, 148, '', '2017-06-20 06:19:15', 108, 4, 24),
(856, '2015-05-02 16:00:00', 1.215, 1.2155, 1.216, 1.2155, '22:05:00', '17:19:00', NULL, 278, '', '2017-06-20 06:25:23', 108, 4, 24),
(857, '2015-05-01 16:00:00', 1.517, 1.517, 1.517, 1.517, '16:00:00', '16:29:00', NULL, NULL, '', '2017-06-20 06:38:12', 87, 7, 27),
(858, '2015-04-30 16:00:00', 1.517, 1.517, 1.517, 1.517, '20:07:00', '15:59:00', NULL, 30, '', '2017-06-20 06:43:12', 87, 7, 27),
(859, '2015-05-31 16:00:00', 1.385, 1.385, 1.3855, 1.3855, '16:00:00', '15:45:00', NULL, NULL, '', '2017-06-20 07:20:26', 608, 4, 22),
(860, '2015-05-27 16:00:00', 1.385, 1.385, 1.3855, 1.3855, '18:41:00', '00:00:00', NULL, 180, '', '2017-06-20 07:23:17', 608, 4, 22),
(861, '2015-05-31 16:00:00', 1.537, 1.538, 1.535, 1.535, '16:00:00', '20:19:00', NULL, NULL, '', '2017-06-20 07:26:38', 324, 18, 24),
(862, '2015-05-26 16:00:00', 1.568, 1.568, 1.568, 1.5685, '16:00:00', '21:27:00', NULL, NULL, '', '2017-06-20 07:28:19', 324, 18, 24),
(863, '2015-05-26 16:00:00', 1.514, 1.514, 1.514, 1.5145, '21:34:00', '00:00:00', NULL, NULL, '', '2017-06-20 07:30:35', 324, 18, 24),
(864, '2015-05-25 16:00:00', 1.571, 1.5715, 1.572, 1.572, '16:00:00', '15:59:00', NULL, NULL, '', '2017-06-20 07:32:05', 324, 18, 24),
(865, '2015-05-24 16:00:00', 1.571, 1.5715, 1.572, 1.572, '16:00:00', '15:59:00', NULL, NULL, '', '2017-06-20 07:33:22', 324, 18, 24),
(866, '2015-05-23 16:00:00', 1.571, 1.5715, 1.572, 1.572, '16:50:00', '15:59:00', NULL, 298, '', '2017-06-20 07:35:58', 324, 18, 24),
(867, '2015-06-11 16:00:00', 1.563, 1.5625, 1.563, 1.564, '00:00:00', '17:10:26', NULL, 135, '', '2017-06-20 07:40:02', 202, 18, 24),
(868, '2015-06-10 16:00:00', 1.563, 1.5625, 1.563, 1.564, '16:00:00', '15:59:00', NULL, 135, '', '2017-06-21 00:44:20', 202, 18, 24),
(869, '2015-06-09 16:00:00', 1.563, 1.5625, 1.563, 1.564, '16:50:00', '15:59:00', NULL, 135, '', '2017-06-21 00:45:45', 202, 18, 24),
(870, '2015-06-08 16:00:00', 1.561, 1.5615, 1.562, 1.562, '16:26:00', '15:59:00', NULL, 0, '', '2017-06-21 00:46:41', 202, 18, 24),
(871, '2015-05-25 16:00:00', 1.373, 1.374, 1.376, 1.375, '16:00:00', '20:45:00', NULL, 345, '', '2017-06-21 01:02:04', 330, 2, 21),
(872, '2015-05-24 16:00:00', 1.373, 1.374, 1.376, 1.375, '16:00:00', '15:59:00', NULL, 345, '', '2017-06-21 01:03:15', 330, 2, 21),
(873, '2015-05-23 16:00:00', 1.373, 1.374, 1.376, 1.375, '16:00:00', '15:59:00', NULL, 345, '', '2017-06-21 01:04:29', 330, 2, 21),
(874, '2015-05-22 16:00:00', 1.373, 1.374, 1.376, 1.375, '20:00:00', '15:59:00', NULL, 345, '', '2017-06-21 01:05:40', 330, 2, 21),
(875, '2015-05-26 16:00:00', 1.477, 1.478, 1.477, 1.477, '16:00:00', '13:05:00', NULL, NULL, '', '2017-06-21 01:08:11', 328, 4, 22),
(876, '2015-05-25 16:00:00', 1.477, 1.478, 1.478, 1.477, '16:00:00', '15:59:00', NULL, NULL, '', '2017-06-21 01:12:03', 328, 4, 22),
(877, '2015-05-24 16:00:00', 1.477, 1.477, 1.477, 1.477, '16:00:00', '15:59:00', NULL, NULL, '', '2017-06-21 01:13:08', 328, 4, 22),
(878, '2015-05-23 16:00:00', 1.477, 1.477, 1.477, 1.477, '16:00:00', '15:59:00', NULL, NULL, '', '2017-06-21 01:14:03', 328, 4, 22),
(879, '2015-05-22 16:00:00', 1.477, 1.477, 1.477, 1.477, '01:45:00', '15:59:00', NULL, 225, '', '2017-06-21 01:16:12', 328, 4, 22),
(880, '2015-05-26 16:00:00', 1.094, 1.093, 1.094, 1.094, '16:00:00', '00:00:00', NULL, 330, '', '2017-06-21 01:20:24', 146, 7, 27),
(881, '2015-05-25 16:00:00', 1.094, 1.093, 1.094, 1.094, '16:00:00', '15:59:00', NULL, 330, '', '2017-06-21 01:21:26', 146, 7, 27),
(882, '2015-05-24 16:00:00', 1.094, 1.093, 1.094, 1.094, '16:00:00', '15:59:00', NULL, 330, '', '2017-06-21 01:23:36', 146, 7, 27),
(883, '2015-05-23 16:00:00', 1.094, 1.093, 1.094, 1.094, '16:00:00', '15:43:00', NULL, 330, '', '2017-06-21 01:24:39', 146, 7, 27),
(884, '2015-05-22 16:00:00', 1.094, 1.093, 1.094, 1.094, '01:35:00', '15:59:00', NULL, 330, '', '2017-06-21 01:25:35', 146, 7, 27),
(885, '2015-06-11 16:00:00', 1.4455, 1.446, 1.446, 1.4455, '16:00:00', '15:59:00', NULL, 0, '', '2017-06-21 01:28:10', 321, 4, 22),
(886, '2015-06-10 16:00:00', 1.4455, 1.446, 1.446, 1.4455, '16:00:00', '15:59:00', NULL, 0, '', '2017-06-21 01:28:56', 321, 4, 22),
(887, '2015-06-09 16:00:00', 1.4455, 1.446, 1.446, 1.4455, '16:00:00', '15:59:00', NULL, 0, '', '2017-06-21 01:30:05', 321, 4, 22),
(888, '2015-06-08 16:00:00', 1.4455, 1.446, 1.446, 1.4455, '17:44:00', '15:59:00', NULL, 0, '', '2017-06-21 01:31:23', 321, 4, 22),
(889, '2015-05-25 16:00:00', 1.575, 1.575, 1.575, 1.575, '16:00:00', '18:10:00', NULL, NULL, '', '2017-06-21 01:39:35', 322, 15, 28),
(890, '2015-05-24 16:00:00', 1.575, 1.575, 1.575, 1.575, '16:00:00', '15:59:00', NULL, NULL, '', '2017-06-21 01:46:44', 322, 15, 28),
(891, '2015-05-23 16:00:00', 1.575, 1.575, 1.575, 1.575, '16:00:00', '15:59:00', NULL, NULL, '', '2017-06-21 01:48:12', 322, 15, 28),
(892, '2015-05-22 16:00:00', 1.575, 1.575, 1.575, 1.575, '22:44:00', '15:59:00', NULL, NULL, '', '2017-06-21 01:50:25', 322, 15, 28),
(893, '2015-05-25 16:00:00', 1.383, 1.383, 1.384, 1.383, '16:00:00', '22:28:00', NULL, 265, '', '2017-06-21 01:54:14', 310, 9, 18),
(897, '2015-05-24 16:00:00', 1.383, 1.383, 1.384, 1.383, '02:30:00', '15:59:00', NULL, 265, '', '2017-06-21 01:58:38', 310, 9, 18),
(898, '2015-05-23 16:00:00', 1.383, 1.383, 1.384, 1.383, '16:00:00', '15:59:00', NULL, 265, '', '2017-06-21 02:00:10', 310, 9, 18),
(899, '2015-05-22 16:00:00', 1.383, 1.383, 1.384, 1.383, '18:09:00', '15:59:00', NULL, 265, '', '2017-06-21 02:01:55', 310, 9, 18),
(900, '2015-07-18 16:00:00', 1.574, 1.574, 1.575, 1.575, '16:00:00', '21:12:00', NULL, 315, '', '2017-06-21 02:33:14', 375, 9, 18),
(901, '2015-07-17 16:00:00', 1.574, 1.574, 1.575, 1.575, '16:00:00', '15:59:00', NULL, 315, '', '2017-06-21 02:50:19', 375, 9, 18),
(902, '2015-07-16 16:00:00', 1.574, 1.574, 1.575, 1.575, '16:00:00', '15:59:00', NULL, 315, '', '2017-06-21 04:19:20', 375, 9, 18),
(903, '2015-07-15 16:00:00', 1.574, 1.574, 1.575, 1.575, '22:00:00', '15:59:00', NULL, 315, 'Mrs. Lydia Martizano- Head Teacher II\nMr. Jose Lindo Principal I', '2017-06-21 04:21:37', 375, 9, 18),
(904, '2015-07-18 16:00:00', 1.505, 1.505, 1.506, 1.506, '16:00:00', '18:47:00', NULL, 0, '', '2017-06-21 04:25:32', 367, 16, 22),
(905, '2015-07-17 16:00:00', 1.505, 1.505, 1.505, 1.505, '16:00:00', '15:59:00', NULL, 0, '', '2017-06-21 04:27:53', 367, 16, 22),
(906, '2015-07-16 16:00:00', 1.505, 1.505, 1.505, 1.505, '16:00:00', '15:59:00', NULL, 0, '', '2017-06-21 04:28:55', 367, 16, 22),
(907, '2015-07-15 16:00:00', 1.505, 1.505, 1.505, 1.505, '16:00:00', '15:59:00', NULL, 0, '', '2017-06-21 04:29:42', 367, 16, 22),
(908, '2015-07-18 16:00:00', 1.525, 1.525, 1.526, 1.526, '16:00:00', '18:52:00', NULL, 135, '', '2017-06-21 04:31:33', 366, 15, 28),
(909, '2015-07-17 16:00:00', 1.525, 1.525, 1.526, 1.526, '16:00:00', '15:59:00', NULL, 135, '', '2017-06-21 04:33:08', 366, 15, 28),
(910, '2015-07-16 16:00:00', 1.525, 1.525, 1.526, 1.526, '16:00:00', '15:59:00', NULL, 135, '', '2017-06-21 04:34:13', 366, 15, 28),
(911, '2015-07-15 16:00:00', 1.525, 1.525, 1.526, 1.526, '20:29:00', '15:59:00', NULL, 135, 'Adjacent (Marker) to MDRRMO rain gauge, LGU Talacogon Compound, Contact Person : michael \"mike\" Sabacajan PS-II/ MDRRMO; LGU Talacogon, Agusan Del Sur; 09983846644 mdrrmo_tads@yahoo.com', '2017-06-21 04:54:05', 366, 15, 28),
(912, '2015-07-18 16:00:00', 1.331, 1.3315, 1.3315, 1.332, '16:00:00', '22:23:00', NULL, 355, '', '2017-06-21 04:57:32', 253, 20, 10),
(913, '2015-07-17 16:00:00', 1.332, 1.333, 1.333, 1.333, '16:00:00', '15:59:00', NULL, 355, '', '2017-06-21 04:58:56', 253, 20, 10),
(914, '2015-07-16 16:00:00', 1.332, 1.333, 1.333, 1.333, '16:00:00', '15:59:00', NULL, 355, '', '2017-06-21 05:00:29', 253, 20, 10),
(915, '2015-07-15 16:00:00', 1.3325, 1.3335, 0.13335, 1.3334, '21:00:00', '15:59:00', NULL, 355, 'Mrs. June Elizabeth C Dominos- Master Teacher I\n09055839006;\nMrs Anita O Gonzales - Principal\n09983780142;', '2017-06-21 05:02:26', 253, 20, 10),
(916, '2015-07-18 16:00:00', 1.579, 1.58, 1.581, 1.581, '16:00:00', '16:06:00', NULL, 2258, '', '2017-06-21 05:04:29', 376, 7, 27),
(917, '2015-07-17 16:00:00', 1.579, 1.58, 1.581, 1.581, '16:00:00', '00:00:00', NULL, 225, '', '2017-06-21 05:05:38', 376, 7, 27),
(918, '2015-07-16 16:00:00', 1.579, 1.58, 1.581, 1.581, '16:00:00', '15:59:00', NULL, 225, '', '2017-06-21 05:06:41', 376, 7, 27),
(919, '2015-07-15 16:00:00', 1.579, 1.58, 1.581, 1.581, '01:40:00', '15:59:00', NULL, 225, '', '2017-06-21 05:07:32', 376, 7, 27),
(920, '2015-07-23 16:00:00', 1.525, 1.525, 1.525, 1.525, '16:00:00', '18:51:00', NULL, 100, 'caretaker - Leonardo Elaygan\nP-16 Poblacion, Mawab Compostella Valley', '2017-06-21 05:13:43', 373, 16, 22),
(921, '2015-07-22 16:00:00', 1.525, 1.525, 1.525, 1.525, '16:00:00', '15:59:00', NULL, 100, '', '2017-06-21 05:15:26', 373, 16, 22),
(922, '2015-07-21 16:00:00', 1.525, 1.525, 1.525, 1.525, '16:00:00', '15:59:00', NULL, 100, '', '2017-06-21 05:16:14', 373, 16, 22),
(923, '2015-07-20 16:00:00', 1.525, 1.525, 1.525, 1.525, '16:00:00', '15:59:00', NULL, 100, '', '2017-06-21 05:17:17', 373, 16, 22),
(924, '2015-07-19 16:00:00', 1.525, 1.525, 1.525, 1.525, '01:46:00', '15:59:00', NULL, 100, '', '2017-06-21 05:18:15', 373, 16, 22),
(925, '2015-07-22 16:00:00', 1.424, 1.424, 1.424, 1.424, '16:00:00', '21:51:00', NULL, NULL, '', '2017-06-21 05:20:11', 259, 15, 28),
(926, '2015-07-21 16:00:00', 1.424, 1.424, 1.424, 1.424, '23:50:00', '15:59:00', NULL, 175, '', '2017-06-21 05:21:32', 259, 15, 28),
(927, '2015-07-21 16:00:00', 1.414, 1.414, 1.415, 1.41, '16:00:00', '23:34:00', NULL, 45, '-plumbing offset  2mm', '2017-06-21 05:23:03', 259, 15, 28),
(928, '2015-06-21 06:08:36', 1.414, 1.414, 1.415, 1.414, '16:00:00', '15:59:00', NULL, 45, '', '2017-06-21 05:31:50', 259, 15, 28),
(929, '2015-07-19 16:00:00', 1.414, 1.414, 1.415, 1.414, '00:16:00', '15:59:00', NULL, 45, 'Eleonor M. Subla; OIC- Principal I\n09099349113', '2017-06-21 05:34:19', 259, 15, 28),
(930, '2015-07-23 16:00:00', 1.5509, 1.5518, 1.55, 0, '16:00:00', '00:25:00', NULL, 340, '', '2017-06-21 05:36:06', 255, 2, 21),
(931, '2015-07-22 16:00:00', 1.5509, 1.5518, 1.552, 1.5519, '16:00:00', '00:25:00', NULL, 340, '', '2017-06-21 05:37:19', 255, 2, 21),
(932, '2015-07-21 16:00:00', 1.551, 1.5515, 1.552, 1.5515, '16:00:00', '19:27:00', NULL, 340, '', '2017-06-21 05:39:11', 255, 2, 21),
(933, '2015-07-21 16:00:00', 1.5511, 1.5526, 1.5529, 1.5525, '19:42:00', '15:59:00', NULL, 345, '-Guard Santiago : 09463582676', '2017-06-21 05:40:42', 255, 2, 21),
(934, '2015-07-20 16:00:00', 1.5505, 1.551, 1.5515, 1.551, '16:00:00', '15:59:00', NULL, 340, '', '2017-06-21 05:59:39', 255, 2, 21),
(935, '2015-07-19 16:00:00', 1.5505, 1.551, 1.5515, 1.551, '21:16:00', '15:59:00', NULL, 340, 'Rebecca T. Montante - 09088151420 Principal', '2017-06-21 06:01:05', 255, 2, 21),
(936, '2015-07-23 16:00:00', 1.5052, 1.5051, 1.5059, 1.5051, '16:00:00', '20:45:00', NULL, NULL, '', '2017-06-21 06:03:07', 252, 13, 10),
(937, '2015-07-22 16:00:00', 1.5053, 1.5051, 1.5057, 1.5052, '16:00:00', '15:59:00', NULL, 285, '', '2017-06-21 06:04:16', 252, 13, 10),
(938, '2015-07-21 16:00:00', 1.505, 1.505, 1.505, 1.505, '16:00:00', '17:39:00', NULL, 285, '', '2017-06-21 06:05:15', 252, 13, 9),
(941, '2015-07-19 16:00:00', 1.505, 1.505, 1.505, 1.505, '16:00:00', '15:59:00', NULL, 285, 'Roseller C . Sim (SG) : \nEva Josue 09985544108', '2017-06-22 02:21:20', 252, 13, 9),
(942, '2015-07-20 16:00:00', 1.505, 1.505, 1.505, 1.505, '16:00:00', '15:59:00', NULL, 285, '', '2017-06-22 02:23:39', 252, 13, 9),
(943, '2015-07-21 16:00:00', 1.506, 1.507, 1.5065, 1.506, '18:00:00', '15:59:00', NULL, 285, '', '2017-06-22 02:25:39', 252, 13, 10),
(944, '2015-07-22 16:00:00', 1.527, 1.529, 1.5295, 1.5295, '16:00:00', '15:59:00', NULL, 102, '', '2017-06-22 04:27:26', 374, 9, 18),
(945, '2015-07-21 16:00:00', 1.527, 1.526, 1.529, 1.529, '16:00:00', '15:59:00', NULL, 102, '', '2017-06-22 04:56:59', 374, 9, 18),
(946, '2015-07-20 16:00:00', 1.527, 1.526, 1.529, 1.529, '04:48:00', '15:59:00', NULL, 102, '', '2017-06-22 04:58:39', 374, 9, 18),
(947, '2015-07-23 16:00:00', 1.584, 1.584, 1.585, 1.585, '16:00:00', '04:11:00', NULL, 45, '', '2017-06-22 05:04:21', 378, 7, 27),
(948, '2015-07-22 16:00:00', 1.584, 1.584, 1.585, 1.585, '16:00:00', '15:59:00', NULL, 45, '', '2017-06-22 05:05:18', 378, 7, 27),
(949, '2015-07-21 16:00:00', 1.584, 1.584, 1.585, 1.585, '16:00:00', '15:59:00', NULL, 45, '', '2017-06-22 05:06:32', 378, 7, 27),
(950, '2015-07-20 16:00:00', 1.584, 1.584, 1.585, 1.585, '16:00:00', '15:59:00', NULL, 45, '', '2017-06-22 05:08:00', 378, 7, 27),
(951, '2015-07-19 16:00:00', 1.584, 1.584, 1.585, 1.585, '21:06:00', '15:59:00', NULL, 45, 'camilo andoyo / 09486366050', '2017-06-22 05:10:03', 378, 7, 27),
(952, '2015-07-23 16:00:00', 1.514, 1.514, 1.514, 1.514, '16:00:00', '02:37:00', NULL, 427, '', '2017-06-22 05:12:08', 377, 11, 17),
(953, '2015-07-22 16:00:00', 1.514, 1.514, 1.514, 1.514, '16:00:00', '15:59:00', NULL, 247, '', '2017-06-22 05:13:00', 377, 11, 17),
(954, '2015-07-21 16:00:00', 1.514, 1.514, 1.514, 1.514, '16:00:00', '15:59:00', NULL, 247, '', '2017-06-22 05:13:45', 377, 11, 17),
(957, '2015-07-20 16:00:00', 1.514, 1.514, 1.514, 1.514, '16:00:00', '15:59:00', NULL, 297, 'pull out : 6:37PM July 24 2015', '2017-06-22 05:15:21', 377, 11, 17),
(959, '2015-07-19 16:00:00', 1.514, 1.514, 1.514, 1.514, '23:00:00', '15:59:00', NULL, 247, '', '2017-06-22 05:16:35', 377, 11, 17),
(960, '2015-07-22 16:00:00', 1.411, 1.411, 1.411, 1.411, '16:00:00', '20:14:00', NULL, 85, '', '2017-06-22 05:18:32', 55, 19, 24),
(961, '2015-07-21 16:00:00', 1.411, 1.411, 1.411, 1.411, '16:00:00', '15:59:00', NULL, 85, '', '2017-06-22 05:19:21', 55, 19, 24),
(962, '2015-07-20 16:00:00', 1.411, 1.411, 1.411, 1.411, '16:00:00', '15:59:00', NULL, 85, '', '2017-06-22 05:20:09', 55, 19, 24),
(963, '2015-07-19 16:00:00', 1.411, 1.411, 1.411, 1.411, '22:46:00', '15:59:00', NULL, 85, '', '2017-06-27 00:19:41', 55, 19, 24),
(964, '2015-07-26 16:00:00', 1.562, 1.562, 1.562, 1.562, '16:00:00', '18:06:00', NULL, 23, '', '2017-06-27 00:23:02', 254, 15, 28),
(965, '2015-07-25 16:00:00', 1.562, 1.562, 1.562, 1.562, '16:00:00', '15:59:00', NULL, 23, '', '2017-06-27 00:27:29', 254, 15, 28),
(966, '2015-07-25 16:00:00', 1.562, 1.562, 1.562, 1.562, '16:00:00', '15:59:00', NULL, 23, '', '2017-06-27 00:31:04', 254, 15, 28),
(967, '2015-07-24 16:00:00', 1.562, 1.562, 1.562, 1.562, '16:00:00', '15:59:00', NULL, 23, '', '2017-06-27 00:32:38', 254, 15, 28),
(968, '2015-07-23 16:00:00', 1.562, 1.562, 1.562, 1.562, '16:00:00', '15:59:00', NULL, 23, '', '2017-06-27 00:34:47', 254, 15, 28),
(969, '2015-07-22 16:00:00', 1.562, 1.562, 1.562, 1.562, '05:43:00', '15:59:00', NULL, 23, 'Marker partly chipped off\nRey N Oblig\n(Principal II) 09263718388\nAngelito E. Pagaran\n(Teacher II)\n09166462788', '2017-06-27 00:37:00', 254, 15, 28),
(970, '2015-07-26 16:00:00', 1.2135, 1.2145, 1.215, 1.2145, '16:00:00', '20:17:00', NULL, 10, '', '2017-06-27 00:46:32', 920, 2, 21),
(971, '2015-07-25 16:00:00', 1.213, 1.2135, 1.214, 1.214, '16:00:00', '15:59:00', NULL, 10, '', '2017-06-27 00:54:37', 920, 2, 21),
(972, '2015-07-24 16:00:00', 1.213, 1.2135, 1.214, 1.214, '16:00:00', '15:59:00', NULL, 10, '', '2017-06-27 00:55:45', 920, 2, 21),
(973, '2015-07-23 16:00:00', 1.213, 1.2135, 1.214, 1.214, '01:07:00', '15:59:00', NULL, 10, 'Duanne Pizarro (SG) 09092059680', '2017-06-27 00:57:28', 920, 2, 21),
(974, '2015-07-25 16:00:00', 1.301, 1.301, 1.301, 1.301, '16:00:00', '00:54:00', NULL, 280, '', '2017-06-27 01:00:19', 555, 19, 24),
(975, '2015-07-24 16:00:00', 1.301, 1.301, 1.301, 1.301, '16:00:00', '15:59:00', NULL, 280, '', '2017-06-27 01:01:23', 555, 19, 24),
(976, '2015-07-23 16:00:00', 1.301, 1.301, 1.301, 1.301, '21:36:00', '15:59:00', NULL, 280, '', '2017-06-27 01:02:27', 555, 19, 24),
(977, '2015-07-26 16:00:00', 1.4545, 1.454, 1.455, 1.4551, '16:00:00', '16:50:00', NULL, 235, '', '2017-06-27 01:07:06', 249, 13, 10),
(978, '2015-07-25 16:00:00', 1.4454, 1.4532, 1.4532, 1.4546, '16:00:00', '15:59:00', NULL, 235, '', '2017-06-27 01:09:48', 249, 13, 10),
(979, '2015-07-24 16:00:00', 1.4454, 1.4532, 1.4542, 1.4546, '16:00:00', '15:59:00', NULL, 235, '', '2017-06-27 01:11:31', 249, 13, 10),
(980, '2015-07-23 16:00:00', 1.4454, 1.4532, 1.4542, 1.4546, '21:23:00', '15:59:00', NULL, 235, '', '2017-06-27 01:12:42', 249, 13, 10),
(981, '2015-07-26 16:00:00', 1.58, 1.5805, 1.581, 1.581, '16:00:00', '01:25:00', NULL, 300, '', '2017-06-27 01:16:52', 371, 9, 18),
(982, '2015-07-25 16:00:00', 1.58, 1.5805, 1.581, 1.581, '16:00:00', '15:59:00', NULL, 300, '', '2017-06-27 01:18:33', 371, 9, 18),
(983, '2015-07-24 16:00:00', 1.58, 1.5805, 1.581, 1.581, '16:00:00', '15:59:00', NULL, 300, '', '2017-06-27 01:19:58', 371, 9, 18),
(984, '2015-07-23 16:00:00', 1.58, 1.5805, 1.581, 1.581, '01:00:00', '15:59:00', NULL, 300, '', '2017-06-27 01:21:07', 371, 9, 18),
(985, '2015-07-26 16:00:00', 1.539, 1.54, 1.54, 1.54, '16:00:00', '00:00:00', NULL, 270, '', '2017-06-27 01:23:57', 372, 16, 22),
(986, '2015-07-25 16:00:00', 1.539, 1.54, 1.54, 1.54, '16:00:00', '15:59:00', NULL, 270, '', '2017-06-27 01:25:17', 372, 16, 22),
(987, '2015-07-24 16:00:00', 1.539, 1.54, 1.54, 1.54, '16:00:00', '15:59:00', NULL, 270, '', '2017-06-27 01:26:23', 372, 16, 22),
(988, '2015-07-23 16:00:00', 1.539, 1.54, 1.54, 1.54, '21:15:00', '15:59:00', NULL, 270, '', '2017-06-27 01:27:34', 372, 16, 22),
(989, '2015-09-21 16:00:00', 1.4245, 1.425, 1.42475, 1.4245, '21:39:00', '15:59:00', NULL, 230, '', '2017-06-27 01:31:17', 761, 7, 21),
(990, '2015-09-22 16:00:00', 1.42425, 1.42425, 1.4245, 1.424, '16:00:00', '15:59:00', NULL, 230, '', '2017-06-27 01:32:56', 761, 7, 21),
(991, '2015-09-23 16:00:00', 1.424, 1.4245, 1.4245, 1.424, '16:00:00', '15:59:00', NULL, 230, '', '2017-06-27 01:34:40', 761, 7, 21),
(992, '2015-09-25 16:00:00', 1.42425, 1.42475, 1.4245, 1.4245, '16:00:00', '20:48:00', NULL, 230, '', '2017-06-27 01:36:18', 761, 7, 21),
(993, '2015-09-25 16:00:00', 1.28925, 1.28975, 1.28975, 1.28925, '16:00:00', '00:13:00', NULL, 230, '', '2017-06-27 01:38:32', 262, 2, 20),
(994, '2015-09-23 16:00:00', 1.288, 1.2895, 1.2895, 1.289, '16:00:00', '15:59:00', NULL, 230, '', '2017-06-27 01:43:55', 262, 2, 20),
(995, '2015-09-22 16:00:00', 1.289, 1.28925, 1.2905, 1.28975, '21:09:00', '15:59:00', NULL, 230, '', '2017-06-27 01:46:27', 262, 2, 20),
(996, '2015-09-25 16:00:00', 1.45825, 1.45825, 1.46025, 1.45915, '16:00:00', '21:58:00', NULL, 300, '', '2017-06-27 01:48:17', 263, 9, 28),
(997, '2015-09-23 16:00:00', 1.4585, 1.4585, 1.46025, 1.4925, '16:00:00', '15:59:00', NULL, 300, '', '2017-06-27 01:50:26', 263, 9, 28),
(998, '2015-09-21 16:00:00', 1.4585, 1.4585, 1.46, 1.459, '19:18:00', '15:59:00', NULL, 300, '', '2017-06-27 01:51:37', 263, 9, 28),
(999, '2015-09-24 16:00:00', 1.439, 1.439, 1.439, 1.44, '16:00:00', '22:31:00', NULL, 125, '', '2017-06-27 01:54:49', 436, 19, 27),
(1000, '2015-09-23 16:00:00', 1.439, 1.439, 1.439, 1.44, '22:30:00', '15:59:00', NULL, 125, '', '2017-06-27 01:56:45', 436, 19, 27),
(1001, '2015-09-22 16:00:00', 1.439, 1.439, 1.439, 1.44, '21:55:00', '15:59:00', NULL, 125, '', '2017-06-27 01:58:01', 436, 19, 27),
(1002, '2015-09-21 16:00:00', 1.439, 1.439, 1.439, 1.44, '23:47:00', '15:59:00', NULL, 125, '', '2017-06-27 01:59:26', 436, 19, 27),
(1003, '2015-09-24 16:00:00', 1.553, 1.553, 1.554, 1.553, '16:00:00', '18:45:00', NULL, 275, '', '2017-06-27 02:01:40', 435, 13, 24),
(1004, '2015-09-23 16:00:00', 1.553, 1.553, 1.554, 1.553, '18:30:00', '15:59:00', NULL, 275, '', '2017-06-27 02:03:04', 435, 13, 24),
(1005, '2015-09-22 16:00:00', 1.553, 1.553, 1.554, 1.553, '18:00:00', '15:59:00', NULL, 275, '', '2017-06-27 02:04:24', 435, 13, 24),
(1006, '2015-09-21 16:00:00', 1.553, 1.553, 1.554, 1.553, '17:39:00', '15:59:00', NULL, 275, '', '2017-06-27 02:05:48', 435, 13, 24),
(1007, '2015-09-25 16:00:00', 1.41125, 1.41125, 1.412, 1.41125, '16:00:00', '23:08:00', NULL, 300, '', '2017-06-27 02:08:26', 341, 5, 22),
(1008, '2015-09-24 16:00:00', 1.4115, 1.4115, 1.412, 1.4115, '16:00:00', '15:59:00', NULL, 300, '', '2017-06-27 02:13:51', 341, 5, 22),
(1009, '2015-09-23 16:00:00', 1.4125, 1.41175, 1.4125, 1.412, '16:00:00', '15:59:00', NULL, 300, '', '2017-06-27 02:16:29', 341, 5, 22),
(1010, '2015-09-23 16:00:00', 1.4125, 1.41175, 1.4125, 1.412, '16:00:00', '15:59:00', NULL, 300, '', '2017-06-27 02:18:07', 341, 5, 22),
(1011, '2015-09-22 16:00:00', 1.4115, 1.41175, 1.41225, 1.412, '03:57:00', '15:59:00', NULL, 300, '', '2017-06-27 02:19:18', 341, 5, 22),
(1012, '2015-09-21 16:00:00', 1.411, 1.41125, 1.412, 1.4115, '00:00:00', '15:59:00', NULL, 300, '', '2017-06-27 02:24:49', 341, 5, 18),
(1013, '2015-09-24 16:00:00', 1.672, 1.673, 1.673, 1.673, '16:00:00', '19:30:00', NULL, 0, '', '2017-06-27 02:34:18', 358, 18, 10),
(1014, '2015-09-23 16:00:00', 1.672, 1.673, 1.673, 1.672, '19:53:00', '15:59:00', NULL, 0, '', '2017-06-27 02:36:14', 358, 18, 10),
(1015, '2015-09-22 16:00:00', 1.672, 1.673, 1.673, 1.672, '19:29:00', '15:59:00', NULL, 0, '', '2017-06-27 02:37:31', 358, 18, 10),
(1016, '2015-09-21 16:00:00', 1.672, 1.673, 1.672, 1.672, '20:20:00', '15:59:00', NULL, 0, '', '2017-06-27 02:39:51', 358, 18, 10),
(1017, '2015-09-28 16:00:00', 1.527, 1.527, 1.528, 1.528, '16:00:00', '00:10:00', NULL, 340, '', '2017-06-27 02:41:55', 61, 19, 27),
(1018, '2015-09-27 16:00:00', 1.527, 1.527, 1.528, 1.528, '16:00:00', '15:59:00', NULL, 340, '', '2017-06-27 02:44:18', 61, 19, 27),
(1019, '2015-09-26 16:00:00', 1.527, 1.527, 1.528, 1.528, '16:00:00', '15:59:00', NULL, 340, '', '2017-06-27 02:46:37', 61, 19, 27),
(1020, '2015-09-25 16:00:00', 1.527, 1.527, 1.528, 1.528, '00:51:00', '15:59:00', NULL, 340, '', '2017-06-27 02:47:45', 61, 19, 27),
(1021, '2015-09-29 16:00:00', 1.389, 1.39, 1.392, 1.39115, '16:00:00', '18:38:00', NULL, 230, '', '2017-06-27 02:49:29', 264, 9, 28),
(1022, '2015-09-28 16:00:00', 1.38975, 1.39125, 1.39175, 1.39125, '16:00:00', '15:59:00', NULL, 230, '', '2017-06-27 02:50:41', 264, 9, 28),
(1023, '2015-09-27 16:00:00', 1.3875, 1.3915, 1.392, 1.392, '16:00:00', '15:59:00', NULL, 230, '', '2017-06-27 02:51:39', 264, 9, 28),
(1024, '2015-09-26 16:00:00', 1.38975, 1.3915, 1.392, 1.3915, '20:07:00', '15:59:00', NULL, 230, '', '2017-06-27 02:52:45', 264, 9, 28),
(1025, '2015-09-28 16:00:00', 1.571, 1.571, 1.571, 1.571, '16:00:00', '01:16:00', NULL, 90, '', '2017-06-27 03:46:17', 57, 18, 10),
(1026, '2015-09-27 16:00:00', 1.571, 1.571, 1.571, 1.571, '16:00:00', '15:59:00', NULL, 90, '', '2017-06-27 03:49:48', 57, 18, 10),
(1027, '2015-09-25 16:00:00', 1.571, 1.571, 1.571, 1.571, '23:11:00', '15:59:00', NULL, 90, '', '2017-06-27 03:51:42', 57, 18, 10),
(1028, '2015-09-29 16:00:00', 1.568, 1.568, 1.568, 1.568, '16:00:00', '23:37:00', NULL, 10, '', '2017-06-27 03:54:53', 58, 13, 24),
(1029, '2015-09-28 16:00:00', 1.568, 1.568, 1.568, 1.568, '16:00:00', '15:59:00', NULL, 10, '', '2017-06-27 03:59:54', 58, 13, 24),
(1030, '2015-09-27 16:00:00', 1.568, 1.568, 1.568, 1.568, '16:00:00', '15:59:00', NULL, 100, '', '2017-06-27 04:06:52', 58, 13, 24),
(1031, '2015-09-26 16:00:00', 1.568, 1.568, 1.568, 1.568, '18:58:00', '15:59:00', NULL, 10, '', '2017-06-27 04:10:45', 58, 13, 24),
(1032, '2015-09-29 16:00:00', 1.438, 1.438, 1.439, 1.439, '16:00:00', '21:30:00', NULL, 305, '', '2017-06-27 04:13:04', 59, 23, 16),
(1033, '2015-09-28 16:00:00', 1.438, 1.438, 1.439, 1.439, '16:00:00', '15:59:00', NULL, 305, '', '2017-06-27 04:14:19', 59, 23, 16),
(1034, '2015-09-27 16:00:00', 1.438, 1.438, 1.439, 1.439, '16:00:00', '15:59:00', NULL, 305, '', '2017-06-27 04:15:23', 59, 23, 16),
(1035, '2015-09-26 16:00:00', 1.438, 1.438, 1.439, 1.439, '23:31:00', '15:59:00', NULL, 305, 'Frenan Toelado 09436436327', '2017-06-27 04:16:56', 59, 23, 16),
(1036, '2015-09-29 16:00:00', 1.38075, 1.38075, 1.381, 1.38075, '16:00:00', '21:31:00', NULL, 300, '', '2017-06-27 04:19:06', 52, 5, 22),
(1037, '2015-09-28 16:00:00', 1.38075, 1.381, 1.3815, 1.381, '16:00:00', '15:59:00', NULL, 300, '', '2017-06-27 04:23:00', 52, 5, 22),
(1038, '2015-09-27 16:00:00', 1.38, 1.38075, 1.381, 1.38075, '16:00:00', '15:59:00', NULL, 300, '', '2017-06-27 04:23:56', 52, 5, 22),
(1039, '2015-09-26 16:00:00', 1.38025, 1.3805, 1.381, 1.38025, '00:19:00', '15:59:00', NULL, 300, '', '2017-06-27 04:25:02', 52, 5, 22),
(1040, '2015-10-04 16:00:00', 1.4285, 1.4285, 1.429, 1.42975, '16:00:00', '16:01:17', NULL, 80, '', '2017-06-27 04:31:31', 864, 7, 20),
(1041, '2015-10-03 16:00:00', 1.428, 1.428, 1.4285, 1.42925, '16:00:00', '15:59:00', NULL, 80, '', '2017-06-27 04:51:40', 864, 7, 20),
(1042, '2015-10-02 16:00:00', 1.42815, 1.42815, 1.42875, 1.42915, '16:00:00', '15:59:00', NULL, 80, '', '2017-06-27 04:54:57', 864, 7, 20),
(1043, '2015-10-01 16:00:00', 1.428, 1.428, 1.42875, 1.42915, '16:00:00', '15:59:00', NULL, 80, '', '2017-06-27 05:01:58', 864, 7, 20),
(1044, '2015-09-30 16:00:00', 1.42815, 1.42815, 1.42875, 1.43, '03:18:00', '15:59:00', NULL, 80, '', '2017-06-27 05:09:18', 864, 7, 20),
(1045, '2015-10-04 16:00:00', 1.3805, 1.38075, 1.381, 1.3805, '16:00:00', '20:49:00', NULL, 90, '', '2017-06-27 05:12:31', 847, 11, 21),
(1046, '2015-10-03 16:00:00', 1.3815, 1.3805, 1.38075, 1.3805, '22:06:00', '15:59:00', NULL, 90, '', '2017-06-27 05:13:56', 847, 11, 21),
(1047, '2015-10-03 16:00:00', 1.339, 1.33975, 1.3395, 1.33875, '16:00:00', '21:50:00', NULL, 68, '', '2017-06-27 05:15:45', 847, 11, 21),
(1048, '2015-10-02 16:00:00', 1.3395, 1.34075, 1.34, 1.33975, '16:00:00', '15:59:00', NULL, 68, 'benchmark is 23 steps from the edge of basketball court', '2017-06-27 05:17:38', 847, 11, 21),
(1049, '2015-10-01 16:00:00', 1.33925, 1.3415, 1.34, 1.3395, '16:00:00', '15:59:00', NULL, 68, '', '2017-06-27 05:18:47', 847, 11, 21),
(1050, '2015-09-30 16:00:00', 1.3395, 1.33975, 1.33975, 1.3395, '21:23:00', '15:59:00', NULL, 68, '', '2017-06-27 05:19:45', 847, 11, 21),
(1051, '2015-10-03 16:00:00', 1.363, 1.364, 1.364, 1.364, '16:11:00', '15:59:00', NULL, 260, '', '2017-06-27 06:30:20', 177, 4, 13),
(1052, '2014-02-07 16:00:00', 1.363, 1.364, 1.364, 1.364, '16:11:00', '15:59:00', NULL, 260, '', '2017-06-27 06:33:20', 177, 4, 13),
(1053, '2014-02-10 16:00:00', 1.363, 1.364, 1.364, 1.364, '16:00:00', '14:06:00', NULL, 2620, '', '2017-06-27 06:35:52', 177, 4, 13),
(1054, '2014-02-08 16:00:00', 1.363, 1.364, 1.364, 1.364, '16:00:00', '15:59:00', NULL, 260, '', '2017-06-27 06:37:10', 177, 4, 13),
(1055, '2014-02-10 16:00:00', 1.532, 1.532, 1.532, 1.532, '16:00:00', '00:13:00', NULL, 180, '', '2017-06-27 06:43:41', 205, 16, 26),
(1056, '2014-02-09 16:00:00', 1.532, 1.532, 1.5325, 1.5325, '16:00:00', '15:59:00', NULL, 180, '02/10/2014 12:44 tripod legs were found unlocked during inspection (2 out of 3 legs)', '2017-06-27 06:46:29', 205, 16, 26),
(1057, '2014-02-10 16:00:00', 1.465, 1.4655, 1.4655, 1.465, '00:05:00', '15:59:00', NULL, 200, '', '2017-06-27 06:49:56', 699, 20, 10),
(1058, '2014-02-11 16:00:00', 1.4912, 1.4912, 1.4912, 1.4912, '16:00:00', '15:59:00', NULL, 90, '', '2017-06-27 06:54:59', 174, 2, 9),
(1059, '2014-02-09 16:00:00', 1.4912, 1.4912, 1.4912, 1.4912, '17:27:00', '15:59:00', NULL, 90, '', '2017-06-27 07:08:29', 174, 2, 9),
(1060, '2014-02-08 16:00:00', 1.53, 1.531, 1.531, 1.531, '16:00:00', '15:59:01', NULL, 180, '', '2017-06-27 07:22:17', 205, 16, 26),
(1061, '2014-02-07 16:00:00', 1.53, 1.531, 1.531, 1.531, '23:20:00', '15:59:00', NULL, 180, '', '2017-06-27 07:23:39', 205, 16, 26),
(1062, '2014-02-10 16:00:00', 1.357, 1.357, 1.358, 1.358, '16:00:00', '02:40:00', NULL, NULL, '', '2017-06-27 07:25:39', 193, 7, 16),
(1063, '2014-02-09 16:00:00', 1.358, 1.358, 1.3585, 1.358, '16:00:00', '15:59:00', NULL, 344, '', '2017-06-27 07:27:41', 193, 7, 16),
(1064, '2014-02-08 16:00:00', 1.358, 1.358, 1.3585, 1.358, '21:40:00', '15:59:00', NULL, 344, '', '2017-06-27 07:30:06', 193, 7, 16),
(1065, '2014-02-07 16:00:00', 1.358, 1.3585, 1.358, 1.358, '21:13:00', '15:59:00', NULL, 344, '', '2017-06-27 07:31:18', 193, 7, 16),
(1066, '2014-02-10 16:00:00', 1.498, 1.497, 1.498, 1.497, '16:00:00', '01:50:00', NULL, 10, 'caretaker : king fabella ; 09215989303', '2017-06-28 07:46:11', 192, 5, 14),
(1067, '2014-02-09 16:00:00', 1.498, 1.498, 1.498, 1.498, '16:00:00', '15:59:00', NULL, 10, '', '2017-06-28 07:47:55', 192, 5, 14),
(1068, '2014-02-08 16:00:00', 1.498, 1.498, 1.498, 1.498, '16:00:00', '15:59:00', NULL, 10, '', '2017-06-28 07:49:05', 192, 5, 14),
(1069, '2014-02-07 16:00:00', 1.498, 1.498, 1.498, 1.498, '22:07:00', '15:59:00', NULL, 10, '', '2017-06-28 08:03:39', 192, 5, 14),
(1070, '2014-02-12 16:00:00', 1.475, 1.475, 1.475, 1.475, '16:00:00', '15:59:00', NULL, NULL, '', '2017-06-28 08:06:14', 170, 7, 16),
(1071, '2014-02-11 16:00:00', 1.474, 1.474, 1.475, 1.475, '17:21:00', '00:00:00', NULL, 275, '', '2017-06-28 08:10:33', 170, 7, 16),
(1072, '2014-02-14 16:00:00', 1.475, 1.475, 1.475, 1.475, '16:00:00', '14:19:00', NULL, NULL, '', '2017-06-30 00:27:44', 170, 7, 16),
(1073, '2014-02-11 16:00:00', 1.465, 1.4655, 1.4655, 1.465, '16:00:00', '15:59:00', NULL, 200, '', '2017-06-30 00:41:15', 699, 20, 10),
(1074, '2014-02-12 16:00:00', 1.465, 1.4655, 1.4655, 1.465, '16:00:00', '15:59:00', NULL, 200, '', '2017-06-30 00:45:01', 699, 20, 10),
(1075, '2014-01-13 16:00:00', 1.465, 1.466, 1.466, 1.466, '16:00:00', '16:22:00', NULL, 200, '', '2017-06-30 00:47:32', 699, 20, 10),
(1076, '2014-02-16 16:00:00', 1.4465, 1.4465, 1.4465, 1.4465, '16:00:00', '19:30:00', NULL, NULL, '', '2017-06-30 00:50:37', 668, 4, 13),
(1077, '2014-02-15 16:00:00', 1.4465, 1.4465, 1.4465, 1.4465, '16:00:00', '15:59:00', NULL, NULL, '', '2017-06-30 00:52:37', 668, 4, 13),
(1078, '2014-02-14 16:00:00', 1.4465, 1.4465, 1.4465, 1.4465, '19:53:00', '15:59:00', NULL, 315, '', '2017-06-30 00:56:03', 668, 4, 13),
(1079, '2014-02-16 16:00:00', 1.437, 1.438, 1.437, 1.438, '16:00:00', '20:21:00', NULL, 200, '', '2017-06-30 01:00:21', 166, 7, 16),
(1080, '2014-02-15 16:00:00', 1.438, 1.4385, 1.438, 1.4385, '16:00:00', '15:59:00', NULL, 200, '', '2017-06-30 01:01:41', 166, 7, 16),
(1081, '2014-02-14 16:00:00', 1.438, 1.438, 1.438, 1.4385, '17:38:00', '15:59:00', NULL, 200, '', '2017-06-30 01:02:59', 166, 7, 16),
(1082, '2014-02-12 16:00:00', 1.516, 1.516, 1.516, 1.516, '16:00:00', '15:59:00', NULL, 90, '', '2017-06-30 01:04:38', 173, 4, 13),
(1083, '2014-02-11 16:00:00', 1.516, 1.516, 1.516, 1.516, '15:30:00', '15:59:00', NULL, 90, '', '2017-06-30 01:05:57', 173, 4, 16),
(1084, '2014-02-13 16:00:00', 1.516, 1.516, 1.516, 1.516, '16:00:57', '01:11:00', NULL, NULL, '', '2017-06-30 01:07:26', 173, 4, 13),
(1085, '2014-02-11 16:00:00', 1.51, 1.51, 1.511, 1.511, '18:26:00', '15:59:00', NULL, 70, '', '2017-06-30 01:14:02', 195, 18, 27),
(1086, '2014-02-11 16:00:00', 1.4, 1.4, 1.4, 1.4, '19:48:00', '15:59:00', NULL, 311, '', '2017-06-30 01:18:43', 196, 5, 14),
(1087, '2014-02-13 16:00:00', 145.865, 145.85, 145.85, 145.85, '22:40:00', '15:59:00', NULL, 160, '', '2017-06-30 01:23:35', 698, 14, 18),
(1088, '2014-02-11 16:00:00', 1.308, 1.309, 1.31, 1.31, '22:50:00', '15:59:00', NULL, 120, 'Jojo Dreio 09125923486', '2017-06-30 01:28:05', 167, 16, 26),
(1089, '2014-03-14 16:00:00', 1.254, 1.254, 1.254, 1.254, '03:24:00', '15:59:00', NULL, NULL, 'on the second day we need to re install because it was dis align and the bubble not in center', '2017-06-30 01:31:54', 243, 4, 13),
(1090, '2014-03-15 16:00:00', 1.238, 1.238, 1.238, 1.238, '05:06:00', '15:59:00', NULL, NULL, '', '2017-06-30 01:34:06', 243, 4, 13),
(1091, '2014-03-16 16:00:00', 1.379, 1.379, 1.379, 1.379, '19:10:00', '15:59:00', NULL, 185, '3/18/14 6:55 Illegal termination had occurred although (12.60V) with enough power supply;\n3/19/14 15:55 12.58V but down again;\n3/20/14 07:30 12.7 w.o.l we found out that the receiver is off', '2017-06-30 01:45:57', 244, 11, 21),
(1092, '2014-03-15 16:00:00', 1.472, 1.472, 1.472, 1.472, '01:31:00', '17:31:00', NULL, NULL, '', '2017-06-30 01:49:55', 352, 21, 36),
(1093, '2014-03-15 16:00:00', 1.464, 1.464, 1.465, 1.465, '18:50:00', '00:03:00', NULL, 195, '', '2017-06-30 02:03:39', 248, 16, 26),
(1094, '2014-03-17 16:00:00', 1.169, 1.169, 1.17, 1.169, '16:00:00', '15:59:00', NULL, 295, '', '2017-06-30 02:08:31', 348, 2, 9),
(1095, '2014-02-16 16:00:00', 1.169, 1.169, 1.17, 1.69, '16:00:00', '15:59:00', NULL, 295, '', '2017-06-30 02:10:53', 348, 2, 9),
(1096, '2014-03-15 16:00:00', 1.169, 1.169, 1.17, 1.169, '00:23:00', '15:59:00', NULL, 295, '', '2017-06-30 02:12:58', 348, 2, 9),
(1097, '2014-03-14 16:00:00', 1.263, 1.263, 1.264, 1.262, '06:06:00', '15:59:00', NULL, NULL, '', '2017-06-30 05:16:46', 245, 18, 27),
(1098, '2014-03-14 16:00:00', 1.241, 1.24, 1.24, 1.239, '08:03:00', '15:59:00', NULL, NULL, '', '2017-06-30 07:20:00', 249, 5, 14),
(1099, '2014-03-17 16:00:00', 1.37, 1.37, 1.372, 1.371, '16:00:00', '15:59:00', NULL, 265, '', '2017-06-30 08:05:21', 347, 14, 18),
(1100, '2014-03-16 16:00:00', 1.37, 1.37, 1.372, 1.371, '18:25:00', '15:59:00', NULL, 265, '', '2017-06-30 08:16:42', 347, 14, 18),
(1101, '2014-03-17 16:00:00', 1.355, 1.354, 1.355, 1.356, '16:00:00', '15:59:00', NULL, 130, '', '2017-06-30 08:20:45', 351, 7, 16),
(1102, '2016-03-16 16:00:00', 1.507, 1.506, 1.506, 1.506, '16:00:15', '15:59:37', NULL, 149, 'P1 12.35 P2 11.15 YELLOW & RED LIGHTS BLINKING', '2017-08-01 05:10:53', 196, 11, 16),
(1103, '2017-07-12 16:00:00', 1.2615, 1.26275, 1.2622, 1.263, '23:27:07', '15:59:18', NULL, 280, 'BATTERY VOLTAGE: 13.00V', '2017-08-01 05:35:08', 125, 2, 18),
(1104, '2017-07-12 16:00:00', 1.1515, 1.152, 1.152, 1.1525, '21:22:26', '15:59:39', NULL, 200, 'NO DATA\nBATTERY VOLTAGE 13.00 V\nWARNING: CARETAKER MAY OR MAY NOT BE HARD OF HEARING; WILL MAKE EVERY ATTEMPT TO MILK OBSERVERS OF PAYMENT FOR ANYTHING FROM CIGARETTE EXPENSES TO DAILY (AS OPPOSED TO NIGHTLY) RATES FOR GUARDING EQUIPMENT. ALWAYS ASSUME TH', '2017-08-01 07:07:33', 133, 19, 39),
(1105, '2017-07-13 16:00:00', 1.1515, 1.152, 1.152, 1.1525, '16:00:34', '15:59:45', NULL, NULL, 'NO DATA\n', '2017-08-01 07:10:28', 133, 19, 39),
(1106, '2017-07-14 16:00:00', 1.1515, 1.152, 1.152, 1.1525, '16:00:10', '15:59:17', NULL, 200, 'NO DATA', '2017-08-01 07:13:32', 133, 19, 39),
(1107, '2017-07-15 16:00:00', 1.1515, 1.152, 1.152, 1.1525, '16:00:12', '15:59:20', NULL, 200, 'NO DATA\n12.31 V 03.17 UTC (7/17/2017', '2017-08-01 07:17:11', 133, 19, 39),
(1108, '2017-07-16 16:00:00', 1.152, 1.1525, 1.15275, 1.153, '16:00:58', '19:17:06', NULL, NULL, 'NO DATA\n', '2017-08-01 07:19:30', 133, 19, 39),
(1109, '2017-07-12 16:00:00', 1.282, 1.2815, 1.282, 1.2812, '19:00:37', '15:59:44', NULL, 150, 'BATTERY VOLTAGE 12.93V', '2017-08-01 07:27:13', 236, 24, 33),
(1110, '2017-07-13 16:00:00', 1.282, 1.2815, 1.282, 1.282, '16:00:52', '15:59:00', NULL, 150, '', '2017-08-01 07:30:46', 236, 24, 33),
(1111, '2017-07-14 16:00:00', 1.2825, 1.262, 1.26275, 1.262, '16:00:15', '15:59:11', NULL, NULL, 'BATTERY VOLTAGE: 12.30 V 7/15/17', '2017-08-01 07:35:29', 236, 24, 33),
(1112, '2017-07-16 16:00:00', 1.152, 1.1525, 1.15275, 1.153, '16:00:49', '15:59:58', NULL, NULL, '12.31 V\n03.17 UTC (7/17/2017)', '2017-08-01 07:39:09', 133, 19, 39),
(1113, '2017-07-14 16:00:00', 1.2825, 1.262, 1.26275, 1.262, '16:00:51', NULL, NULL, 150, 'BATTERY; 12.30 V [03:30 UTC] [ 11:30 PST]', '2017-08-01 08:37:04', 236, 24, 33),
(1114, '2017-07-15 16:00:00', 1.2825, 1.262, 1.26275, 1.262, '16:00:49', '15:59:57', NULL, 150, '', '2017-08-01 08:40:00', 236, 24, 33),
(1115, '2017-07-15 16:00:00', 1.2825, 1.282, 1.285, 1.283, '16:00:37', NULL, NULL, 150, '', '2017-08-01 08:42:45', 236, 24, 33),
(1116, '2017-07-12 16:00:00', 1.2615, 1.26275, 1.2622, 1.263, '23:27:11', '15:59:21', NULL, 280, 'BATTERY VOLTAGE: 13.00 V', '2017-08-01 08:57:30', 125, 2, 18),
(1117, '2017-07-13 16:00:00', 1.2615, 1.26275, 1.2622, 1.263, '16:00:34', '15:59:42', NULL, 280, '', '2017-08-02 01:39:41', 125, 2, 18),
(1118, '2017-07-14 16:00:00', 1.2625, 1.2635, 1.26375, 1.26275, '16:00:57', '15:59:04', NULL, NULL, 'BATTERY VOLTAGE 12.49 V 7/15/17', '2017-08-02 01:42:31', 125, 2, 18),
(1119, '2017-07-14 16:00:00', 1.2625, 1.2635, 1.26375, 1.26275, '16:00:42', '15:59:48', NULL, 280, 'BATTERY: 12.49 V [12:48 PM(PST)] [04:48 UTC]', '2017-08-02 01:46:36', 125, 2, 18),
(1120, '2017-07-15 16:00:00', 1.265, 1.2635, 1.2635, 1.263, '16:00:21', '15:59:27', NULL, 280, '', '2017-08-02 01:48:38', 125, 2, 18),
(1121, '2017-07-16 16:00:00', 1.2625, 1.2635, 1.2635, 1.263, '16:00:44', NULL, NULL, NULL, 'BATTERY VOLTAGE 12:33 V 7/17/2017', '2017-08-02 01:50:43', 125, 2, 18),
(1122, '2017-07-13 16:00:00', 0.963, 0.963, 0.963, 0.9375, '19:30:59', '15:59:09', NULL, 100, 'BATTERY VOLTAGE 12.68 V', '2017-08-02 01:54:26', 134, 18, 38),
(1123, '2017-07-14 16:00:00', 0.963, 0.963, 0.963, 0.9375, '16:00:16', '15:59:22', NULL, 100, '', '2017-08-02 01:56:22', 134, 18, 38),
(1124, '2017-07-16 16:00:00', 0.963, 0.963, 0.9635, 0.94, '16:00:16', '18:21:21', NULL, 100, '', '2017-08-02 01:59:28', 134, 18, 38),
(1125, '2017-07-15 16:00:00', 0.963, 0.963, 0.9635, 0.964, '16:00:10', NULL, NULL, NULL, '', '2017-08-02 02:01:14', 134, 18, 38),
(1126, '2017-07-14 16:00:00', 1.3555, 1.3555, 1.3565, 1.356, '16:40:03', NULL, NULL, 175, 'BATTERY VOLTAGE 12.57V', '2017-08-02 02:14:38', 240, 14, 41),
(1127, '2017-07-15 16:00:00', 1.3555, 1.3555, 1.35654, 1.356, '16:00:22', '15:59:29', NULL, 175, '', '2017-08-02 02:16:54', 240, 14, 41),
(1128, '2017-07-16 16:00:00', 1.3555, 1.3555, 1.3565, 1.356, '16:00:41', '15:59:54', NULL, 175, '', '2017-08-02 02:18:56', 240, 14, 41),
(1129, '2017-07-17 16:00:00', 1.3555, 1.3555, 1.3565, 1.356, '16:00:32', '15:59:39', NULL, NULL, 'BATTERY VOLTAGE 12.10 V 7/18/2017', '2017-08-02 02:20:51', 240, 14, 41),
(1130, '2017-07-08 16:00:00', 1.297, 1.2975, 1.298, 1.2975, '23:24:29', '15:59:36', NULL, 180, 'BATTERY VOLTAGE 12.30 V\n7-10-17= RECEIVER SN: 0220294779 PIN:40406-32\nSTART TIME: 05:47\nNOTE: DATE FROM PREVIOUS RECEIVER CAN BE FIXED WITH TRIMBLE\'S \"FIXDATWEEK\" [7102*.TO?]', '2017-08-02 02:28:00', 237, 2, 41),
(1131, '2017-07-09 16:00:00', 1.2975, 1.2975, 1.2975, 1.2977, '21:47:06', '15:59:16', NULL, NULL, 'BATTERY VOLTAGE 12.9 V 7/10/17\nSTARTED LOGGING AGAIN AT 2017/7/11 15:20 PST AFTER USING NEW BATTERY (12.72 V)', '2017-08-02 02:36:36', 237, 2, 18),
(1132, '2017-07-10 16:00:00', 1.297, 1.298, 1.298, 1.297, '16:00:37', '15:59:44', NULL, NULL, 'BATTERY VOLTAGE 11.98V 7/11/2017 CHANGE BATTERY 12.72V\nINTERRUPTION @2017/7/11 15:20 PST (07:20 UTC) DUE TO BATTERY CHANGE & DATA DOWNLOAD', '2017-08-02 02:42:16', 237, 2, 18),
(1133, '2017-07-11 16:00:00', 1.2975, 1.2975, 1.2975, 1.297, '16:00:49', '15:59:54', NULL, NULL, 'BATTERY VOLTAGE 12.30 V 7/12/17', '2017-08-02 02:45:14', 237, 2, 18),
(1134, '2017-07-08 16:00:00', 0.864, 0.864, 0.865, 0.865, '20:09:15', '15:59:26', NULL, 170, 'BATTERY VOLTAGE 12.39V\nVILLA CONZOILO, JARO\nBM IS A PNOC-EDC PROPERTY, PENDING REMOVAL DUE TO ROAD EXPANSION [BM-105]\n12.39 7/9/17 12:00\nCARETAKER EUFRAINA M. SAPANTA', '2017-08-02 02:57:15', 401, 19, 39),
(1135, '2017-07-09 16:00:00', 0.8637, 0.864, 0.864, 0.865, '16:00:22', '20:15:28', NULL, 170, 'BATTERY VOLTAGE 12.21 V 7/10/17\nCF CARD COPIED (RECEIVER MOMENTARILY SHUT DOWN) @ 12:40 [04:40 UTC] 2017/7/10\nNOTES: EUFROGINA M. SAPANTA [CARETAKER; LIVES DIRECTLY IN FRONT OF SCHOOL]', '2017-08-02 02:59:53', 401, 19, 39),
(1136, '2017-07-10 16:00:00', 0.863, 0.8635, 0.8645, 0.864, '22:06:23', '15:59:34', NULL, 170, '; BATTERY VOLTAGE LOWBAT 7/11/2017\n12.95 V (2017/7/11 14:00 PST) USED RP CAR BATTERY', '2017-08-02 03:08:41', 401, 19, 39),
(1137, '2017-07-11 16:00:00', 0.8632, 0.8375, 0.8645, 0.864, '22:06:41', '15:59:49', NULL, NULL, 'BATTERY VOLTAGE: 12.45 V 7/12/17', '2017-08-02 03:11:00', 401, 19, 39),
(1138, '2017-07-08 16:00:00', 1.4, 1.399, 1.4, 1.4, '01:00:58', '15:59:06', NULL, 20, 'BATTERY VOLTAGE: 12.25V\nCARETAKER: ROMEO TAGURGUN BOBARES\nDIST III, BABATAYON LEYTE, MAY 28 1955\n09366046414\n12.25 V 2017/7/9 17:00\n12.8 V 2017/7/10 9:00', '2017-08-02 03:15:56', 137, 24, 33),
(1139, '2017-07-09 16:00:00', 1.3985, 1.399, 1.4, 1.399, '16:00:09', '15:59:14', NULL, 20, '12.80V 2017/7/10 9:00', '2017-08-02 03:18:48', 137, 24, 33),
(1140, '2017-07-10 16:00:00', 1.399, 1.3992, 1.402, 1.4, '16:00:30', '01:50:34', NULL, NULL, '2017/7/12 01:00 UTC- PULL OUT DATE/TIME\nNOTE: DATA SHOWS SHUTDOWN AT 2017/7/11 9:50:30 UTC BUT RECEIVERS SEEMS TO HAVE STARTED LOGGING AGAIN, FROM 2017/7/12 00:30:00 UP TO 00:38:00', '2017-08-02 03:23:03', 137, 24, 33),
(1141, '2017-07-11 16:00:00', 1.399, 1.399, 1.4, 1.39975, '16:00:39', '01:50:44', NULL, NULL, '2017/7/12 01:00 UTC- PULL OUT DATE/TIME\nNOTE: DATA SHOWS SHUTDOWN AT 2017/7/11 09:50:30 UTC BUT RECEIVERS SEEM TO HAVE STARTED LOGGING AGAIN, FROM 2017/7/12 00:30:00 UP TO 00:38:00', '2017-08-02 03:26:35', 137, 24, 33),
(1142, '2017-07-08 16:00:00', 1.221, 1.221, 1.2225, 1.2225, '16:44:57', '15:59:05', NULL, 284, 'BATTERY VOLTAGE 12.29 V\nCARETAKER: SECURITY GUARDS : BAGOTLO, ARNEL [0] (8:28AM) CP 0997-918-1884\n12.29V(WITH LOAD) 2017/7/9 08:44\n12.16V 2017/7/10 07:40\nCOPIED FILES (&SHUTDOWN) 2017/7/10 07:29-07:40', '2017-08-02 03:38:37', 136, 18, 38),
(1143, '2017-07-09 16:00:00', 1.221, 1.2215, 1.2225, 1.2225, '16:00:15', '15:59:23', NULL, 284, 'TIME REPLACEMENT OF FLASHCARD 0:15\n7/11/17 BATTERY VOLTAGE 12.31V', '2017-08-02 03:48:38', 136, 18, 38),
(1144, '2017-07-10 16:00:00', 1.221, 1.2212, 1.2222, 1.222, '16:15:00', '15:59:06', NULL, NULL, 'TIME REPLACEMENT OF FLASHCARD: 0:15\n7/11/17 BATTERY VOLTAGE 12:31V', '2017-08-02 05:44:40', 136, 18, 38),
(1145, '2017-07-11 16:00:00', 1.221, 1.221, 1.21175, 1.212, '16:15:31', '15:15:40', NULL, NULL, '2017/7/12 02:15 UTC- PULL OUT DATE/TIME', '2017-08-02 05:47:48', 136, 18, 38),
(1146, '2017-07-08 16:00:00', 1.436, 1.4365, 1.4365, 1.4365, '23:31:31', '15:59:43', NULL, NULL, '', '2017-08-02 05:55:23', 399, 13, 21),
(1147, '2017-07-09 16:00:00', 1.436, 1.4365, 1.437, 1.43675, '17:16:02', '15:59:09', NULL, NULL, 'CHANGE CF CARD TO 2GB', '2017-08-02 05:57:34', 399, 13, 21),
(1148, '2017-07-10 16:00:00', 1.436, 1.4365, 1.437, 1.437, '16:00:19', '15:59:24', NULL, NULL, '', '2017-08-02 05:59:25', 399, 13, 21),
(1149, '2017-07-11 16:00:00', 1.4365, 1.43675, 1.437, 1.437, '16:00:03', '16:30:09', NULL, NULL, '', '2017-08-02 06:01:18', 399, 13, 21),
(1150, '2017-07-11 16:00:00', 1.37175, 1.37175, 1.372, 1.37, '21:34:11', '15:59:43', NULL, NULL, 'CHANGE RECEIVER TO NETR9', '2017-08-02 06:12:16', 399, 25, 42),
(1151, '2017-07-12 16:00:00', 1.37175, 1.37175, 1.372, 1.372, '16:00:20', '15:59:27', NULL, NULL, '', '2017-08-02 06:14:30', 399, 25, 42),
(1152, '2017-07-13 16:00:00', 1.37175, 1.37175, 1.372, 1.372, '16:00:22', '15:59:27', NULL, NULL, '', '2017-08-02 06:16:24', 399, 25, 42),
(1153, '2017-07-08 16:00:00', 1.211, 1.211, 1.21125, 1.21125, '20:38:52', '15:59:05', NULL, NULL, '', '2017-08-02 06:22:02', 3, 25, 42),
(1154, '2017-07-09 16:00:00', 1.211, 1.2115, 1.21125, 1.21175, '16:00:10', '15:59:16', NULL, 12, '', '2017-08-02 06:27:22', 3, 25, 42),
(1155, '2017-07-10 16:00:00', 1.2115, 1.2115, 1.2115, 1.212, '16:00:43', '15:59:49', NULL, 12, '', '2017-08-02 06:30:50', 3, 25, 42),
(1156, '2017-07-11 16:00:00', 1.2115, 1.2115, 1.2115, 1.21175, '16:00:30', NULL, NULL, 12, '', '2017-08-02 06:32:22', 3, 25, 42),
(1157, '2017-07-08 16:00:00', 1.421, 1.421, 1.4215, 1.42125, '17:15:36', '19:04:43', NULL, 187, '', '2017-08-02 06:35:42', 242, 5, 24),
(1158, '2017-07-09 16:00:00', 1.4215, 1.42125, 1.422, 1.422, '19:15:13', '15:59:21', NULL, 187, '', '2017-08-02 06:37:24', 242, 5, 24),
(1159, '2017-07-10 16:00:00', 1.421, 1.42125, 1.4215, 1.42175, '16:00:45', '15:59:50', NULL, 187, '', '2017-08-02 06:39:51', 242, 5, 24),
(1160, '2017-07-11 16:00:00', 1.421, 1.4215, 1.42175, 1.42125, '16:00:21', '19:20:29', NULL, 187, '', '2017-08-02 06:41:26', 242, 5, 24),
(1161, '2017-07-12 16:00:00', 1.45675, 1.45675, 1.45775, 1.45775, '21:10:07', '15:59:14', NULL, 188, '', '2017-08-02 06:44:12', 130, 5, 24),
(1162, '2017-07-13 16:00:00', 1.45675, 1.457, 1.4575, 1.4575, '16:00:31', '15:59:41', NULL, 188, '', '2017-08-02 06:45:39', 130, 5, 24),
(1163, '2017-07-14 16:00:00', 1.45675, 1.457, 1.4575, 1.45775, '16:00:12', '15:59:16', NULL, 188, '', '2017-08-02 06:47:18', 130, 5, 24),
(1164, '2017-07-15 16:00:00', 1.457, 1.457, 1.458, 1.45775, '16:00:41', '17:58:47', NULL, 188, '12.2V', '2017-08-02 06:48:57', 130, 5, 24),
(1165, '2017-07-14 16:00:00', 1.362, 1.36175, 1.362, 1.3625, '20:05:46', '15:59:53', NULL, 157, 'CHANGED ANTENNA', '2017-08-02 06:52:13', 241, 9, 27),
(1166, '2017-07-15 16:00:00', 1.362, 1.36175, 1.362, 1.3625, '16:00:59', '15:59:06', NULL, 157, '', '2017-08-02 06:54:15', 241, 9, 27),
(1167, '2017-07-16 16:00:00', 1.362, 1.36175, 1.362, 1.362, '16:00:48', '15:59:06', NULL, 157, '', '2017-08-02 06:56:07', 241, 9, 27),
(1168, '2017-07-17 16:00:00', 1.362, 1.36175, 1.362, 1.3625, '16:00:26', '15:59:32', NULL, 157, '', '2017-08-02 06:57:35', 241, 9, 27),
(1169, '2017-07-18 16:00:00', 1.361, 1.361, 1.36175, 1.3625, '16:00:33', '18:30:37', NULL, NULL, '', '2017-08-02 06:59:49', 241, 9, 27),
(1170, '2017-07-12 16:00:00', 1.2915, 1.2925, 1.29225, 1.292, '22:10:42', '15:59:50', NULL, 197, '', '2017-08-02 07:03:55', 123, 16, 12),
(1171, '2017-07-13 16:00:00', 1.29175, 1.2925, 1.2925, 1.292, '16:00:26', '15:59:33', NULL, 197, '', '2017-08-02 07:05:34', 123, 16, 12),
(1172, '2017-07-14 16:00:00', 1.29175, 1.29275, 1.2925, 1.29225, '16:00:23', '15:59:28', NULL, NULL, '', '2017-08-02 07:07:23', 123, 16, 12),
(1173, '2017-07-15 16:00:00', 1.292, 1.29275, 1.29275, 1.2925, '16:00:25', '18:44:29', NULL, NULL, '12.2V', '2017-08-02 07:09:32', 123, 16, 12),
(1174, '2017-07-15 16:00:00', 1.371, 1.3715, 1.37175, 1.3715, '22:49:49', '15:59:55', NULL, 171, 'TWO BATTERIES 12.2V\nPARALLEL', '2017-08-02 07:29:07', 234, 25, 42),
(1175, '2017-07-16 16:00:00', 1.3715, 1.3715, 1.3715, 1.371, '16:00:18', '15:59:24', NULL, 171, '', '2017-08-02 07:31:23', 234, 25, 42),
(1176, '2017-07-17 16:00:00', 1.3715, 1.37175, 1.37175, 1.3715, '16:00:53', '15:59:59', NULL, 171, 'SET UP IS OK BUT THE RECEIVER WAS OFF ON THE PULL OUT DAY (07/19', '2017-08-02 07:33:29', 234, 25, 42),
(1177, '2017-07-15 16:00:00', 1.42575, 1.425, 1.42575, 1.42575, '20:36:32', '15:59:38', NULL, 215, '', '2017-08-02 07:35:35', 238, 5, 24),
(1178, '2017-07-16 16:00:00', 1.42575, 1.425, 1.42575, 1.42575, '16:00:09', '15:59:14', NULL, 215, '', '2017-08-02 07:37:08', 238, 5, 24),
(1179, '2017-07-17 16:00:00', 1.4255, 1.42575, 1.42575, 1.425, '16:00:34', '15:59:39', NULL, 215, '', '2017-08-02 07:38:33', 238, 5, 24),
(1180, '2017-07-18 16:00:00', 1.42575, 1.425, 1.42575, 1.42575, '16:00:27', '20:07:32', NULL, 215, '', '2017-08-02 07:40:30', 238, 5, 24),
(1181, '2017-07-15 16:00:00', 1.44975, 1.44975, 1.44975, 1.44975, '23:50:44', '15:59:52', NULL, NULL, '', '2017-08-02 08:41:48', 135, 16, 12),
(1182, '2017-07-16 16:00:00', 1.44975, 1.44975, 1.44975, 1.44975, '16:00:33', '15:59:41', NULL, NULL, '', '2017-08-02 08:43:34', 135, 16, 12),
(1183, '2017-07-17 16:00:00', 1.44975, 1.44975, 1.44975, 1.44975, '16:00:04', '15:59:09', NULL, NULL, '', '2017-08-02 08:45:03', 135, 16, 12),
(1184, '2017-07-18 16:00:00', 1.44975, 1.44975, 1.44975, 1.44975, '16:00:26', NULL, NULL, NULL, '', '2017-08-02 08:46:21', 135, 16, 12),
(1185, '2017-07-14 16:00:00', 1.362, 1.36175, 1.362, 1.3625, '20:05:41', '15:59:50', NULL, 157, 'CHANGE ANTENNA', '2017-08-02 08:48:54', 241, 9, 27),
(1186, '2017-07-15 16:00:00', 1.362, 1.36175, 1.362, 1.3625, '16:00:17', '15:59:21', NULL, 157, '', '2017-08-02 08:50:14', 241, 9, 27),
(1187, '2017-07-16 16:00:00', 1.362, 1.36175, 1.362, 1.362, '16:00:30', '15:59:35', NULL, 157, '', '2017-08-02 08:51:27', 241, 9, 27),
(1188, '2017-07-17 16:00:00', 1.362, 1.36175, 1.362, 1.3625, '16:00:44', '15:59:49', NULL, 157, '', '2017-08-02 08:52:46', 241, 9, 27),
(1189, '2017-07-18 16:00:00', 1.361, 1.361, 1.36175, 1.3625, '16:00:59', '18:30:03', NULL, NULL, '', '2017-08-02 08:53:57', 241, 9, 27),
(1190, '2013-01-09 16:00:00', 1.279, 1.2792, 1.2809, 1.28, '18:58:04', NULL, NULL, 220, '', '2017-08-03 01:17:02', 32, 14, 18);
INSERT INTO `campaign_logsheets` (`id`, `date`, `height_north_meters`, `height_east_meters`, `height_south_meters`, `height_west_meters`, `time_start`, `time_end`, `failure_time`, `azimuth`, `notes`, `createdAt`, `site_id`, `antenna_id`, `receiver_id`) VALUES
(1191, '2013-01-11 16:00:00', 1.2815, 1.282, 1.282, 1.2815, '16:00:14', '16:42:35', NULL, 110, 'BATTERY OUTOUT= 12.05V WITH LOAD BEFORE DISMANTLED', '2017-08-03 01:27:02', 32, 14, 18),
(1192, '2013-01-10 16:00:00', 1.279, 1.2792, 1.2809, 1.28, '16:00:45', '20:52:51', NULL, 220, 'BATTERY OUTPUT- 12.22 V WITH LOAD.', '2017-08-03 01:29:00', 32, 14, 18),
(1193, '2013-01-10 16:00:00', 1.2815, 1.282, 1.282, 1.2815, '21:00:44', NULL, NULL, 110, 'BATTERY OUTPUT WITH LOAD = 12.22 V', '2017-08-03 01:31:00', 32, 14, 18),
(1194, '2013-01-15 16:00:00', 1.249, 1.249, 1.2495, 1.2495, '16:00:52', '17:08:08', NULL, NULL, 'BATTERY= 12.28 WITH LOAD\nWEATHER- FOGGY', '2017-08-03 01:53:37', 269, 14, 18),
(1195, '2013-01-14 16:00:00', 1.249, 1.249, 1.2495, 1.2495, '15:48:18', NULL, NULL, 20, 'BATTERY = 12.4 V\nWEATHER- FOGGY', '2017-08-03 01:56:37', 269, 14, 18),
(1196, '2013-01-14 16:00:00', 1.245, 1.245, 1.2455, 1.2455, '16:00:55', '15:35:59', NULL, 260, 'BATTERY OUTPUT 12.40', '2017-08-03 02:25:12', 269, 14, 18),
(1197, '2013-01-13 16:00:00', 1.245, 1.245, 1.2455, 1.2455, '00:44:17', NULL, NULL, 260, '', '2017-08-03 02:29:41', 269, 14, 18),
(1198, '2013-01-12 16:00:00', 1.291, 1.291, 1.2915, 1.2915, '16:35:59', NULL, NULL, 140, 'BATTERY OUTPUT 12.43 V\nWEATHER - FAIR', '2017-08-03 02:33:13', 349, 19, 28),
(1199, '2013-01-12 16:00:00', 1.289, 1.289, 1.29, 1.29, '16:00:45', '16:28:50', NULL, 340, 'BATTERY OUTPUT = 12.43 V WITH LOAD\nWEATHER- FAIR', '2017-08-03 02:35:11', 349, 19, 28),
(1200, '2013-01-11 16:00:00', 1.289, 1.289, 1.29, 1.29, '00:08:50', NULL, NULL, 340, 'BATTERY OUTPUT 12.6V WITH LOAD\nWEATHER CONDITION- RAINY', '2017-08-03 02:37:19', 349, 19, 28),
(1201, '2013-01-15 16:00:00', 1.348, 1.348, 1.3845, 1.349, '16:00:34', '15:21:39', NULL, 55, 'BATTERY VOLTAGE 12.12 V\nWEATHER - FAIR', '2017-08-03 02:40:14', 270, 19, 28),
(1202, '2013-01-14 16:00:00', 1.348, 1.348, 1.3485, 1.349, '18:23:55', NULL, NULL, 55, 'BATTERY 12.4 V\nWEATHER - FOGGY', '2017-08-03 02:42:02', 270, 19, 28),
(1203, '2013-01-13 16:00:00', 1.3472, 1.3475, 1.3475, 1.348, '22:40:03', NULL, NULL, 175, 'BATTERY OUTPUT 12.67 V WITH LOAD\nWEATHER = FAIR', '2017-08-03 02:44:14', 270, 19, 28),
(1204, '2013-01-14 16:00:00', 1.3472, 1.3475, 1.3475, 1.348, '16:00:44', '18:17:49', NULL, 175, 'BATTERY 12.4V\nWEATHER - FOGGY', '2017-08-03 02:45:52', 270, 19, 28),
(1205, '2013-01-09 16:00:00', 1.329, 1.329, 1.3295, 1.3295, '21:05:10', NULL, NULL, 220, 'BATTERY TEST 12.9 V WITHOUT LOAD', '2017-08-03 02:48:17', 79, 19, 28),
(1206, '2013-01-10 16:00:00', 1.328, 1.328, 1.3285, 1.3285, '18:06:43', NULL, NULL, 100, 'INSTALLED NEW BATTERY 12.8 WITH LOAD\nMEMORY CARD (512MB) CORRUPTED/DEFECTIVE (NOT ACCESSIBLE UPON READING) BONG LUIS CHANGED IT WITH 64MG MEMORY CARD AND IT WORKS. \nLOG IN STARTED AT 0745Z', '2017-08-03 02:53:29', 79, 19, 28),
(1207, '2013-01-10 16:00:00', 1.329, 1.329, 1.3295, 1.3295, '16:00:04', '17:55:10', NULL, 220, 'VOLTAGE OUTPUT WITH LOAD 12.4V', '2017-08-03 03:01:14', 79, 19, 28),
(1208, '2013-01-11 16:00:00', 1.328, 1.328, 1.3285, 1.3285, '16:00:56', '18:40:01', NULL, 100, 'BATTERY OUTPUT 12.42 VOLTS WITH LOAD', '2017-08-03 03:03:09', 79, 19, 28),
(1209, '2013-01-11 16:00:00', 1.357, 1.357, 1.358, 1.358, '01:50:47', NULL, NULL, 245, 'BATTERY OUTPUT - 12.65 WITH LOAD\nWEATHER CONDITION- RAINY', '2017-08-03 03:14:13', 39, 14, 18),
(1210, '2013-01-12 16:00:00', 1.357, 1.356, 1.3565, 1.3567, '17:40:04', NULL, NULL, 5, 'BATTERY OUTPUT 12.43V WITH LOAD\nWEATHER - FAIR', '2017-08-03 03:16:24', 39, 14, 18),
(1211, '2013-01-12 16:00:00', 1.357, 1.357, 1.358, 1.358, '16:00:57', '21:36:18', NULL, 245, 'BATTERY OUTPUT 12.43V\nWEATHER - FAIR', '2017-08-03 03:18:44', 39, 14, 18),
(1212, '2013-01-13 16:00:00', 1.357, 1.357, 1.358, 1.358, '16:00:15', '16:32:20', NULL, 5, 'BATTERY OUTPUT 12.45 V WITH LOAD\nWEATHER- FAIR', '2017-08-03 03:20:36', 39, 14, 18),
(1213, '2013-01-13 16:00:00', 1.291, 1.291, 1.2915, 1.2915, '16:00:57', '17:52:03', NULL, 140, 'BATTERY OUTPUT 12.40\nWEATHER - FAIR', '2017-08-03 06:02:09', 349, 19, 28),
(1214, '2013-01-17 16:00:00', 1.318, 1.318, 1.319, 1.319, '23:12:11', NULL, NULL, 65, 'BATTERY OUTPUT 12.42 WITH LOAD\nWEATHER- SUNNY WITH MILD WINDS', '2017-08-03 06:05:01', 228, 19, 28),
(1215, '2013-01-18 16:00:00', 1.318, 1.318, 1.319, 1.319, '17:59:11', NULL, NULL, 185, 'BATTERY 12.38V\nWEATHER SUNNY WITH MILD WIND', '2017-08-03 06:07:30', 228, 19, 28),
(1216, '2013-01-18 16:00:00', 1.318, 1.318, 1.319, 1.319, '16:00:56', '17:56:02', NULL, 65, 'BATTERY VOLTAGE 12.38V WITH LOAD', '2017-08-03 06:09:31', 228, 19, 28),
(1217, '2013-01-19 16:00:00', 1.318, 1.318, 1.319, 1.319, '16:00:52', '22:06:56', NULL, 185, 'BATTERY 12.2V WITH LOAD\nWEATHER - SUNNY', '2017-08-03 06:11:16', 228, 19, 28),
(1218, '2013-01-18 16:00:00', 1.357, 1.358, 1.3585, 1.358, '19:23:38', '00:00:00', NULL, 140, 'BATTERY OUTPUT 12.2 WITH LOAD\nWEATHER - SUNNY', '2017-08-03 06:13:53', 403, 14, 18),
(1219, '2013-01-17 16:00:00', 1.3575, 1.3575, 1.3587, 1.3587, '20:13:06', NULL, NULL, 270, 'BATTERY OUTPUT 12.40 V WITH LOAD\nWEATHER - SUNNY\n\nROGER MINA- CARETAKER (GASOLINE STORE RETAIL)', '2017-08-03 06:16:56', 403, 14, 18),
(1220, '2013-01-18 16:00:00', 1.357, 1.358, 1.3585, 1.358, '19:23:04', NULL, NULL, 140, 'BATTERY - 12.32V WITH LOAD\nWEATHER - SUNNY', '2017-08-03 06:21:42', 403, 14, 18),
(1221, '2013-01-18 16:00:00', 1.3575, 1.3575, 1.3587, 1.3587, '16:00:02', '19:20:08', NULL, 278, 'BATTERY OUTPUT 12.32V\nWEATHER - SUNNY', '2017-08-03 06:51:17', 403, 14, 18),
(1222, '2013-01-19 16:00:00', 1.146, 1.145, 1.146, 1.146, '21:51:15', NULL, NULL, 260, 'BATTERY OUTPUT 12.7V WITH LOAD\nWEATHER- SUNNY WITH MILD WIND', '2017-08-03 06:53:32', 235, 14, 18),
(1223, '2013-01-17 16:00:00', 1.3265, 1.327, 1.3272, 1.327, '16:00:12', '17:34:18', NULL, 275, 'BATTERY VOLTAGE 12.40\nWEATHER- SUNNY WITH STRONG WINDS', '2017-08-03 06:56:31', 297, 14, 18),
(1224, '2013-01-16 16:00:00', 1.3265, 1.327, 1.3272, 1.327, '18:08:40', NULL, NULL, 275, 'BATTERY VOLTAGE 12.5V WITH LOAD', '2017-08-03 06:58:47', 297, 14, 18),
(1225, '2013-01-16 16:00:00', 1.329, 1.33, 1.3295, 1.3295, '16:00:30', '18:04:37', NULL, 130, 'BATTERY OUTPUT 12.70V\nWEATHER = SUNNY WITH STONG WIND', '2017-08-03 07:00:50', 297, 14, 18),
(1226, '2013-01-15 16:00:00', 1.329, 1.33, 1.3295, 1.3295, '16:25:08', NULL, NULL, 130, 'BATTERY 12.9\nWEATHER - SUNNY WITH STRONG WIND\nADAPTOR COULD NOT FIX TO THE EMBEDDED ROD\nEMBEDDED ROD IS LARGER THAN THE ROD WE BROUGHT', '2017-08-03 07:39:23', 297, 14, 18),
(1227, '2013-01-16 16:00:00', 0, 0, 0, 0, '18:34:51', '17:32:00', NULL, NULL, 'WE USED STEELPILE TO FIX THE ADAPTOR TO THE EMBEDDED STAINLESS ROD AND IT WORKS.\nNAME OF HOUSE OWNER/CARETAKER- EDWIN DELO SANTOS\nDISTANCE FROM TOP TO THE HOUSE - 230 METERS\nCELLPHONE # 09232418094//09232418094', '2017-08-03 07:50:41', 297, 19, 28),
(1228, '2013-01-20 16:00:00', 1.414, 1.414, 1.415, 1.415, '14:41:55', NULL, NULL, 95, 'BATTERY 12.6V WITH LOAD\nWEATHER - FAIR', '2017-08-03 07:54:24', 155, 19, 28),
(1229, '2013-01-21 16:00:00', 1.414, 1.414, 1.415, 1.415, '16:00:38', '15:31:46', NULL, 95, 'BATTERY VOLTAGE 12.4V\nWEATHER - SUNNY', '2017-08-03 07:56:51', 155, 19, 28),
(1230, '2013-01-21 16:00:00', 1.15, 1.15, 1.151, 1.151, '16:00:09', NULL, NULL, 245, 'BATTERY VOLTAGE 12.4V\nWEATHER- SUNNY', '2017-08-03 07:59:21', 235, 14, 18),
(1231, '2013-01-20 16:00:00', 1.15, 1.15, 1.151, 1.151, '17:50:42', NULL, NULL, 245, 'BATTERY VOLTAGE 12.62V\nWEATHER - SUNNY', '2017-08-03 08:00:51', 235, 14, 18),
(1232, '2013-01-20 16:00:00', 1.146, 1.145, 1.146, 1.146, '16:00:52', '17:38:59', NULL, 260, 'BATTERY 12.62 V WITH LOAD\nWEATHER - FAIR', '2017-08-03 08:02:45', 235, 14, 18),
(1233, '2013-03-14 16:00:00', 1.17, 1.17, 1.17, 1.17, '23:00:07', '15:59:14', NULL, 20, 'CONTACT MR. BOY MORALES', '2017-08-03 08:06:47', 347, 15, 24),
(1234, '2013-03-14 16:00:00', 1.425, 1.425, 1.425, 1.425, '23:06:24', '15:59:32', NULL, 50, '', '2017-08-03 08:09:36', 348, 11, 21),
(1235, '2013-03-14 16:00:00', 1.329, 1.329, 1.33, 1.33, '23:30:10', '15:59:19', NULL, 147, 'VOLTAGE WITH 12.60', '2017-08-03 08:14:27', 345, 20, 16),
(1236, '2013-03-14 16:00:00', 1.542, 1.542, 1.542, 1.544, '15:52:12', '15:59:21', NULL, 116, 'BATTERY (WITH LEAD) 12.67', '2017-08-03 08:46:26', 344, 7, 10),
(1237, '2013-03-16 16:00:00', 1.382, 1.383, 1.383, 1.383, '16:00:24', '15:59:32', NULL, 180, 'RAINY/ DARK CLOUDY DAY', '2017-08-07 00:45:12', 243, 14, 18),
(1238, '2013-03-15 16:00:00', 1.382, 1.382, 1.383, 1.382, '16:00:26', '15:59:32', NULL, 180, 'CHANGE BATTERY @ 0500+UTC\nRESET\nHOT SUNNY DAY', '2017-08-07 00:48:10', 243, 14, 18),
(1239, '2013-03-14 16:00:00', 1.382, 1.382, 1.383, 1.382, '16:43:50', '16:00:58', NULL, 180, 'N 08.95722\nE 125.59518\nH- 3M', '2017-08-07 00:50:32', 243, 14, 18),
(1240, '2013-03-16 16:00:00', 136.4, 136.45, 136.45, 136.4, '02:15:21', NULL, NULL, 48, '12.9V', '2017-08-07 00:55:31', 244, 18, 27),
(1241, '2013-03-15 16:00:00', 136.4, 136.45, 136.65, 136.4, '02:45:02', NULL, NULL, 48, '12.32 V', '2017-08-07 00:56:59', 244, 18, 27),
(1242, '2013-03-14 16:00:00', 136.4, 136.45, 136.45, 136.4, '03:25:29', NULL, NULL, 48, '12.12 V\n19:25', '2017-08-07 00:58:32', 244, 18, 27),
(1243, '2013-03-16 16:00:00', 1.525, 1.525, 1.526, 1.526, '16:00:08', '15:59:15', NULL, 45, 'RAINY DAY\nCLOUDY', '2017-08-07 01:13:51', 245, 16, 26),
(1244, '2013-03-15 16:00:00', 1.525, 1.525, 1.526, 1.526, '16:00:53', '15:59:59', NULL, 45, 'OK BUT POWER FAILURE DUE TPO DRAINED BATTERY\nHOT SUNNY DAY', '2017-08-07 01:17:18', 245, 16, 26),
(1245, '2013-03-14 16:00:00', 1.525, 1.525, 1.526, 1.526, '21:40:57', '15:59:05', NULL, 45, 'BATTERY 11.92 V\n09.53646\n125.52237\n5M', '2017-08-07 01:19:16', 245, 16, 26),
(1246, '2013-03-16 16:00:00', 1.361, 1.361, 1.361, 1.361, '16:00:14', '15:59:21', NULL, 60, 'TRANSFER RECIEVER FROM GROUND TO TABLE TO PROTECT BECAUSE OF HEAVY RAIN\nCHANGE BATTERY', '2017-08-07 01:30:02', 249, 2, 9),
(1247, '2013-03-15 16:00:00', 1.361, 1.361, 1.361, 1.361, '16:00:42', '15:59:55', NULL, 60, 'VERY HOT\nSUNNY DAY', '2017-08-07 01:32:02', 249, 2, 9),
(1248, '2013-03-14 16:00:00', 1.361, 1.361, 1.361, 1.361, '00:00:52', '15:59:03', NULL, 60, '', '2017-08-07 01:33:50', 249, 2, 9),
(1249, '2013-03-15 16:00:00', 1.2855, 1.285, 1.285, 1.2855, '18:50:07', NULL, NULL, 180, 'BATTERY VOLTAGE 12.40V', '2017-08-07 01:36:26', 248, 19, 28),
(1250, '2013-03-16 16:00:00', 1.2855, 1.285, 1.285, 1.2855, '16:00:01', NULL, NULL, 180, '', '2017-08-07 01:37:47', 248, 19, 28),
(1251, '2013-03-15 16:00:00', 1.329, 1.33, 1.33, 1.33, '16:00:11', NULL, NULL, 147, '12.5A V @ 03:40UTC', '2017-08-07 01:42:11', 345, 20, 16),
(1252, '2013-03-16 16:00:00', 1.33, 1.33, 1.33, 1.33, '16:00:00', NULL, NULL, NULL, '12.81 v with load\nRESTART 0705 UTC 03-17-2013', '2017-08-07 01:44:19', 345, 20, 16),
(1253, '2013-03-15 16:00:00', 1.449, 1.449, 1.449, 1.449, '16:00:39', '15:59:44', NULL, 140, '', '2017-08-07 01:46:29', 351, 13, 19),
(1254, '2013-03-15 16:00:00', 1.425, 1.425, 1.425, 1.425, '16:00:25', '15:59:30', NULL, 50, '', '2017-08-07 01:49:14', 348, 11, 21),
(1255, '2013-03-15 16:00:00', 1.17, 1.17, 1.17, 1.17, '16:00:15', '15:59:20', NULL, 20, '', '2017-08-07 01:51:12', 347, 15, 24),
(1256, '2013-03-15 16:00:00', 1.292, 1.292, 1.292, 1.292, '00:15:49', '15:59:57', NULL, 320, '', '2017-08-07 01:53:37', 346, 5, 14),
(1259, '2013-03-16 16:00:00', 1.351, 1.352, 1.352, 1.353, '16:00:44', NULL, NULL, NULL, '', '2017-08-07 01:58:31', 247, 9, 43),
(1260, '2013-03-15 16:00:00', 1.351, 1.352, 1.352, 1.353, '16:00:06', NULL, NULL, NULL, '', '2017-08-07 02:00:38', 247, 9, 43),
(1261, '2013-03-14 16:00:00', 1.351, 1.352, 1.352, 1.353, '01:45:24', NULL, NULL, 90, '12.51 V', '2017-08-07 02:02:14', 247, 9, 43),
(1262, '2013-03-16 16:00:00', 1.449, 1.449, 1.449, 1.449, '16:00:47', '15:59:51', NULL, 140, '', '2017-08-07 02:16:41', 351, 13, 19),
(1263, '2013-03-17 16:00:00', 1.449, 1.449, 1.449, 1.449, '16:00:24', '15:59:28', NULL, 140, '', '2017-08-07 02:18:15', 351, 13, 19),
(1264, '2013-03-17 16:00:00', 1.542, 1.542, 1.542, 1.543, '16:00:27', NULL, NULL, 116, '', '2017-08-07 02:20:14', 344, 7, 10),
(1265, '2013-03-18 16:00:00', 1.542, 1.542, 1.542, 1.543, '16:00:54', '16:08:58', NULL, 116, 'WEATHER CLOUDY\nVOLTAGE 12.40', '2017-08-07 02:21:58', 344, 7, 10),
(1266, '2013-03-17 16:00:00', 1.425, 1.425, 1.425, 1.425, '16:00:35', '15:59:39', NULL, 50, '', '2017-08-07 02:24:26', 348, 11, 21),
(1267, '2013-03-16 16:00:00', 1.425, 1.425, 1.425, 1.425, '16:00:16', '15:59:21', NULL, 50, '', '2017-08-07 02:26:12', 348, 11, 21),
(1268, '2013-03-17 16:00:00', 1.17, 1.17, 1.17, 1.17, '16:00:07', '15:59:12', NULL, 20, '', '2017-08-07 02:27:56', 347, 15, 24),
(1269, '2013-03-16 16:00:00', 1.17, 1.17, 1.17, 1.17, '16:00:43', '15:59:49', NULL, 2, '', '2017-08-07 02:29:33', 347, 15, 24),
(1270, '2013-03-18 16:00:00', 1.351, 1.351, 1.352, 1.352, '16:00:33', '23:58:38', NULL, NULL, '', '2017-08-07 02:31:25', 247, 9, 43),
(1271, '2013-03-17 16:00:00', 1.351, 1.352, 1.352, 1.353, '16:00:55', NULL, NULL, NULL, '', '2017-08-07 02:34:44', 247, 9, 43),
(1272, '2013-03-18 16:00:00', 0, 0, 0, 0, '16:00:29', '13:30:34', NULL, NULL, '12.5 V BATTERY\nCLEAR SKY/ SUNNY DAY/ GOOD WEATHER', '2017-08-07 02:38:59', 249, 2, 9),
(1273, '2013-03-17 16:00:00', 1.361, 1.361, 1.361, 1.361, '16:00:04', '15:59:10', NULL, 60, 'CHANGE BATTERY\nPARTLY CLOUDY WITH RAIN SHOWER', '2017-08-07 02:42:08', 249, 2, 9),
(1274, '2013-03-19 16:00:00', 1.365, 1.365, 1.3655, 1.3655, '16:00:53', '15:42:57', NULL, NULL, '', '2017-08-07 02:46:45', 244, 18, 27),
(1275, '2013-03-17 16:00:00', 1.364, 1.3645, 1.3645, 1.364, '16:00:18', NULL, NULL, 48, '', '2017-08-07 02:48:58', 244, 18, 27),
(1276, '2013-03-18 16:00:00', 1.365, 1.3655, 1.3655, 1.365, '16:00:41', NULL, NULL, NULL, '12.3V', '2017-08-07 02:51:41', 244, 18, 27),
(1277, '2013-03-18 16:00:00', 1.383, 1.383, 1.383, 1.383, '16:00:29', '15:59:33', NULL, 180, '0022 CHANGE BATTERY\nGOOD WEATHER/ CLEAR SKY/ SUNNY DAY', '2017-08-07 02:56:14', 243, 14, 18),
(1278, '2013-03-19 16:00:00', 0, 0, 0, 0, '16:00:42', '18:20:47', NULL, NULL, '', '2017-08-07 02:57:38', 243, 14, 18),
(1279, '2013-03-17 16:00:00', 1.383, 1.383, 1.383, 1.383, '16:00:20', '15:59:29', NULL, 180, 'PARTLY CLOUDY WITH RAIN SHOWER\n11.52V', '2017-08-07 02:59:46', 243, 14, 18),
(1280, '2013-03-18 16:00:00', 1.2835, 1.285, 1.285, 1.2855, '16:00:50', '17:00:54', NULL, NULL, '', '2017-08-07 03:01:54', 248, 19, 28),
(1281, '2013-03-17 16:00:00', 1.2855, 1.285, 1.285, 1.2855, '16:00:31', NULL, NULL, NULL, '12.20 V', '2017-08-07 03:03:29', 248, 19, 28),
(1282, '2013-03-19 16:00:00', 1.526, 1.526, 1.525, 1.526, '16:00:46', '15:45:49', NULL, 45, '', '2017-08-07 03:06:45', 245, 16, 26),
(1283, '2013-03-17 16:00:00', 1.526, 1.526, 1.526, 1.526, '16:00:39', '15:59:44', NULL, 45, 'PARTLY CLOUDY/ WITH RAIN SHOWER\nBATTERY 11.92 V', '2017-08-07 03:08:52', 245, 16, 26),
(1284, '2013-03-18 16:00:00', 1.525, 1.525, 1.525, 1.525, '16:00:24', NULL, NULL, 45, '0205Z- CHAMGE BATTERY/ DEAD SET\nCLEAR SKY/ GOOD WEATHER', '2017-08-07 03:10:38', 245, 16, 26),
(1285, '2013-05-16 16:00:00', 1.449, 1.499, 1.45, 1.45, '16:00:14', '21:21:18', NULL, 260, '', '2017-08-07 03:20:02', 312, 14, 18),
(1286, '2013-05-15 16:00:00', 1.449, 1.499, 1.45, 1.45, '16:00:50', '15:59:54', NULL, 260, '', '2017-08-07 03:21:52', 312, 14, 18),
(1287, '2013-05-14 16:00:00', 1.449, 1.449, 1.45, 1.45, '01:00:33', '15:59:39', NULL, 260, '', '2017-08-07 03:23:26', 312, 14, 18),
(1288, '2013-05-16 16:00:00', 1.487, 1.487, 1.487, 1.487, '16:00:36', '19:37:43', NULL, 63, '', '2017-08-07 03:25:48', 45, 16, 26),
(1289, '2013-05-15 16:00:00', 1.487, 1.487, 1.487, 1.487, '16:00:14', '15:59:18', NULL, 63, '', '2017-08-07 03:27:26', 45, 16, 26),
(1290, '2013-05-14 16:00:00', 1.487, 1.487, 1.487, 1.487, '22:40:47', '15:59:55', NULL, 63, '', '2017-08-07 03:28:56', 45, 16, 26),
(1291, '2013-05-16 16:00:00', 1.396, 1.396, 1.397, 1.397, '16:00:00', '17:38:04', NULL, NULL, '', '2017-08-07 03:31:44', 42, 13, 19),
(1292, '2013-05-15 16:00:00', 1.396, 1.396, 1.397, 1.397, '16:00:15', '15:59:21', NULL, 225, '', '2017-08-07 03:33:35', 42, 13, 19),
(1293, '2013-05-14 16:00:00', 1.396, 1.396, 1.397, 1.397, '20:15:05', '15:59:11', NULL, 225, '', '2017-08-07 03:47:55', 42, 13, 19),
(1294, '2013-05-18 16:00:00', 1.455, 1.455, 1.456, 1.456, '16:00:34', NULL, NULL, NULL, 'BATTERY VOLTAGE 12.35V\nFAIR WEATHER', '2017-08-07 05:28:38', 327, 2, 9),
(1295, '2013-05-16 16:00:00', 1.455, 1.455, 1.456, 1.456, '16:00:26', NULL, NULL, NULL, 'BATTERY VOLTAGE 12.62V', '2017-08-07 05:31:17', 327, 2, 9),
(1296, '2013-05-15 16:00:00', 1.454, 1.454, 1.454, 1.454, '02:34:58', NULL, NULL, NULL, 'BEFORE SESSION BATTERY VOLTAGE 12.89V', '2017-08-07 05:32:59', 327, 2, 9),
(1297, '2013-05-17 16:00:00', 1.455, 1.455, 1.456, 1.456, '16:00:46', NULL, NULL, NULL, '', '2017-08-07 05:34:30', 327, 2, 9),
(1298, '2013-05-17 16:00:00', 1.48, 1.481, 1.4815, 1.481, '16:00:46', '16:10:52', NULL, 355, '12.35V', '2017-08-07 05:36:44', 324, 4, 13),
(1299, '2013-05-14 16:00:00', 1.48, 1.481, 1.4815, 1.481, '18:35:24', NULL, NULL, 355, '12.6 -12.2\n12.5-0750Z', '2017-08-07 06:21:32', 324, 4, 13),
(1300, '2013-08-07 06:23:02', 1.32, 1.32, 1.32, 1.32, '21:05:35', NULL, NULL, 240, 'BATTERY VOLTAGE 12.37 V\n=11.7\n05-17-=12.8= 0620Z', '2017-08-07 06:23:59', 326, 5, 14),
(1301, '2013-05-16 16:00:00', 1.433, 1.433, 1.433, 1.433, '16:00:43', '15:59:47', NULL, 46, 'BAT 12.18V', '2017-08-07 06:26:47', 328, 20, 16),
(1302, '2013-05-14 16:00:00', 1.433, 1.433, 1.433, 1.433, '01:43:24', '15:59:31', NULL, 46, 'BATTERY 12.77V', '2017-08-07 06:28:18', 328, 20, 16),
(1303, '2013-05-15 16:00:00', 1.433, 1.433, 1.433, 1.433, '16:00:46', '15:59:53', NULL, 46, 'BATTERY 12.36V', '2017-08-07 06:29:48', 328, 20, 16),
(1304, '2013-05-18 16:00:00', 1.3705, 1.371, 1.3715, 1.372, '16:00:06', '16:47:11', NULL, 260, '12.12 VOLTS\nN 13.0446602\nE 123.45482', '2017-08-07 06:32:28', 329, 7, 10),
(1305, '2013-05-15 16:00:00', 1.3705, 1.371, 1.3715, 1.372, '19:35:49', NULL, NULL, 260, '12.80-12.28\n12.86-0258Z\nN 13.04460\nE 123.45482\nBENCH MARK SITE FILLED WITH STONE, GRAVEL, SOIL AND SAND AT ABOUT 1 1/2 FT.\nBLLM MARKER WITH COORDINATES \nN 13.04460\nE 123.45482', '2017-08-07 06:36:25', 329, 7, 10),
(1306, '2013-05-17 16:00:00', 1.4585, 1.459, 1.459, 1.459, '19:50:53', '15:59:59', NULL, 316, 'BAT 12.78V', '2017-08-07 06:38:53', 330, 20, 16),
(1307, '2013-05-17 16:00:00', 1.32, 1.32, 1.32, 1.32, '16:00:48', '17:54:55', NULL, NULL, '', '2017-08-07 06:40:40', 326, 5, 14),
(1308, '2013-08-07 06:42:13', 1.145, 1.145, 1.1455, 1.1455, '19:02:12', NULL, NULL, 270, '12.64 V - 12.3\n12.71 V', '2017-08-07 06:43:13', 67, 4, 13),
(1309, '2013-05-18 16:00:00', 1.129, 1.1285, 1.129, 1.1295, '21:13:54', '14:40:03', NULL, 180, '12.79V - 12.4V\n12.59V\nCARMEN DAPILOS- LAND OWNER OF BRGY SIBOBO\ncdapilos@yahoo.com.ph', '2017-08-07 06:47:55', 68, 7, 10),
(1310, '2013-05-18 16:00:00', 1.46, 1.46, 1.46, 1.46, '00:07:04', '15:59:11', NULL, 50, '', '2017-08-07 06:49:53', 202, 13, 19),
(1311, '2013-05-18 16:00:00', 1.358, 1.3585, 1.359, 1.3585, '22:20:59', NULL, NULL, 320, '12.71 V - 12.27V\n12.61V\nGIL AGRAVANTE - SCHOOL PRINCIPAL', '2017-08-07 06:52:11', 230, 5, 14),
(1312, '2013-05-18 16:00:00', 1.377, 1.377, 1.377, 1.377, '01:19:08', '15:59:16', NULL, 50, '', '2017-08-07 06:53:57', 320, 16, 26),
(1313, '2013-05-18 16:00:00', 1.252, 1.252, 1.252, 1.252, '23:07:56', '15:59:03', NULL, 70, '', '2017-08-07 06:55:46', 321, 14, 18),
(1314, '2013-05-20 16:00:00', 1.46, 1.46, 1.46, 1.46, '16:00:08', '22:37:12', NULL, 50, '', '2017-08-07 07:04:54', 202, 13, 19),
(1315, '2013-05-19 16:00:00', 1.46, 1.46, 1.46, 1.46, '16:00:29', '15:59:34', NULL, 50, '', '2017-08-07 07:09:22', 202, 13, 19),
(1316, '2013-05-21 16:00:00', 1.377, 1.377, 1.377, 1.377, '16:00:11', '13:33:15', NULL, 50, '', '2017-08-07 07:14:45', 320, 16, 26),
(1317, '2013-05-20 16:00:00', 1.377, 1.377, 1.377, 1.377, '16:00:19', '15:59:24', NULL, 50, '', '2017-08-07 07:16:10', 320, 16, 26),
(1318, '2013-05-19 16:00:00', 1.377, 1.377, 1.377, 1.377, '16:00:37', '15:59:40', NULL, 50, '', '2017-08-07 07:17:22', 320, 16, 26),
(1319, '2013-05-19 16:00:00', 1.252, 1.252, 1.252, 1.252, '16:00:21', '15:59:26', NULL, 70, '', '2017-08-07 07:19:13', 321, 14, 18),
(1320, '2013-05-20 16:00:00', 1.252, 1.252, 1.252, 1.252, '16:00:53', '21:32:14', NULL, 70, '', '2017-08-07 07:26:00', 321, 14, 18),
(1321, '2013-05-20 16:00:00', 1.571, 1.571, 1.571, 1.571, '20:16:34', '15:59:40', NULL, 90, 'BATTERY 12.71V', '2017-08-08 03:03:30', 322, 20, 16),
(1322, '2013-05-21 16:00:00', 1.571, 1.571, 1.571, 1.571, '16:00:40', '15:59:03', NULL, 90, 'BATTERY 12.21V', '2017-08-08 03:05:50', 322, 20, 16),
(1323, '2013-08-08 03:07:22', 1.571, 1.571, 1.571, 1.571, '16:00:21', '15:59:27', NULL, 90, 'BATTERY 11.98V', '2017-08-08 03:07:13', 322, 20, 16),
(1324, '2013-05-22 16:00:00', 1.46, 1.46, 1.46, 1.46, '16:00:36', '12:05:39', NULL, NULL, 'BATT VOLTAGE 12.32V\n12.34V', '2017-08-08 03:09:43', 325, 2, 9),
(1325, '2013-05-21 16:00:00', 1.46, 1.46, 1.46, 1.46, '16:00:25', NULL, NULL, NULL, 'BATTERY VOLTAGE B1 12.30V\nB2 12.38V\n', '2017-08-08 03:11:39', 325, 2, 9),
(1326, '2013-05-20 16:00:00', 1.46, 1.46, 1.46, 1.46, '16:00:45', NULL, NULL, NULL, 'BATT VOLTAGE 12.63V\n12.37V\nFAIR WEATHER', '2017-08-08 03:13:44', 325, 2, 9),
(1327, '2013-05-19 16:00:00', 1.46, 1.46, 1.46, 1.46, '04:29:37', NULL, NULL, NULL, 'BATT VOLTAGE 12.78V\n12.40V', '2017-08-08 03:15:38', 325, 2, 9),
(1328, '2013-05-20 16:00:00', 1.461, 1.461, 1.461, 1.461, '16:00:47', '17:36:51', NULL, 316, 'BAT 12.21V', '2017-08-08 03:17:44', 330, 20, 16),
(1329, '2013-05-19 16:00:00', 1.461, 1.461, 1.461, 1.461, '16:00:18', '15:59:22', NULL, 316, '', '2017-08-08 03:19:00', 330, 20, 16),
(1330, '2013-05-18 16:00:00', 1.4585, 1.459, 1.459, 1.459, '16:00:44', '15:59:47', NULL, 314, '', '2017-08-08 03:24:48', 330, 20, 16),
(1331, '2013-05-24 16:00:00', 1.508, 1.508, 1.509, 1.509, '14:45:04', '15:00:13', NULL, NULL, '', '2017-08-08 03:28:21', 96, 7, 10),
(1332, '2013-05-26 16:00:00', 1.508, 1.508, 1.508, 1.509, '16:00:21', NULL, NULL, NULL, 'POWER- OK', '2017-08-08 03:30:06', 96, 7, 10),
(1333, '2013-05-22 16:00:00', 1.509, 1.51, 1.509, 1.509, '16:00:40', '22:45:44', NULL, 185, '12.81 v powerstop observed time @22:45\n12.85V- START AT 06:45 05/25/2013\n(REPLACED NEW BATTERY @06:45 05/25/2013', '2017-08-08 05:45:47', 96, 7, 10),
(1334, '2013-05-24 16:00:00', 0, 0, 0, 0, '22:35:23', '15:59:06', NULL, NULL, '', '2017-08-08 05:51:46', 104, 14, 18),
(1335, '2013-05-23 16:00:00', 0, 0, 0, 0, '00:45:35', '15:59:41', NULL, NULL, 'STATION INFA IS LOCATED AT THE ROOFTOP OF INFANTA MUNICIPAL BUILDING EXTENSION OFFICE', '2017-08-08 05:53:59', 104, 14, 18),
(1336, '2013-05-21 16:00:00', 1.145, 1.145, 1.1455, 1.1455, '16:00:10', '18:20:14', NULL, NULL, '12.3V', '2017-08-08 05:55:59', 67, 4, 13),
(1337, '2013-06-20 16:00:00', 1.384, 1.385, 1.385, 1.385, '16:00:19', NULL, NULL, 135, '', '2017-08-08 06:10:56', 114, 20, 16),
(1338, '2013-06-17 16:00:00', 1.384, 1.385, 1.385, 1.385, '16:00:41', '15:59:45', NULL, 135, 'THERE WAS FELT EARTHQUAKE BETWEEN 1PM TO 3PM', '2017-08-08 06:12:53', 114, 20, 16),
(1339, '2013-06-19 16:00:00', 1.384, 1.385, 1.385, 1.385, '16:00:42', '15:59:47', NULL, 135, '', '2017-08-08 06:14:35', 114, 20, 16),
(1340, '2013-06-18 16:00:00', 1.384, 1.385, 1.385, 1.385, '16:00:11', '15:59:15', NULL, 135, '', '2017-08-08 06:15:58', 114, 20, 16),
(1341, '2013-06-16 16:00:00', 1.384, 1.385, 1.385, 1.385, '23:12:41', '15:59:48', NULL, 135, 'SITE IS LOCATED AT THE EDGE OF VOLLEYBALL COURT ALIGN WITH THE STAGE AT THE ATHLETIC FIELD AT THE BACK OF KIBUDTUNGAN CENTRAL ELEMENTARY SCHOOL.\nCONTACT PERSON: PAZ M. NISNISAN/PRINCIPAL\nCARE TAKER: ARIEL MENDOZA', '2017-08-08 06:19:46', 114, 20, 16),
(1342, '2013-05-24 16:00:00', 1.474, 1.475, 1.475, 1.475, '20:00:00', '15:59:05', NULL, 315, '1.) SUNNY, PARTLY CLOUDY/ BATTERY LOW POWER\n2.) MARKER BUILT ON A HILL IN FRONT OF THE CHURCH (ST ANTHONY DE PADUA PARISH)\n3.) ANGEL P. CORRE (09999917890)\n\nMAY 26, 2013; 10:54AM\nNEW HEIGHT READING\n(1) 1.476M    (3) 1.477M\n(5) 1.477M    (7) 1.476M\nNOTE: W', '2017-08-08 06:25:24', 608, 2, 9),
(1343, '2013-05-25 16:00:00', 1.452, 1.453, 1.453, 1.453, '19:15:19', '15:59:25', NULL, NULL, '', '2017-08-08 06:27:07', 608, 2, 9),
(1344, '2013-05-26 16:00:00', 1.452, 1.453, 1.453, 1.453, '16:00:49', '19:23:54', NULL, NULL, '', '2017-08-08 06:28:38', 608, 2, 9),
(1345, '2013-06-20 16:00:00', 1.363, 1.364, 1.364, 1.364, '16:00:56', '20:00:37', NULL, 900, '', '2017-08-08 06:45:44', 24, 7, 10),
(1346, '2013-06-19 16:00:00', 1.363, 1.364, 1.364, 1.364, '16:00:24', '15:59:29', NULL, 900, 'INSPECTED AT 12:20PM; THE LIGHT INDICATOR FOR RECORDING WAS OFF.', '2017-08-08 06:47:55', 24, 7, 10),
(1347, '2013-06-18 16:00:00', 1.363, 1.364, 1.364, 1.364, '16:00:29', '15:59:34', NULL, 900, '', '2017-08-08 06:49:13', 24, 7, 10),
(1348, '2013-06-17 16:00:00', 1.363, 1.364, 1.364, 1.364, '22:00:52', '15:59:58', NULL, 90, 'BENCH MARK IS LOCATED AT THE BACK OF BANISILAN MUNICIPAL HALL ABOUT METER FROM THE TENIS COURT AND BESIDE THE PLAY GROUND.\nCONTACT PERSON- MAYOR BETTY ALLADO\nCARE TAKER - CHIEF OF POLICE', '2017-08-08 07:14:35', 24, 7, 10),
(1349, '2013-06-20 16:00:00', 1.492, 1.493, 1.493, 1.492, '16:00:26', '15:59:30', NULL, 170, '', '2017-08-08 07:20:12', 199, 4, 13),
(1350, '2013-06-19 16:00:00', 1.492, 1.493, 1.493, 1.492, '16:00:51', '15:59:56', NULL, 170, '', '2017-08-08 07:21:34', 199, 4, 13),
(1351, '2013-06-18 16:00:00', 1.492, 1.493, 1.493, 1.492, '16:00:03', '15:59:07', NULL, 170, '', '2017-08-08 07:22:47', 199, 4, 13),
(1352, '2013-06-17 16:00:00', 1.492, 1.493, 1.493, 1.492, '16:00:20', '15:59:24', NULL, 120, '', '2017-08-08 07:24:02', 199, 4, 13),
(1353, '2013-06-16 16:00:00', 1.492, 1.493, 1.493, 1.492, '18:38:47', '15:59:54', NULL, 270, 'SITE IS LOCATED AT FLAGPOLE STRUCTURE OF DALAPITAN ELEMENTARY SCHOOL, DALAPITAN, MATALAN, COTABATO\nCONTACT PERSONS: PRINCIPAL: MRS. ILA K. PAGOCAG\nCAR TAKER: NONOY BAYOG', '2017-08-08 07:27:07', 199, 4, 13),
(1354, '2013-05-25 16:00:00', 0, 0, 0, 0, '16:00:27', '23:12:32', NULL, NULL, '', '2017-08-08 07:29:11', 339, 13, 19),
(1355, '2013-05-24 16:00:00', 0, 0, 0, 0, '19:06:33', '15:59:43', NULL, NULL, 'STATION SINI IS LOCATED AT THE ROOFTOP OF VOCATIONAL AGRICULTUTRE BUILDING (VOAG)', '2017-08-08 07:31:04', 339, 13, 19),
(1356, '2013-06-14 16:00:00', 1.298, 1.298, 1.299, 1.299, '19:28:02', NULL, NULL, 220, 'CLOUDY ABOUT TO RAIN.\nTHE INSTRUMENT SITUATION AT UNKNOWN TIME', '2017-08-08 07:33:19', 80, 13, 19),
(1357, '2013-06-16 16:00:00', 1.298, 1.298, 1.299, 1.299, '19:17:47', NULL, NULL, 220, 'CLEAR WEATHER', '2017-08-08 07:34:43', 80, 13, 19),
(1358, '2013-06-17 16:00:00', 1.298, 1.298, 1.299, 1.299, '16:00:25', '16:05:30', NULL, 220, 'CLEAR SKY', '2017-08-08 07:36:19', 80, 13, 19),
(1359, '2013-06-18 16:00:00', 1.298, 1.299, 1.3, 1.299, '16:00:20', '16:05:24', NULL, NULL, '', '2017-08-08 07:38:51', 80, 13, 19),
(1360, '2013-06-17 16:00:00', 1.408, 1.408, 1.408, 1.408, '16:00:37', NULL, NULL, 90, 'CLOUDY WEATHER', '2017-08-08 07:42:26', 70, 5, 14),
(1361, '2013-06-16 16:00:00', 1.408, 1.408, 1.408, 1.408, '17:44:03', NULL, NULL, 90, 'NOTE: CLOUDY WEATHER', '2017-08-08 07:44:01', 70, 5, 14),
(1362, '2013-06-18 16:00:00', 1.408, 1.408, 1.408, 1.408, '16:00:29', NULL, NULL, 90, 'CLOUDY WEATHER', '2017-08-08 07:45:17', 70, 5, 14),
(1363, '2013-08-08 07:46:52', 1.408, 1.408, 1.408, 1.408, '16:00:46', NULL, NULL, 90, 'NOTE: FAIR WEATHER', '2017-08-08 07:46:39', 70, 5, 14),
(1364, '2013-06-20 16:00:00', 1.408, 1.408, 1.408, 1.408, '16:00:24', NULL, NULL, 90, 'NOTE: CLOUDY WEATHER', '2017-08-08 07:48:05', 70, 5, 14),
(1365, '2013-06-21 16:00:00', 1.408, 1.408, 1.408, 1.408, '16:00:41', '17:45:44', NULL, 90, 'CLOUDY WITH SCATTERED RAINSHOWER', '2017-08-08 07:49:47', 70, 5, 14),
(1366, '2013-06-17 16:00:00', 1.3, 1.301, 1.301, 1.301, '16:00:02', '15:59:05', NULL, 225, 'FILE: 55181690.T01 {1.7MB}\nFILE: 55181691.T01 {6.2MB}', '2017-08-08 07:52:30', 71, 2, 9),
(1367, '2013-06-16 16:00:00', 1.3, 1.301, 1.301, 1.301, '04:53:03', '15:59:09', NULL, 225, '12.40 V (18 JUNE: 01:35 PM{PST})\nFILE: 55181680.TO1 {3.5MB}', '2017-08-08 07:54:39', 71, 2, 9),
(1368, '2013-06-18 16:00:00', 1.3, 1.301, 1.301, 1.301, '16:00:09', '15:59:14', NULL, 225, 'BATTERY REPLACEMENT AND DATE DOWNLOAD 19 JUNE 2013: 02:05PM (PST)\nFILES: 55181700.T01 {1.8MB}\n          : 55181701.T01 {6.1MB}', '2017-08-08 07:57:06', 71, 2, 9),
(1369, '2013-06-19 16:00:00', 1.3, 1.301, 1.301, 1.301, '16:00:38', NULL, NULL, 225, 'DATA DOWNLOAD : 20 JUNE 2013 : 01:15PM\nFILES: 55181710.T01 {1.6M}', '2017-08-08 07:58:58', 71, 2, 9),
(1370, '2013-06-20 16:00:00', 1.3, 1.301, 1.301, 1.301, '16:00:33', NULL, NULL, NULL, '', '2017-08-08 08:00:09', 71, 2, 9),
(1371, '2013-06-17 16:00:00', 1.411, 1.411, 1.411, 1.41, '16:00:02', '15:59:09', NULL, NULL, '12.32V\nDATA DOWNLOADED @10:50 AM (PST)\nFILE: 47791690.Y00 {52.9KB}\n47791691.T00 {419.1KB}', '2017-08-08 08:43:25', 72, 14, 18),
(1372, '2013-06-16 16:00:00', 1.411, 1.411, 1.411, 1.41, '00:50:10', '14:59:20', NULL, 155, 'BATTERY (START UP) 12.49V\nFILE: 47791680.TOO{303KB}', '2017-08-09 00:39:37', 72, 14, 18),
(1373, '2013-06-18 16:00:00', 1.411, 1.411, 1.411, 1.41, '16:00:06', '15:59:11', NULL, 155, '19 JUNE 2013 11:00AM {DATA DOWNLOADED}\n13.22V : BATTERY (NEW)\nFILES: 47791700.TOO {53.7 KB}\n47791701.TOO {417.4KB)', '2017-08-09 00:42:19', 72, 14, 18),
(1374, '2013-06-19 16:00:00', 1.411, 1.411, 1.411, 1.41, '16:00:51', NULL, NULL, 155, 'DATA DOWNLOAD: 20 NJUNE 2013, 11:00AM (PST)\nFILE(S): 47791710.TOO {56.7K}', '2017-08-09 00:45:18', 72, 14, 18),
(1375, '2013-06-14 16:00:00', 1.456, 1.457, 1.457, 1.457, '16:30:41', '15:59:48', NULL, 95, 'CLOUDY AND ABOUT TO RAIN', '2017-08-09 00:47:48', 76, 16, 26),
(1376, '2013-06-13 16:00:00', 1.452, 1.453, 1.453, 1.453, '23:07:52', '16:21:01', NULL, 340, 'CLOUDY', '2017-08-09 00:51:06', 76, 16, 26),
(1377, '2013-06-14 16:00:00', 1.451, 1.452, 1.452, 1.454, '16:00:49', NULL, NULL, 260, '', '2017-08-09 00:52:35', 76, 16, 26),
(1378, '2013-06-17 16:00:00', 1.456, 1.457, 1.457, 1.457, '16:00:08', '02:04:11', NULL, NULL, '', '2017-08-09 01:02:54', 76, 16, 26),
(1379, '2013-06-18 16:00:00', 1.456, 1.456, 1.458, 1.46, '16:00:39', NULL, NULL, 275, '', '2017-08-09 01:04:19', 76, 16, 26),
(1380, '2013-06-16 16:00:00', 1.456, 1.457, 1.457, 1.457, '16:00:49', NULL, NULL, 95, 'CLOUDY', '2017-08-09 01:05:37', 76, 16, 26),
(1381, '2013-07-16 16:00:00', 1.257, 1.257, 1.257, 1.257, '18:44:10', '15:59:15', NULL, 10, 'CARETAKER: ELIAS BIRAY\nBRGY TACBONGABONG, AGUSAN DEL NORTE', '2017-08-09 01:17:37', 389, 4, 13),
(1382, '2013-07-17 16:00:00', 1.257, 1.257, 1.257, 1.257, '18:44:35', '15:59:40', NULL, NULL, '', '2017-08-09 01:19:18', 389, 4, 13),
(1383, '2013-07-17 16:00:00', 1.282, 1.282, 1.282, 1.282, '20:10:23', '15:59:32', NULL, 85, 'FAIR WEATHER 17 KMS AWAY FROM BUTUAN CITY\nCARE TAKER - JASON S. OMBRETE - PTA PRESIDENT', '2017-08-09 01:23:18', 88, 14, 18),
(1384, '2013-07-18 16:00:00', 1.282, 1.282, 1.282, 1.282, '20:10:52', '15:59:01', NULL, NULL, '', '2017-08-09 01:25:40', 88, 14, 18),
(1385, '2013-07-16 16:00:00', 1.43, 1.43, 1.431, 1.431, '23:51:13', NULL, NULL, NULL, 'CHARGED BATTERY\nPOWER= 12.9 V @0740Z JULY 18, 2013', '2017-08-09 01:33:16', 370, 7, 10),
(1386, '2013-07-17 16:00:00', 1.43, 1.43, 1.431, 1.431, '23:41:16', NULL, NULL, NULL, 'POWER= 12.19V @0740Z JULY 18 2013(199)', '2017-08-09 01:37:45', 370, 7, 10),
(1387, '2013-07-18 16:00:00', 1.43, 1.43, 1.431, 1.431, '17:50:21', NULL, NULL, 62, 'CHANGE BATTERY\nP1= 12.20V WITHOUT LOAD\n12.15V WITH LOAD\nCARETAKER: JEMBOY MARTIN\n09468817260', '2017-08-09 01:40:15', 370, 7, 10),
(1388, '2013-07-19 16:00:00', 1.43, 1.43, 1.431, 1.431, '17:31:56', NULL, NULL, NULL, '', '2017-08-09 01:41:44', 370, 7, 10),
(1389, '2013-07-16 16:00:00', 1.367, 1.367, 1.367, 1.367, '23:23:24', NULL, NULL, NULL, 'FAIR  WEATHER\nBATTERY CHECKED @08:50AM ON JULY 18, 2013--> RECEIVER WAS OFF', '2017-08-09 01:51:17', 255, 5, 14),
(1390, '2013-07-17 16:00:00', 1.367, 1.367, 1.367, 1.367, '16:50:38', '15:59:48', NULL, NULL, 'FAIR WEATHER\n\"WHEN WE ARRIVED AT THE SITE, INSTRUMENT WAS CHECK-OFF DUE TO POWER FAILURE\"\n@0845, GPS', '2017-08-09 01:56:25', 255, 5, 14),
(1391, '2013-07-18 16:00:00', 1.367, 1.367, 1.367, 1.367, '16:00:02', '17:07:06', NULL, 45, '', '2017-08-09 02:14:59', 255, 5, 14),
(1392, '2013-07-17 16:00:00', 1.257, 1.257, 1.257, 1.257, '16:00:04', '15:59:08', NULL, 10, 'FAIR WEATHER', '2017-08-09 02:19:03', 389, 4, 13),
(1393, '2013-07-18 16:00:00', 1.257, 1.257, 1.257, 1.257, '16:00:25', '18:12:28', NULL, 10, 'FAIR WEATHER', '2017-08-09 02:21:18', 389, 4, 13),
(1394, '2013-07-16 16:00:00', 1.495, 1.495, 1.494, 1.495, '22:47:06', NULL, NULL, 205, '', '2017-08-09 02:23:59', 367, 9, 22),
(1395, '2013-07-19 16:00:00', 1.501, 1.502, 1.502, 1.502, '16:00:52', '16:18:56', NULL, NULL, '', '2017-08-09 02:34:39', 253, 2, 9),
(1396, '2013-07-17 16:00:00', 1.501, 1.502, 1.502, 1.502, '18:55:26', NULL, NULL, 30, '12.90V\nN 10.01715\nE 126.07356\n09286116765 LITO SOLAPAS', '2017-08-09 02:36:49', 253, 2, 9),
(1397, '2013-07-19 16:00:00', 1.541, 1.541, 1.541, 1.541, '16:00:23', '14:38:27', NULL, 330, '12.15V', '2017-08-09 02:39:10', 258, 16, 26),
(1398, '2013-07-17 16:00:00', 1.541, 1.541, 1.541, 1.541, '21:39:33', NULL, NULL, NULL, '12.76V JULY 18 2013\n12.36V JULY 19 2013', '2017-08-09 02:41:05', 258, 16, 26),
(1399, '2013-07-18 16:00:00', 1.282, 1.282, 1.282, 1.282, '16:00:09', '19:30:13', NULL, 85, 'FAIR WEATHER', '2017-08-09 02:48:16', 88, 14, 18),
(1400, '2013-10-22 16:00:00', 1.557, 1.558, 1.559, 1.558, '21:26:16', NULL, NULL, 218, '2013/10/26 07:28UTC\nN 1.556{1}\nE 1.558 {6}\nW 1.557 {3}\nS 1.558 {5}', '2017-08-09 02:57:59', 58, 9, 18),
(1401, '2013-10-21 16:00:00', 1.523, 1.523, 1.5235, 1.5235, '21:09:06', NULL, NULL, 180, '2013/10/26 03:28utc \n', '2017-08-09 03:00:10', 61, 7, 16),
(1402, '2013-10-21 16:00:00', 1.598, 1.598, 1.598, 1.599, '22:40:44', NULL, NULL, 0, '2013/10/23 16:00 REPLACED 2 BATTERIES IN SERIES WITH 1 NEW BATTERY\nRECEIVER WAS OFF PRIOR TO REPLACEMENT OF BATTERIES\n\n2013/10/26 04:50UTC \nN: 1.597 {1}\nE: 1.596 {7}\nW: 1.598 {3}\nS: 1.598 {5}', '2017-08-09 03:07:38', 60, 14, 18),
(1403, '2013-10-21 16:00:00', 1.588, 1.588, 1.588, 1.588, '19:20:42', NULL, NULL, 0, '2013/10/26 02:28 UTC\nE:1.588 {6}\nN: 1.587{8}\nW: 1.588 {3}\nS: 1.588{5}', '2017-08-09 03:11:40', 57, 16, 26),
(1404, '2013-07-28 16:00:00', 1.543, 1.544, 1.544, 1.544, '16:00:05', '21:14:09', NULL, 345, 'LOW VOLTAGE 11.91V\nRAINY', '2017-08-09 03:27:07', 55, 2, 9),
(1405, '2013-07-24 16:00:00', 1.543, 1.544, 1.544, 1.544, '01:02:37', '15:59:43', NULL, 345, 'fair and cloudy\n12.65 V - 12.23 V\nCARETAKER: JULIUS GUZON (09104427310)', '2017-08-09 05:47:18', 55, 2, 9),
(1406, '2013-05-25 16:00:00', 0, 0, 0, 0, '16:00:17', '21:02:23', NULL, 0, '', '2017-08-09 05:49:44', 104, 14, 18),
(1407, '2013-05-22 16:00:00', 1.368, 1.3685, 1.369, 1.3685, '18:29:12', '17:19:22', NULL, 85, '12.62\nANTENNA HEIGHT - MAY 26, 2013\nN 1.3629M (1)\nANTENNA HEIGHT\n05/26/13- N 1.36+ W  1.367', '2017-08-09 05:53:43', 310, 5, 14),
(1408, '2013-05-21 16:00:00', 1.358, 1.3585, 1.359, 1.3585, '16:00:57', '14:00:00', NULL, NULL, '12.31V', '2017-08-09 06:00:50', 230, 5, 14),
(1409, '2013-05-22 16:00:00', 1.196, 1.196, 1.196, 1.196, '22:48:46', '11:41:58', NULL, 270, '', '2017-08-09 06:04:09', 146, 4, 13),
(1410, '2013-05-26 16:00:00', 1.195, 1.196, 1.196, 1.193, '16:00:45', '16:08:49', NULL, NULL, '', '2017-08-09 06:06:46', 146, 4, 13),
(1411, '2013-05-24 16:00:00', 1.195, 1.195, 1.195, 1.195, '16:00:25', NULL, NULL, NULL, '', '2017-08-09 06:08:03', 146, 4, 13),
(1412, '2013-07-21 16:00:00', 1.591, 1.592, 1.592, 1.592, '16:00:20', NULL, NULL, 230, '12.26V ->12.15V\nRAINY', '2017-08-09 06:19:08', 260, 13, 19),
(1413, '2013-07-22 16:00:00', 1.591, 1.592, 1.592, 1.592, '16:00:35', '21:28:43', NULL, NULL, '', '2017-08-09 06:20:34', 260, 13, 19),
(1414, '2013-07-19 16:00:00', 1.591, 1.592, 1.592, 1.592, '03:50:02', NULL, NULL, 230, '12.50V \nLOLOY  09109732682\nN 9.0353\nE 126.21611\nELEV 85\nFAIR', '2017-08-09 06:22:33', 260, 13, 19),
(1415, '2013-07-23 16:00:00', 1.46, 1.46, 1.46, 1.46, '16:00:33', '17:02:37', NULL, 330, '', '2017-08-09 06:24:22', 254, 4, 13),
(1416, '2013-07-23 16:00:00', 1.51, 1.51, 1.5105, 1.5105, '21:37:24', NULL, NULL, 330, 'SUNNY\n12.65V', '2017-08-09 06:27:18', 259, 13, 19),
(1417, '2013-07-28 16:00:00', 1.51, 1.51, 1.5105, 1.5105, '16:00:27', '22:01:32', NULL, 330, 'RAINY', '2017-08-09 06:29:15', 259, 2, 9),
(1418, '2013-07-24 16:00:00', 1.22, 1.22, 1.22, 1.22, '01:27:17', '15:59:23', NULL, 195, '', '2017-08-09 06:31:11', 261, 14, 18),
(1419, '2013-07-25 16:00:00', 1.22, 1.22, 1.22, 1.22, '16:00:47', '15:59:52', NULL, 195, '', '2017-08-09 06:32:41', 261, 14, 18),
(1420, '2013-07-26 16:00:00', 1.22, 1.22, 1.22, 1.22, '16:00:09', '15:59:15', NULL, 195, '', '2017-08-09 06:34:03', 261, 14, 18),
(1421, '2013-07-27 16:00:00', 1.22, 1.22, 1.22, 1.22, '16:00:24', '00:55:31', NULL, 195, '', '2017-08-09 06:36:14', 261, 14, 18),
(1422, '2013-07-27 16:00:00', 1.518, 1.518, 1.519, 1.519, '16:00:29', '01:41:36', NULL, 125, '', '2017-08-09 06:44:29', 250, 4, 13),
(1423, '2013-07-26 16:00:00', 1.518, 1.518, 1.519, 1.519, '16:00:00', '15:59:04', NULL, 125, '', '2017-08-09 06:45:53', 250, 4, 13),
(1424, '2013-07-25 16:00:00', 1.518, 1.518, 1.519, 1.519, '16:00:15', '15:59:21', NULL, 125, '', '2017-08-09 06:47:05', 250, 4, 13),
(1425, '2013-07-24 16:00:00', 1.518, 1.518, 1.519, 1.519, '20:50:31', '15:59:39', NULL, 125, '', '2017-08-09 06:48:24', 250, 4, 13),
(1426, '2013-07-20 16:00:00', 1.46, 1.46, 1.46, 1.46, '17:44:23', '15:59:28', NULL, 330, 'PARTLY CLOUDY\nCARETAKER ARCELO SILIACAY', '2017-08-09 06:50:36', 254, 4, 13),
(1427, '2013-07-21 16:00:00', 1.46, 1.46, 1.46, 1.46, '16:00:06', '15:59:11', NULL, 330, '', '2017-08-09 06:52:00', 254, 4, 13),
(1428, '2013-07-22 16:00:00', 1.46, 1.46, 1.46, 1.46, '16:00:28', '15:59:32', NULL, NULL, 'PARTLY CLOUDY', '2017-08-09 06:53:22', 254, 4, 13),
(1429, '2013-07-21 16:00:00', 1.445, 1.446, 1.446, 1.446, '16:00:20', '19:18:59', NULL, 175, '12.20V -> 12.01V\n', '2017-08-09 06:55:39', 257, 19, 28),
(1430, '2013-07-19 16:00:00', 1.445, 1.446, 1.446, 1.446, '01:25:17', NULL, NULL, 175, '12.55 V\n12.20V\nSUNNY', '2017-08-09 06:57:20', 257, 19, 28),
(1431, '2013-07-16 16:00:00', 1.411, 1.411, 1.411, 1.411, '18:45:12', NULL, NULL, 88, '12.10VOLTS\n07/18/2013\n0057 BATTERY - CHANGE 12.2\nGUARD 09479255525', '2017-08-09 07:00:15', 256, 19, 28),
(1432, '2013-10-24 16:00:00', 1.4615, 1.462, 1.462, 1.462, '16:00:40', '23:00:45', NULL, NULL, '', '2017-08-09 07:09:30', 354, 4, 13),
(1433, '2013-10-20 16:00:00', 1.4615, 1.462, 1.462, 1.462, '16:00:02', NULL, NULL, NULL, '', '2017-08-09 07:16:40', 354, 4, 13),
(1434, '2013-10-19 16:00:00', 1.4615, 1.462, 1.462, 1.462, '16:00:11', '15:59:14', NULL, NULL, '', '2017-08-09 07:17:55', 354, 4, 13),
(1435, '2013-10-18 16:00:00', 1.4615, 1.462, 1.462, 1.462, '16:00:10', '15:59:14', NULL, NULL, '', '2017-08-09 07:28:01', 354, 4, 13),
(1436, '2013-10-17 16:00:00', 1.4615, 1.46, 1.461, 1.461, '16:00:29', '15:59:33', NULL, NULL, '', '2017-08-09 07:29:13', 354, 4, 13),
(1437, '2013-07-22 16:00:00', 1.482, 1.482, 1.482, 1.482, '16:00:35', '18:38:39', NULL, NULL, '', '2017-08-09 07:31:26', 366, 14, 18),
(1438, '2013-07-21 16:00:00', 1.482, 1.482, 1.482, 1.482, '16:00:16', '15:59:20', NULL, NULL, 'PARTLY CLOUDY', '2017-08-09 07:33:16', 366, 14, 18),
(1439, '2013-07-20 16:00:00', 1.482, 1.482, 1.482, 1.482, '16:00:01', '15:59:06', NULL, NULL, 'FAIR WEATHER', '2017-08-09 07:34:52', 366, 14, 18),
(1440, '2013-07-19 16:00:00', 1.482, 1.482, 1.482, 1.482, '22:17:47', '15:59:54', NULL, NULL, 'CLOUDY WEATHER', '2017-08-09 07:36:57', 366, 14, 18),
(1441, '2013-10-17 16:00:00', 1.12, 1.12, 1.12, 1.12, '16:00:13', NULL, NULL, NULL, '', '2017-08-09 07:42:03', 364, 2, 9),
(1442, '2013-10-18 16:00:00', 1.119, 1.12, 1.12, 1.12, '16:00:50', '15:59:54', NULL, NULL, '', '2017-08-09 07:43:39', 364, 2, 9),
(1443, '2013-10-19 16:00:00', 1.119, 1.12, 1.12, 1.12, '16:00:12', NULL, NULL, NULL, 'OBSERVATION TIME 08:55AM', '2017-08-09 07:45:03', 364, 2, 9),
(1444, '2013-10-21 16:00:00', 1.119, 1.12, 1.12, 1.12, '16:00:31', NULL, NULL, NULL, '', '2017-08-09 07:46:13', 364, 2, 9),
(1445, '2013-10-20 16:00:00', 1.119, 1.12, 1.12, 1.12, '16:00:47', NULL, NULL, NULL, '', '2017-08-09 07:47:29', 364, 2, 9),
(1446, '2013-07-24 16:00:00', 1.544, 1.544, 1.544, 1.545, '23:21:48', NULL, NULL, 67, '12.65V ->12.21 V\nFAIR AND CLOUDY', '2017-08-09 07:53:52', 369, 19, 28),
(1447, '2013-07-28 16:00:00', 1.544, 1.544, 1.544, 1.545, '16:00:39', '18:22:43', NULL, 67, '12.02V\nCLOUDY AND RAINY\n12.05V', '2017-08-09 07:55:45', 369, 19, 28),
(1448, '2013-07-24 16:00:00', 1.276, 1.277, 1.278, 1.278, '18:49:23', NULL, NULL, 272, '13.08', '2017-08-09 07:58:14', 378, 7, 10),
(1449, '2013-08-09 07:59:45', 1.277, 1.277, 1.277, 1.277, '16:00:45', NULL, NULL, NULL, 'VOLTAGE 12.13', '2017-08-09 07:59:35', 378, 7, 10),
(1450, '2013-07-28 16:00:00', 1.277, 1.277, 1.277, 1.277, '16:00:07', '14:15:10', NULL, NULL, '', '2017-08-09 08:00:58', 378, 7, 10),
(1451, '2013-07-19 16:00:00', 1.413, 1.412, 1.412, 1.413, '23:59:49', NULL, NULL, 169, 'REY JUMAWAN SG SECURITY GUARD', '2017-08-09 08:02:59', 372, 7, 10),
(1452, '2013-07-23 16:00:00', 1.412, 1.412, 1.412, 1.412, '16:00:33', NULL, NULL, NULL, '', '2017-08-09 08:04:11', 372, 7, 10),
(1453, '2013-07-21 16:00:00', 1.412, 1.412, 1.412, 1.412, '16:00:26', NULL, NULL, NULL, 'BUBBLE CENTERED\nPLUMBING NOT OFFSET\n2 BATTERIES IN PARALLEL CONNECTION', '2017-08-09 08:06:05', 372, 7, 10),
(1454, '2013-07-27 16:00:00', 1.507, 1.507, 1.507, 1.507, '16:00:00', '23:00:04', NULL, 220, '0700Z END TIME', '2017-08-09 08:08:07', 376, 16, 26),
(1455, '2013-07-24 16:00:00', 1.507, 1.507, 1.507, 1.507, '18:24:31', '15:59:38', NULL, 220, '12.67V', '2017-08-09 08:09:26', 376, 16, 26),
(1456, '2013-07-24 16:00:00', 1.261, 1.262, 1.262, 1.262, '17:00:20', NULL, NULL, 65, '', '2017-08-09 08:13:03', 377, 20, 16),
(1457, '2013-07-27 16:00:00', 1.261, 1.262, 1.262, 1.262, '16:00:32', NULL, NULL, NULL, 'VOLTAGE 12.57', '2017-08-09 08:14:22', 377, 20, 16),
(1458, '2013-07-28 16:00:00', 1.261, 1.262, 1.262, 1.262, '16:00:49', '15:13:53', NULL, NULL, '', '2017-08-09 08:15:38', 377, 20, 16),
(1459, '2013-07-20 16:00:00', 1.565, 1.565, 1.565, 1.565, '23:32:04', NULL, NULL, NULL, 'SUNNY\n12.65V', '2017-08-09 08:18:00', 374, 16, 26),
(1460, '2013-07-23 16:00:00', 1.565, 1.565, 1.565, 1.565, '16:00:16', '00:38:20', NULL, NULL, '12.05V', '2017-08-09 08:19:09', 374, 16, 26),
(1461, '2013-07-20 16:00:00', 1.538, 1.537, 1.538, 1.538, '20:08:22', NULL, NULL, 225, '12.70V\nSUNNY', '2017-08-09 08:21:19', 373, 2, 9),
(1462, '2013-07-23 16:00:00', 1.538, 1.537, 1.538, 1.538, '16:00:56', '01:41:59', NULL, 225, 'CLOUDY\n12.00V', '2017-08-09 08:22:53', 373, 2, 9),
(1463, '2013-07-23 16:00:00', 1.247, 1.247, 1.247, 1.247, '16:00:10', '18:21:15', NULL, NULL, '', '2017-08-09 08:25:00', 371, 20, 16),
(1464, '2013-07-21 16:00:00', 0, 0, 0, 0, '16:00:27', NULL, NULL, NULL, 'BUBBLE STILL CENTERED (DAY 2)\nPLUMB LINE NOT OFFSET\n2 BATTERIES IN PARALLEL CONNECTION', '2017-08-09 08:27:05', 371, 20, 16),
(1465, '2013-07-20 16:00:00', 1.247, 1.247, 1.247, 1.247, '01:13:48', NULL, NULL, 25, '0910-86-70-694\nMILO ZAMORA/ JUN ORSAL SECURITY GUARD\nMARTINA MARIN- PRINCIPAL III', '2017-08-09 08:29:12', 371, 20, 16),
(1466, '2014-02-07 16:00:00', 1.363, 1.364, 1.364, 1.364, '16:11:03', NULL, NULL, 260, 'FAIR WEATHER, NORMAL CONDITIOON\n12.98V', '2017-08-10 01:31:00', 177, 4, 13),
(1467, '2014-02-10 16:00:00', 1.363, 1.364, 1.364, 1.364, '16:00:43', '14:06:47', NULL, 260, '12.3V SUNNY WEATHER', '2017-08-10 01:32:34', 177, 4, 13),
(1468, '2014-02-08 16:00:00', 1.363, 1.364, 1.364, 1.364, '16:00:07', NULL, NULL, 260, '03 47 Z\n12.43 V\nSUNNY AND WINDY', '2017-08-10 01:34:01', 177, 4, 13),
(1469, '2014-02-13 16:00:00', 1.465, 1.466, 1.466, 1.466, '16:00:52', '16:22:58', NULL, 200, 'PULL OUT', '2017-08-10 01:36:42', 699, 20, 10),
(1470, '2014-02-12 16:00:00', 1.465, 1.4655, 1.4655, 1.465, '16:00:11', '15:59:16', NULL, 200, '', '2017-08-10 01:41:55', 699, 20, 10),
(1471, '2014-02-11 16:00:00', 1.465, 1.4655, 1.4655, 1.465, '16:00:00', '15:59:06', NULL, 200, '', '2017-08-10 01:43:41', 699, 20, 10),
(1472, '2014-02-10 16:00:00', 1.465, 1.4655, 1.4655, 1.465, '00:05:39', NULL, NULL, 200, 'CONTACT PERSON: HELEN B. TITANG\nPRINCIPAL I\nCP NUMBER 094881341513', '2017-08-10 01:46:09', 699, 20, 10),
(1473, '2014-02-16 16:00:00', 1.4465, 1.4465, 1.4465, 1.4465, '16:00:23', '19:30:27', NULL, NULL, '', '2017-08-10 01:50:04', 668, 4, 13),
(1474, '2014-02-15 16:00:00', 1.4465, 1.4465, 1.4465, 1.4465, '16:00:40', '15:59:44', NULL, NULL, '', '2017-08-10 01:51:18', 668, 4, 13),
(1475, '2014-02-14 16:00:00', 1.4465, 1.4465, 1.4465, 1.4465, '19:53:53', NULL, NULL, 315, '', '2017-08-10 01:52:30', 668, 4, 13),
(1476, '2014-02-11 16:00:00', 0, 0, 0, 0, '16:00:55', NULL, NULL, NULL, '2014 02 12 16:40\nBATTERY REPLACEMENT; NO RESTART NEEDED', '2017-08-10 01:55:07', 174, 2, 9),
(1477, '2014-02-09 16:00:00', 1.4912, 1.4912, 1.4912, 1.4912, '17:27:53', '15:59:05', NULL, 90, '2014 02 10 9:27AM\n12.4V', '2017-08-10 01:56:57', 174, 2, 9),
(1478, '2014-02-12 16:00:00', 1.475, 1.475, 1.475, 1.475, '16:00:16', '15:59:20', NULL, NULL, '', '2017-08-10 01:59:54', 170, 7, 16),
(1479, '2014-02-11 16:00:00', 1.474, 1.474, 1.475, 1.475, '17:21:34', NULL, NULL, 275, '', '2017-08-10 02:01:09', 170, 7, 16),
(1480, '2014-02-14 16:00:00', 1.475, 1.475, 1.475, 1.475, '16:00:20', NULL, NULL, NULL, '', '2017-08-10 02:03:10', 170, 7, 16),
(1481, '2014-02-10 16:00:00', 0, 1.497, 1.498, 1.497, '16:00:16', '01:50:20', NULL, 10, 'CARETAKER KING FABELLA 09215989303', '2017-08-10 02:05:18', 192, 5, 14),
(1482, '2014-02-09 16:00:00', 0, 0, 0, 0, '16:00:13', '15:59:17', NULL, 10, '2014 02 10 11:40PM\n12.37V & 12.56V', '2017-08-10 02:07:14', 192, 5, 14),
(1483, '2014-02-08 16:00:00', 0, 0, 0, 0, '16:00:54', '15:59:58', NULL, 10, 'INSPECTION AT 9 FEB 2014\n14:32 PST; STILL LOGGING, BATTERIES AT 12.54V & 12.46V', '2017-08-10 02:09:44', 192, 5, 14),
(1484, '2014-02-07 16:00:00', 1.498, 1.498, 1.498, 1.498, '22:07:41', '15:59:49', NULL, 10, '', '2017-08-10 02:11:22', 192, 5, 14),
(1485, '2014-02-10 16:00:00', 1.357, 1.357, 1.358, 1.358, '16:00:09', '02:40:14', NULL, NULL, '2014 02 11 18:40\nCONTACT PERSON JOSE FIGUEROA', '2017-08-10 02:15:22', 193, 7, 16),
(1486, '2014-02-09 16:00:00', 0, 0, 0, 0, '16:00:31', '15:59:35', NULL, NULL, '2014 02 10\n10:32AM 12.61V & 12.6V', '2017-08-10 02:18:37', 193, 7, 16),
(1487, '2014-02-08 16:00:00', 1.359, 1.358, 1.3585, 1.358, '21:40:40', '15:59:47', NULL, 344, 'INSPECTION AT 9 FEB 2014, 13:27 PST:\nANTENNA CABLE TORN AT 3 PLACES DUE TO GNAWING BY (A) DOG (S); CABLE REPLACED DURING ONE OF SPARE RECEIVERS ANTENNA CABLE; WOUND ON TRIPOD LEG TO DETER FURTHER DOGS.', '2017-08-10 02:23:24', 193, 7, 16),
(1488, '2014-02-07 16:00:00', 1.358, 1.3585, 1.358, 1.358, '21:13:25', NULL, NULL, 344, '', '2017-08-10 02:25:07', 193, 7, 16),
(1489, '2014-02-07 16:00:00', 1.53, 1.531, 1.531, 1.531, '23:20:41', '15:59:47', NULL, 180, '', '2017-08-10 02:27:21', 205, 16, 26),
(1490, '2014-02-09 16:00:00', 1.532, 1.532, 1.5325, 1.5325, '16:00:16', '15:59:20', NULL, 180, '2014 02 10 \n12:44PM TRIPOD LEGS WERE FOUND UNLOCKED DURING INSPECTION (2 OUT OF 3 LEGS)', '2017-08-10 02:42:50', 205, 16, 26),
(1491, '2014-02-10 16:00:00', 1.532, 1.532, 1.532, 1.532, '16:00:23', '00:13:26', NULL, 180, '2014 02 11 04:13PM:\nSILVINO B. DOCTOLERO, JR. - PRINCIPAL II\nEFREN B. ABILONG - CARETAKER', '2017-08-10 02:44:50', 205, 16, 26),
(1492, '2014-02-08 16:00:00', 0, 0, 0, 0, '16:00:20', '15:59:24', NULL, 180, '', '2017-08-10 02:45:58', 205, 16, 26),
(1493, '2014-03-18 16:00:00', 0, 0, 0, 0, '16:00:52', NULL, NULL, NULL, '', '2017-08-10 02:52:33', 344, 9, 22),
(1494, '2014-03-17 16:00:00', 0, 0, 0, 0, '16:00:03', NULL, NULL, NULL, '', '2017-08-10 02:53:36', 344, 9, 22),
(1495, '2014-03-16 16:00:00', 0, 0, 0, 0, '16:00:03', NULL, NULL, NULL, '', '2017-08-10 02:54:36', 344, 9, 22),
(1496, '2014-03-15 16:00:00', 1.232, 1.232, 1.232, 1.233, '00:01:12', NULL, NULL, 89, '', '2017-08-10 02:55:47', 344, 9, 22),
(1497, '2014-03-18 16:00:00', 0, 0, 0, 0, '16:00:18', NULL, NULL, NULL, '', '2017-08-10 03:02:53', 346, 19, 28),
(1498, '2014-03-17 16:00:00', 1.234, 1.234, 1.234, 1.234, '16:00:50', NULL, NULL, 119, '', '2017-08-10 03:04:25', 346, 19, 28),
(1499, '2014-03-16 16:00:00', 1.234, 1.234, 1.234, 1.234, '16:00:04', '15:59:08', NULL, 119, '', '2017-08-10 03:05:42', 346, 19, 28),
(1500, '2014-03-15 16:00:00', 1.233, 1.234, 1.234, 1.234, '19:32:23', '15:59:30', NULL, 119, '', '2017-08-10 03:07:05', 346, 19, 28),
(1501, '2014-03-14 16:00:00', 1.355, 1.354, 1.355, 1.356, '00:30:49', '11:54:56', NULL, 130, 'RESURVEYED ON MARCH 16 AT 05242, NOTICED THAT THE RECEIVER IS OFF. RESTARTED AT 05262', '2017-08-10 03:10:23', 351, 7, 16),
(1502, '2014-03-15 16:00:00', 1.355, 1.354, 1.355, 1.356, '21:26:07', '15:59:14', NULL, 130, '', '2017-08-10 03:11:49', 351, 7, 16),
(1503, '2014-02-16 16:00:00', 1.437, 1.438, 1.437, 1.438, '16:00:13', '20:21:16', NULL, 200, '', '2017-08-10 03:13:53', 166, 7, 16),
(1504, '2014-02-15 16:00:00', 1.438, 1.4385, 1.438, 1.4385, '16:00:34', '15:59:37', NULL, 200, '', '2017-08-10 03:15:12', 166, 7, 16),
(1505, '2014-02-14 16:00:00', 1.438, 1.438, 1.438, 1.4385, '17:38:08', NULL, NULL, 200, '', '2017-08-10 03:16:47', 166, 7, 16),
(1506, '2014-02-12 16:00:00', 1.516, 1.516, 1.516, 1.516, '16:00:07', '15:59:11', NULL, 90, '', '2017-08-10 03:18:45', 173, 4, 13),
(1507, '2014-02-11 16:00:00', 1.516, 1.516, 1.516, 1.516, '15:30:45', NULL, NULL, 90, '', '2017-08-10 03:20:25', 173, 4, 13),
(1508, '2014-02-13 16:00:00', 1.516, 1.516, 1.516, 1.516, '16:00:14', '01:11:17', NULL, NULL, '', '2017-08-10 03:21:55', 173, 4, 13),
(1509, '2014-02-11 16:00:00', 1.51, 1.51, 1.511, 1.511, '18:26:09', NULL, NULL, 70, '', '2017-08-10 06:08:46', 195, 18, 27),
(1510, '2014-02-11 16:00:00', 1.4, 1.4, 1.4, 1.4, '19:48:26', NULL, NULL, 311, '2014 02 12 11:48AM\nJUDITH S. LEONA; PRINCIPAL II (CENTRAL PRINCIPAL)', '2017-08-10 06:11:40', 196, 5, 14);
INSERT INTO `campaign_logsheets` (`id`, `date`, `height_north_meters`, `height_east_meters`, `height_south_meters`, `height_west_meters`, `time_start`, `time_end`, `failure_time`, `azimuth`, `notes`, `createdAt`, `site_id`, `antenna_id`, `receiver_id`) VALUES
(1511, '2014-03-14 16:00:00', 1.241, 1.24, 1.24, 1.239, '08:03:12', NULL, NULL, NULL, 'CLEAR WEATHER  BUT ON 2ND DAY UNTIL MARCH 19 2014\nCLOUDY SKY WITH RAINY DAYS. IT WAS DIS-ALIGNED ON MARCH 17, 2014', '2017-08-10 06:23:42', 249, 5, 14),
(1512, '2014-03-16 16:00:00', 1.24, 1.24, 1.241, 1.24, '08:06:00', NULL, NULL, NULL, 'CLOUDY SKY & RAINY DAYS', '2017-08-10 06:25:52', 249, 5, 14),
(1513, '2014-02-13 16:00:00', 1.4585, 1.4585, 1.4585, 1.4585, '22:40:21', NULL, NULL, 160, '11 21 Z END TIME\nN 12.22784\nE 123.28450\nSITE LOCATION: JOSE Z. MESA SR. MEMORIAL ELEMENTARY SCHOOL, POBLACION, MANDAON, MASBATE\nBATTERY: 12.28V & 12.90V; INDIVIDUAL PORTS COURTESY CALL WITH DR. DEDEE E. SOLA-SAMSON PUBLIC SCHOOLS DISTRICT SUPERVISOR\nCARET', '2017-08-10 06:36:29', 698, 14, 18),
(1514, '2014-03-14 16:00:00', 1.254, 1.254, 1.254, 1.254, '03:24:49', NULL, NULL, NULL, 'CLEAR WEATHER, BUT ON SECOND DAY WE NEED TO REINSTALL BECAUSE IT WAS DIS-ALIGNED. BUBBLES NOT CENTERED.', '2017-08-10 06:44:20', 243, 4, 13),
(1515, '2014-03-15 16:00:00', 1.238, 1.238, 1.238, 1.238, '05:06:11', NULL, NULL, NULL, 'CLOUDY SKY AND RAINY DAY UNTIL MARCH 19, 2014', '2017-08-10 06:47:09', 243, 4, 13),
(1516, '2014-02-11 16:00:00', 1.308, 1.309, 1.31, 1.31, '22:50:26', NULL, NULL, 120, '2014 02 12 02:50PM: 13.13V & 12.64V; PARALLEL\nCARETAKER: JOJO DREIO (DERIO?) 09125923486', '2017-08-10 06:49:58', 167, 16, 26),
(1517, '2014-03-16 16:00:00', 1.379, 1.379, 1.379, 1.379, '19:10:26', NULL, NULL, 185, '12.18V WITHOUT LOAD\n12.760 WITHLOAD\n12.600 WITH LOAD\n12.58V WITHOUT LOAD\n11:02 PLT 3/17/2014\n11:18\n07:00 3/18\n15:55 3/19\n\n3/1814 06:55 ILLEGAL TERMINATION HAD OCCURED ALTHOUGH (12.60V) WITH ENOUGH POWER SUPPLY\n3/19/14 15:55 12.58V BUT DOWN AGAIN\n3/20/14 0', '2017-08-10 06:57:29', 244, 11, 21),
(1518, '2014-03-15 16:00:00', 1.464, 1.464, 1.465, 1.465, '18:50:39', NULL, NULL, 195, '2 BATTERIES CONNECTED PARALLEL\n12.60V WITHOUT LOAD\n12.56V WITH LOAD\n12.33V WITH LOAD\n12.29V WITH LOAD \n10:45 3/16\n13:50 3/18\n08:00 7/19', '2017-08-10 07:06:44', 248, 16, 26),
(1519, '2014-03-18 16:00:00', 1.464, 1.464, 1.466, 1.466, '16:00:43', '00:03:50', NULL, NULL, '2 BATTERIES CONNECTED PARALLEL\n12.60V WITHOUT LOAD\n12.56V WITH LOAD\n12.33V WITH LOAD\n12.29V WITH LOAD \n10:45 3/16\n13:50 3/18\n08:00 7/19', '2017-08-10 07:08:27', 248, 16, 26),
(1520, '2014-03-14 16:00:00', 1.263, 1.263, 1.264, 1.262, '06:06:35', NULL, NULL, NULL, 'CLEAR WEATHER, STARTING ON MARCH 16, 2014 UNTIL MARCH 19, 2014\nWEATHER IS NOT GOOD. IT HAS CLOUDY SKY AND RAINY DAYS.', '2017-08-10 07:12:03', 245, 18, 27),
(1521, '2014-03-14 16:00:00', 1.471, 1.472, 1.472, 1.472, '00:30:11', NULL, NULL, NULL, 'BATT 12.66V\n12.38V\n12.26V\n12.53V\n\n16:42 PLT 3/15/14\n15:28 PLT 3/16/14\n14:15 PLT 3/17/14\n14:20 PLT 3/17/14.\n\nBATT 12.34V 8:30PLT 3/18\n12:53V 48PLT <-- ADDED ONE BATTERY\n12.41V 13:40 3/19', '2017-08-10 07:19:40', 247, 20, 10),
(1522, '2014-03-16 16:00:00', 1.474, 1.474, 1.474, 1.474, '16:00:01', '05:40:04', NULL, NULL, 'BUBBLE IS NOT CENTERED 14:15 PLT 3/17\nREADJUSTED, CHANGED BATTERIES (OFF) ON 14:16 3/17\n\n\nBATT 12.66V\n12.38V\n12.26V\n12.53V\n\n16:42 PLT 3/15/14\n15:28 PLT 3/16/14\n14:15 PLT 3/17/14\n14:20 PLT 3/17/14.\n\nBATT 12.34V 8:30PLT 3/18\n12:53V 48PLT <-- ADDED ONE BATTE', '2017-08-10 07:22:40', 247, 20, 10),
(1523, '2014-03-17 16:00:00', 1.355, 1.354, 1.355, 1.356, '16:00:44', NULL, NULL, 130, '', '2017-08-10 07:25:21', 351, 7, 16),
(1524, '2014-03-16 16:00:00', 1.355, 1.354, 1.355, 1.356, '21:26:10', '15:59:18', NULL, 130, '', '2017-08-10 07:30:03', 351, 7, 16),
(1525, '2014-03-16 16:00:00', 1.37, 1.37, 1.372, 1.371, '18:25:57', '15:59:03', NULL, 265, 'WE CREATED A NEW MARKER BECAUSE THE OLD MARKER WAS GONE BECAUSE OF TYPHOON PABLO. WE ALSO HAD DIFFICULTY ON PULLING OUT THE EQUIPMENT BECAUSE THE BRIDGE TO THE SCHOOL COLLAPSED. WE HAVE TO PASS THROUGH THE BRIDGE BY FOOT AND TRANSFER TO ANOTHER VEHICLE.', '2017-08-10 07:34:29', 347, 14, 18),
(1526, '2014-03-17 16:00:00', 1.37, 1.37, 1.372, 1.371, '16:00:13', '15:59:17', NULL, 265, '', '2017-08-10 07:35:51', 347, 14, 18),
(1527, '2014-03-17 16:00:00', 1.169, 1.169, 1.17, 1.169, '16:00:33', NULL, NULL, 295, '', '2017-08-10 08:02:10', 348, 2, 9),
(1528, '2014-03-16 16:00:00', 1.169, 1.169, 1.17, 1.169, '16:00:18', '15:59:22', NULL, 295, '', '2017-08-10 08:03:57', 348, 2, 9),
(1529, '2014-03-15 16:00:00', 1.169, 1.169, 1.17, 1.169, '00:23:18', '15:59:26', NULL, 295, 'LATE INSTALLATION BECAUSE WE CANNOT FIND THE ORIGINAL MARKER, WE THEN ASKED FOR THE CARETAKER TO LOOK FOR IT. FOR US NOT TO WASTE OUR TIME, WE PROCEED TO BAGANGA FIRST THEN WENT BACK TO MANAY. BUT SINCE THE CARE TAKER SAID THAT THEY CANNOT FIND IT, WE DEC', '2017-08-10 08:08:23', 348, 2, 9),
(1530, '2014-03-14 16:00:00', 1.314, 1.314, 1.315, 1.314, '23:00:52', '15:59:58', NULL, 85, '{PENDING VERIFICATION}\nPRINCIPAL: PINKY JAVINEZ {RENCE JABINES}\nCARETAKER: HENRY ARCOYNO(NURSERY, UTILITY)\nFIRST CONTACT: DIANA TIMTIM (UTILITY), OPENED GATE\nNOTE: NO TEACHERS AVAILABLE ON ARRIVAL I JUSTIFIED SINCE 15 MARCH IS A SATURDAY; SUMMER VACATION ', '2017-08-10 08:14:16', 345, 15, 24),
(1531, '2014-03-15 16:00:00', 1.314, 1.315, 1.315, 1.315, '16:00:53', '15:59:58', NULL, 85, '', '2017-08-10 08:15:33', 345, 15, 24),
(1532, '2014-03-16 16:00:00', 1.314, 1.314, 1.315, 1.315, '16:00:08', '15:59:11', NULL, NULL, '', '2017-08-10 08:16:45', 345, 15, 24),
(1533, '2014-03-17 16:00:00', 1.314, 1.315, 1.315, 1.315, '16:00:36', NULL, NULL, 85, '', '2017-08-10 08:18:08', 345, 15, 24),
(1534, '2014-03-18 16:00:00', 0, 0, 0, 0, '16:00:38', NULL, NULL, NULL, '', '2017-08-10 08:19:09', 345, 15, 24),
(1535, '2014-05-14 16:00:00', 1.616, 1.616, 1.616, 1.616, '16:00:51', '18:25:54', NULL, NULL, 'SUNNY\nBATTERY WORKS WELL ( SURVIVED)\nALJON MAHINAY- SECURITY GUARD\nTOLEDO VOCATIONAL NATIONAL SCHOOL', '2017-08-10 08:23:07', 58, 15, 14),
(1536, '2014-05-13 16:00:00', 1.6165, 1.6165, 1.6165, 1.6165, '18:50:06', NULL, NULL, NULL, 'NOTE: UPON VISIT THIS DAY, POWER FAILURE ON RECEIVER. POSSIBLE CAUSE MIGHT BE DEFECTIVE BATTERIES, MEASURED VOLTAGES WERE 12.40 AND 13.10... OR\nA PROBLEM MIGHT BE ON ONE PORT.\n\nREMEDY: RECHARGE 12.40 BATTERY AS BACKUP FOR 13.10 BATTERY  AND ADD ANOTHER PO', '2017-08-10 08:27:07', 58, 15, 14),
(1537, '2014-05-12 16:00:00', 1.6165, 1.6165, 1.6165, 1.6165, '16:00:11', NULL, NULL, 172, '', '2017-08-10 08:28:43', 58, 15, 14),
(1538, '2014-05-11 16:00:00', 1.6165, 1.6165, 1.6165, 1.6165, '20:10:24', NULL, NULL, 172, 'SUNNY', '2017-08-10 08:30:03', 58, 15, 14),
(1539, '2014-05-13 16:00:00', 1.395, 1.394, 1.394, 1.395, '16:00:22', '16:07:26', NULL, NULL, '12.38V ( WITH LOAD)', '2017-08-10 08:32:20', 103, 19, 28),
(1540, '2014-05-12 16:00:00', 1.394, 1.394, 1.394, 1.394, '16:00:16', NULL, NULL, NULL, '12.50- BATTERY VOLTAGE(WITH LOAD)', '2017-08-10 08:34:07', 103, 19, 28),
(1541, '2014-05-11 16:00:00', 1.394, 1.394, 1.394, 1.395, '17:53:50', NULL, NULL, NULL, '12.97V - INITIAL VOLTAGE OF BATTERY (WITHOUT LOAD)\n13.01V- INITIAL VOLTAGE OF BATTERY( WITH LOAD)', '2017-08-10 08:36:15', 103, 19, 28),
(1542, '2014-05-10 16:00:00', 1.494, 1.495, 1.495, 1.495, '21:00:27', NULL, NULL, NULL, 'STOP OPERATION AT 0500 HOURS UTC\n12.47V WITH LOAD\n12.49V WITHOUT LOAD', '2017-08-10 08:47:40', 264, 19, 28),
(1543, '2014-05-09 16:00:00', 1.494, 1.495, 1.495, 1.495, '18:08:16', NULL, NULL, NULL, 'CHANGE BATTERY (12.69V)\nRESUME OPERATION 02', '2017-08-10 08:49:15', 264, 19, 28),
(1544, '2014-05-08 16:00:00', 1.495, 1.4955, 1.496, 1.496, '20:30:49', NULL, NULL, NULL, '', '2017-08-10 08:50:24', 264, 19, 28),
(1545, '2014-05-10 16:00:00', 1.45, 1.45, 1.45, 1.45, '16:00:58', '20:20:02', NULL, NULL, 'BATTERIES 12.3V\nINDICATOR LIGHTS OFF\nBUBBLE CENTERED\nORIENTATION GOOD', '2017-08-11 00:31:43', 341, 2, 9),
(1546, '2014-05-09 16:00:00', 1.45, 1.45, 1.45, 1.45, '16:00:41', NULL, NULL, NULL, '12.3V BATTERY\nBATTERY OFF\nBUBBLE CENTERED\nINDICATOR LIGHTS OK\nORIENTATION GOOD\n', '2017-08-11 00:35:21', 341, 2, 9),
(1547, '2014-05-13 16:00:00', 0.132, 0.13, 0.13, 0.131, '16:00:11', '16:00:15', NULL, NULL, '', '2017-08-11 00:38:49', 314, 4, 13),
(1548, '2014-05-10 16:00:00', 0.131, 0.13, 0.13, 0.131, '16:00:07', NULL, NULL, NULL, '', '2017-08-11 00:40:37', 314, 4, 13),
(1549, '2014-05-09 16:00:00', 0.131, 0.13, 0.131, 0.132, '15:12:44', NULL, NULL, NULL, 'CHANGED BATTERY AT APPROXIMATELY 002 UTC, MAY 10', '2017-08-11 00:42:53', 314, 4, 13),
(1550, '2014-05-08 16:00:00', 0.209021, 0.211, 0.21, 0.21, '16:00:17', NULL, NULL, NULL, '', '2017-08-11 00:45:51', 314, 4, 13),
(1551, '2014-05-11 16:00:00', 1.448, 1.4465, 1.447, 1.4465, '16:00:59', '16:20:04', NULL, NULL, 'SUNNY WEATHER', '2017-08-11 00:54:53', 61, 15, 14),
(1552, '2014-05-12 16:00:00', 1.4485, 1.4465, 1.447, 1.446, '16:00:20', '16:20:25', NULL, 190, '', '2017-08-11 00:58:43', 61, 15, 14),
(1553, '2014-05-10 16:00:00', 1.447, 1.446, 1.447, 1.446, '16:00:08', NULL, NULL, 190, '', '2017-08-11 01:16:39', 61, 15, 14),
(1554, '2014-05-09 16:00:00', 1.447, 1.446, 1.447, 1.446, '23:30:12', NULL, NULL, 190, 'SUNNY WEATHER\nCONTACT PERSON- ASUNCION R. OLIVIO - TEACHER\nJOSEPH COMPRA - 09232264691 - SECURITY GUARD', '2017-08-11 01:19:58', 61, 15, 14),
(1555, '2014-05-12 16:00:00', 1.391, 1.392, 1.392, 1.391, '16:00:50', NULL, NULL, 300, '', '2017-08-11 02:00:21', 354, 5, 16),
(1556, '2014-05-11 16:00:00', 1.391, 1.392, 1.392, 1.391, '16:00:16', '15:59:20', NULL, 300, '', '2017-08-11 02:04:55', 354, 5, 16),
(1557, '2014-05-13 16:00:00', 1.446, 1.446, 1.446, 1.446, '16:00:17', '21:40:23', NULL, NULL, '12.34V', '2017-08-11 02:16:06', 52, 14, 18),
(1558, '2014-05-12 16:00:00', 1.446, 1.446, 1.496, 1.446, '16:00:47', NULL, NULL, NULL, '12.4V\nINDICATOR LIGHTS OK\nBATTERIES OK\nBUBBLE LEVEL OK', '2017-08-11 02:18:17', 52, 14, 18),
(1559, '2014-05-11 16:00:00', 1.446, 1.446, 1.446, 1.446, '16:59:34', NULL, NULL, NULL, 'BATTERIES 12.\nSATELLITE INDICATOR LIGHT OK\nBATTERY INDICATOR LIGHT OK\nALL INDICATOR LIGHTS OK', '2017-08-11 02:24:06', 52, 14, 18),
(1560, '2014-05-12 16:00:00', 1.532, 1.533, 1.533, 1.532, '16:00:08', '22:49:12', NULL, 270, '', '2017-08-11 02:25:53', 358, 20, 21),
(1561, '2014-05-11 16:00:00', 1.532, 1.533, 1.533, 1.532, '16:00:29', '15:59:34', NULL, 20, '', '2017-08-11 02:27:08', 358, 20, 21),
(1562, '2014-05-10 16:00:00', 1.532, 1.533, 1.533, 1.532, '19:45:43', '15:59:50', NULL, 270, '', '2017-08-11 02:28:23', 358, 20, 21),
(1563, '2014-05-10 16:00:00', 1.391, 1.392, 1.392, 1.391, '21:50:18', '15:59:22', NULL, 300, '', '2017-08-11 02:29:55', 354, 5, 16),
(1564, '2014-05-13 16:00:00', 1.512, 1.512, 1.513, 1.513, '16:00:31', '22:02:35', NULL, NULL, '', '2017-08-11 02:39:13', 57, 16, 10),
(1565, '2014-05-12 16:00:00', 1.512, 1.512, 1.5125, 1.5125, '16:00:00', NULL, NULL, 213, '', '2017-08-11 02:40:30', 57, 16, 10),
(1566, '2014-05-11 16:00:00', 1.512, 1.512, 1.5125, 1.5125, '16:00:17', NULL, NULL, 213, '', '2017-08-11 02:41:48', 57, 16, 10),
(1567, '2014-05-10 16:00:00', 1.512, 1.512, 1.5125, 1.5125, '17:19:53', NULL, NULL, 213, 'SUNNY', '2017-08-11 02:43:42', 57, 16, 10),
(1568, '2014-05-10 16:00:00', 1.437, 1.437, 1.437, 1.437, '16:00:22', '22:55:15', NULL, NULL, '12.4V BATTERY\nHORIZONTAL BUBBLE SLIGHTLY OFF CENTERED \nINDICATOR LIGHTS OK', '2017-08-11 02:46:39', 263, 14, 18),
(1569, '2014-05-09 16:00:00', 1.437, 1.437, 1.437, 1.437, '16:00:07', NULL, NULL, NULL, '12.5V BATTERY\nINDICATOR LIGHTS OK\nBUBBLE CENTERED\nORIENTATION GOOD', '2017-08-11 02:48:38', 263, 14, 18),
(1570, '2014-05-08 16:00:00', 1.437, 1.437, 1.437, 1.437, '20:30:35', NULL, NULL, NULL, 'BATTERY 12.86\nSUNNY WEATHER, ALL INDICATOR LIGHTS WORKING', '2017-08-11 02:50:41', 263, 14, 18),
(1571, '2014-05-20 16:00:00', 1.373, 1.373, 1.373, 1.373, '16:00:33', '20:00:37', NULL, NULL, '12.46V - WITH LOAD', '2017-08-11 03:10:24', 35, 19, 28),
(1572, '2014-05-19 16:00:00', 1.373, 1.374, 1.374, 1.374, '20:07:24', NULL, NULL, NULL, '12.6V WITH LOAD', '2017-08-11 03:12:20', 35, 19, 28),
(1573, '2014-05-18 16:00:00', 1.374, 1.374, 1.374, 1.374, '19:38:03', '20:06:10', NULL, NULL, '12.6- WITHOUT LOAD\n13.0 WITHOUT LOAD\n12.8 WITH LOAD\n12.9 WITH LOAD', '2017-08-11 03:14:18', 35, 19, 28),
(1574, '2014-05-17 16:00:00', 0, 0, 0, 0, '16:00:31', '18:55:35', NULL, NULL, '', '2017-08-11 03:17:10', 226, 4, 13),
(1575, '2014-05-16 16:00:00', 0, 0.2, 0, 0.2, '16:00:41', NULL, NULL, NULL, '12.4V WITH LOAD', '2017-08-11 03:19:22', 226, 4, 13),
(1576, '2014-05-15 16:00:00', 0, 0.2, 0, 0.2, '16:00:48', NULL, NULL, NULL, '12.75 (WITHOUT LOAD)\n12.72 (WITH LOAD)', '2017-08-11 03:21:48', 226, 4, 13),
(1577, '2014-05-17 16:00:00', 0.184, 0.184, 0.184, 0.184, '16:00:40', '18:28:45', NULL, NULL, '', '2017-08-11 03:28:21', 224, 20, 21),
(1578, '2014-05-16 16:00:00', 0.184, 0.184, 0.184, 0.184, '16:00:49', '15:59:53', NULL, NULL, '', '2017-08-11 03:29:25', 224, 20, 21),
(1579, '2014-05-15 16:00:00', 0.184, 0.184, 0.184, 0.184, '17:36:01', '15:59:07', NULL, NULL, '', '2017-08-11 03:30:40', 224, 20, 21),
(1580, '2014-05-20 16:00:00', 0.173, 0.175, 0.19, 0.1815, '16:00:54', '22:29:57', NULL, NULL, 'NORTH ORIENTATION OK\nINDICATOR LIGHTS OK\n12.9V BATTERIES', '2017-08-11 06:38:15', 221, 14, 18),
(1581, '2014-05-18 16:00:00', 0.165, 0.178, 0.193, 0.177, '18:39:42', NULL, NULL, NULL, '13.03V\nBATTERIES\nINDICATOR LIGHTS OK\nNORTH ORIENTATION OK\nBUBBLE CENTERED', '2017-08-11 06:40:56', 222, 14, 18),
(1582, '2014-05-19 16:00:00', 0.177, 0.177, 0.177, 0.177, '18:43:11', '18:35:19', NULL, NULL, '12.5 V\nCHECKED @1034h\nreoriented to North @ 0236 utc\nINDICATOR LIGHTS OK\nCHECKED BY AL/PR/BA/AG\nBATTERIES OK\nTRIBRACH ROTATED', '2017-08-11 06:44:41', 222, 14, 18),
(1583, '2014-05-17 16:00:00', 0.18, 0.192, 0.26, 0.192, '16:00:40', '21:10:43', NULL, NULL, 'BUBBLE CENTERED\nORIENTATION OK', '2017-08-11 06:47:38', 222, 14, 18),
(1584, '2014-05-15 16:00:00', 0.179, 0.192, 0.26, 0.192, '17:15:53', NULL, NULL, NULL, 'BATTERY 13.5V\nINDICATOR LIGHTS OK\nCONNECTED TO VKMN POWER SOURCE 13.5V\nORIENTED TO NORTH\nBUBBLE CENTERED', '2017-08-11 06:50:35', 222, 14, 18),
(1585, '2014-05-20 16:00:00', 1.549, 1.549, 1.549, 1.549, '16:00:11', '17:30:14', NULL, NULL, '12.29 V WITH LOAD', '2017-08-11 06:53:55', 864, 4, 13),
(1586, '2014-05-18 16:00:00', 1.549, 1.549, 1.549, 1.549, '22:32:44', NULL, NULL, NULL, '12.52V WITH LOAD', '2017-08-11 06:55:27', 864, 4, 13),
(1587, '2014-05-19 16:00:00', 0.135, 0.135, 0.135, 0.135, '16:00:45', '01:27:49', NULL, NULL, '', '2017-08-11 07:12:23', 215, 16, 10),
(1588, '2014-05-14 16:00:00', 0.135, 0.135, 0.135, 0.135, '15:50:35', NULL, NULL, 338, '', '2017-08-11 07:14:08', 215, 16, 10),
(1589, '2014-05-14 16:00:00', 0.135, 0.135, 0.135, 0.135, '16:00:46', NULL, NULL, NULL, '', '2017-08-11 07:15:18', 215, 16, 10),
(1590, '2014-05-17 16:00:00', 1.455, 1.455, 1.455, 1.457, '16:00:47', '18:05:50', NULL, NULL, '12.26V WITH LOAD\n12.31 V WITHOUT LOAD', '2017-08-11 07:17:42', 217, 19, 28),
(1591, '2014-05-16 16:00:00', 1.455, 1.455, 1.455, 1.456, '16:00:40', NULL, NULL, NULL, '12.87V WITH LOAD', '2017-08-11 07:30:59', 217, 19, 28),
(1592, '2014-05-15 16:00:00', 1.455, 1.455, 1.455, 1.456, '15:06:36', NULL, NULL, NULL, 'MAY 16 2014 0629HRS\nNORTHINGS OK\n12.73V WITH LOAD', '2017-08-11 07:33:18', 217, 19, 28),
(1593, '2014-05-14 16:00:00', 1.455, 1.455, 1.455, 1.456, '01:05:25', NULL, NULL, NULL, '', '2017-08-11 07:43:04', 217, 19, 28),
(1594, '2014-05-17 16:00:00', 1.455, 1.455, 1.455, 1.457, '16:00:52', '18:05:54', NULL, NULL, '12.26V WITH LOAD\n12.31V WITHOUT LOAD', '2017-08-11 07:44:46', 217, 19, 28),
(1595, '2014-05-23 16:00:00', 0.136, 0, 0.136, 0, '16:00:38', '00:10:45', NULL, NULL, '14.22V BATTERIES\nINDICATOR LIGHTS OK\nORIENTATION OK', '2017-08-11 07:49:56', 223, 2, 9),
(1596, '2014-05-18 16:00:00', 0.136, 0.136, 0.136, 0.136, '16:51:49', NULL, NULL, NULL, 'BATTERY OK\nSATELLITE OK RECEIVING DATA OK\nINDICATOR LIGHTS OK', '2017-08-11 08:20:56', 223, 2, 9),
(1597, '2014-05-19 16:00:00', 0, 0, 0, 0, '16:00:31', NULL, NULL, NULL, '13.5V\nCHECKED AT 0940H\nINDICATOR LIGHTS OK\nBUBBLE OK\nORIENTATION OK', '2017-08-11 08:22:42', 223, 2, 9),
(1598, '2014-05-20 16:00:00', 1.288, 1.288, 1.289, 1.289, '16:00:19', '18:49:23', NULL, 180, '', '2017-08-11 08:25:02', 216, 15, 14),
(1599, '2014-05-19 16:00:00', 1.288, 1.288, 1.289, 1.289, '16:00:41', '15:59:46', NULL, 180, '', '2017-08-11 08:26:19', 216, 15, 14),
(1600, '2014-05-18 16:00:00', 1.288, 1.288, 1.289, 1.289, '16:00:12', '15:59:16', NULL, 180, '', '2017-08-11 08:27:49', 216, 15, 14),
(1601, '2014-05-17 16:00:00', 1.289, 1.288, 1.289, 1.289, '18:55:29', NULL, NULL, 180, '', '2017-08-11 08:29:02', 216, 15, 14),
(1602, '2014-05-08 16:00:00', 1.45, 1.45, 1.45, 1.45, '00:00:43', NULL, NULL, NULL, 'BATTERIES 12.64 TWO BATTERIES', '2017-08-11 08:30:36', 341, 2, 9),
(1603, '2014-05-17 16:00:00', 1.277, 1.277, 1.277, 1.277, '20:39:33', '15:59:42', NULL, 100, '', '2017-08-14 01:07:09', 116, 20, 21),
(1604, '2014-05-18 16:00:00', 1.278, 1.278, 1.278, 1.278, '16:00:12', '15:59:16', NULL, 100, '', '2017-08-14 01:08:46', 116, 20, 21),
(1605, '2014-05-19 16:00:00', 1.278, 1.278, 1.278, 1.278, '16:00:34', '15:59:39', NULL, 100, '', '2017-08-14 01:13:07', 116, 20, 21),
(1606, '2014-05-20 16:00:00', 1.278, 1.278, 1.278, 1.278, '16:00:16', '23:21:20', NULL, 100, '', '2017-08-14 01:14:50', 116, 20, 21),
(1607, '2014-05-17 16:00:00', 1.243, 1.243, 1.243, 0, '16:00:24', '22:23:28', NULL, NULL, '12.6V', '2017-08-14 01:21:06', 221, 2, 9),
(1610, '2014-05-17 16:00:00', 1.485, 1.485, 1.485, 1.485, '16:00:54', '17:20:58', NULL, NULL, 'MARY JANE B. RABAGO 09223302182', '2017-08-14 02:04:48', 214, 5, 16),
(1611, '2017-05-16 16:00:00', 1.485, 1.484, 1.485, 1.485, '16:00:50', NULL, NULL, 185, '', '2017-08-14 02:10:13', 214, 5, 16),
(1612, '2014-05-15 16:00:00', 1.485, 1.484, 1.485, 1.485, '16:00:27', NULL, NULL, 185, 'SUNNY', '2017-08-14 02:12:57', 214, 5, 16),
(1613, '2014-05-14 16:00:00', 1.485, 1.484, 1.485, 1.485, '02:32:26', NULL, NULL, 0, 'WINDY', '2017-08-14 02:23:02', 214, 5, 16),
(1614, '2014-05-17 16:00:00', 1.34, 1.34, 1.341, 1.341, '16:00:57', '16:38:01', NULL, NULL, '', '2017-08-14 02:55:29', 225, 15, 14),
(1615, '2014-05-16 16:00:00', 1.34, 1.34, 1.34, 1.34, '16:00:53', NULL, NULL, 180, 'SUNNY', '2017-08-14 02:57:16', 225, 15, 14),
(1616, '2014-05-15 16:00:00', 1.34, 1.34, 1.34, 1.34, '16:00:02', NULL, NULL, 180, 'SUNNY WEATHER\nWINDY', '2017-08-14 03:00:26', 225, 15, 14),
(1617, '2014-05-14 16:00:00', 1.34, 1.34, 1.34, 1.34, '01:42:33', NULL, NULL, 180, 'WINDY', '2017-08-14 03:03:07', 225, 15, 14),
(1618, '2014-06-17 16:00:00', 1.189, 1.19, 1.19, 1.19, '01:39:10', '15:59:16', NULL, 100, 'TONY EGANO', '2017-08-14 04:36:53', 132, 19, 28),
(1619, '2014-06-17 16:00:00', 1.44, 1.441, 1.442, 1.442, '21:36:48', '15:59:56', NULL, 2250, 'V=12.48V', '2017-08-14 04:40:40', 137, 9, 27),
(1620, '2014-06-17 16:00:00', 1.287, 1.287, 1.288, 1.288, '02:34:58', '15:59:06', NULL, 170, 'V= 12.67V', '2017-08-14 04:42:44', 237, 4, 13),
(1621, '2014-06-18 16:00:00', 1.287, 1.287, 1.287, 1.287, '16:00:23', '15:59:27', NULL, 170, '', '2017-08-14 05:18:53', 237, 4, 13),
(1622, '2014-06-19 16:00:00', 1.287, 1.287, 1.287, 1.287, '16:00:00', '15:59:04', NULL, 170, 'INSTRUMENT- OFF\nON - 2345Z 06/19/2014\nBUBBLES-DISALIGNED- CONNECTED\nADDED - BATTERY\nV1 - 12.56 WITH LOAD\nV2 - 12.54 WITHOUT LOAD', '2017-08-14 05:21:42', 237, 4, 13),
(1623, '2014-06-21 16:00:00', 1.211, 1.211, 1.211, 1.2105, '16:00:19', '16:00:24', NULL, NULL, 'V1 = 12.40 WITH LOAD\nV2 = 12.41 WITHOUT LOAD\nOBSERVED TIME - 9:59AM', '2017-08-14 06:23:53', 234, 4, 13),
(1624, '2014-06-22 16:00:00', 1.212, 1.213, 1.212, 1.211, '16:00:45', NULL, NULL, NULL, '', '2017-08-14 06:25:09', 234, 4, 13),
(1625, '2014-06-20 16:00:00', 1.211, 1.2105, 1.211, 1.2105, '20:52:56', '15:59:04', NULL, NULL, '', '2017-08-14 06:26:38', 234, 4, 13),
(1626, '2014-06-21 16:00:00', 1.242, 1.243, 1.243, 1.242, '23:55:49', '01:07:56', NULL, 270, 'RICARO ESPINA - TANOD\nJUMBO VILLARINO - CAPTAIN\nRECEIVER OFF DURING INSPECTION @5:00PM/ 23 JUNE\n12.69/12.75 INDIVIDUALLY WITHOUT LOAD\nPOSSIBLE PREMATURE SHUTDOWN DUE TO \n1.) LOSE CONNECTION AT TERMINAL JUNCTION\n2.) OVERHEATING?\n\nRESTARTED @ 5:05PM/23 JUNE', '2017-08-14 06:33:08', 241, 20, 21),
(1627, '2014-06-21 16:00:00', 1.315, 1.315, 1.315, 1.315, '16:00:40', NULL, NULL, 1350, 'DISALIGNED- ADJUSTED @ 9:14AM\nJUNE 22, 2014', '2017-08-14 06:42:35', 238, 15, 14),
(1628, '2014-06-20 16:00:00', 1.313, 1.313, 1.314, 1.314, '18:20:45', '15:59:52', NULL, 135, '', '2017-08-14 06:44:19', 238, 15, 14),
(1629, '2014-06-20 16:00:00', 1.38, 1.381, 1.382, 1.382, '16:00:42', '20:25:47', NULL, NULL, '', '2017-08-14 07:12:16', 240, 14, 18),
(1630, '2014-06-18 16:00:00', 0, 0, 0, 0, '16:00:52', '15:59:58', NULL, NULL, '', '2017-08-14 07:13:21', 240, 14, 18),
(1631, '2014-06-17 16:00:00', 1.38, 1.38, 1.38, 1.381, '00:58:05', '15:59:15', NULL, NULL, 'BATTERY (//) : 12.58V @4:45 (19 JUNE)', '2017-08-14 07:15:08', 240, 14, 18),
(1632, '2014-06-19 16:00:00', 0, 0, 0, 0, '16:00:41', '15:59:45', NULL, NULL, '', '2017-08-14 07:16:10', 240, 14, 18),
(1633, '2014-05-19 16:00:00', 1.379, 1.379, 1.38, 1.38, '16:00:36', '15:59:40', NULL, 158, '', '2017-08-14 07:19:06', 242, 15, 14),
(1634, '2014-06-17 16:00:00', 1.379, 1.379, 1.38, 1.38, '00:43:07', '15:59:16', NULL, 158, 'DANTE CATIS', '2017-08-14 07:20:51', 242, 15, 14),
(1635, '2014-06-19 16:00:00', 1.379, 1.379, 1.38, 1.38, '16:00:39', '15:59:41', NULL, 158, '', '2017-08-14 07:22:09', 242, 15, 14),
(1636, '2014-06-19 16:00:00', 1.189, 1.19, 1.19, 1.19, '16:00:29', '15:59:35', NULL, 100, 'NOTE:\nNEW ELECTRIC TOWER INSTALLED ABOUT 30 METER SOUTH WEST OF THE BENCH MARK', '2017-08-14 07:24:47', 132, 19, 28),
(1637, '2014-06-18 16:00:00', 1.189, 1.19, 1.19, 1.19, '16:00:27', '15:59:30', NULL, 100, '', '2017-08-14 07:26:06', 132, 19, 28),
(1638, '2014-06-20 16:00:00', 1.349, 1.351, 1.351, 1.351, '16:00:11', '23:00:15', NULL, 0, '12.25V @ 3:00PM / 21 JUNE 2014\nRECEIVER WAS SHUT DOWN PRIOR TO PULL OUT\nINSPECTION OF RINEX FILES SHOWS THAT RECEIVER DIED AT 16:37 ON 2014/06/20', '2017-08-14 07:30:58', 136, 20, 21),
(1639, '2014-06-19 16:00:00', 1.35, 1.35, 1.35, 1.351, '16:00:59', '15:59:03', NULL, 55, '', '2017-08-14 07:32:33', 136, 20, 21),
(1640, '2014-06-18 16:00:00', 1.35, 1.35, 1.35, 1.351, '16:17:19', '15:59:25', NULL, 55, 'V = 12.70', '2017-08-14 07:34:58', 136, 20, 21),
(1641, '2014-06-19 16:00:00', 1.441, 1.441, 1.442, 1.442, '16:00:39', '14:42:44', NULL, 225, '', '2017-08-14 08:38:11', 137, 9, 27),
(1642, '2014-06-18 16:00:00', 1.441, 1.441, 1.442, 1.442, '16:00:12', '15:59:18', NULL, 22, '', '2017-08-14 08:39:44', 137, 9, 27),
(1643, '2014-06-21 16:00:00', 1.401, 1.401, 1.402, 1.402, '16:00:54', NULL, NULL, 270, '', '2017-08-15 00:24:31', 135, 19, 28),
(1644, '2014-06-22 16:00:00', 1.402, 1.402, 1.403, 1.403, '16:00:33', NULL, NULL, NULL, 'BATTERY #2', '2017-08-15 00:25:55', 135, 19, 28),
(1645, '2014-06-20 16:00:00', 1.401, 1.401, 1.402, 1.402, '19:18:48', NULL, NULL, 270, '', '2017-08-15 00:27:17', 135, 19, 28),
(1646, '2014-06-18 16:00:00', 1.253, 1.254, 1.255, 1.254, '18:08:05', '15:59:16', NULL, 333, '12.49 V AT 3:30PM/ 20 JUNE\nSATELLITE LED & DATA LOGGING LED ARE BLINKING SIMULTANEOUSLY ', '2017-08-15 00:31:11', 342, 2, 9),
(1647, '2014-06-19 16:00:00', 1.253, 1.253, 1.255, 1.254, '16:00:03', '15:59:07', NULL, NULL, '', '2017-08-15 00:32:31', 342, 2, 9),
(1648, '2014-06-20 16:00:00', 1.254, 1.254, 1.256, 1.255, '16:00:22', '19:00:22', NULL, NULL, 'LOGGING LED: NO/INTERMITTENT FLASH\nSV LED : SLOW FLASH', '2017-08-15 00:53:00', 342, 2, 9),
(1649, '2014-06-21 16:00:00', 1.253, 1.255, 1.254, 1.254, '21:25:47', '15:59:55', NULL, 320, '12.56 V @ 6:50PM/ 23 JUNE', '2017-08-15 00:57:41', 236, 2, 26),
(1650, '2014-06-21 16:00:00', 1.253, 1.255, 1.254, 1.254, '21:25:26', '15:59:33', NULL, 320, '12.56 V @ 6:50PM/ 23 JUNE', '2017-08-15 05:02:18', 236, 2, 26),
(1651, '2014-06-20 16:00:00', 1.254, 1.254, 1.256, 1.255, '16:00:25', '19:00:28', NULL, NULL, 'LOGGING LED: NO/INTERMITTENT FLASH\nSV LED : SLOW FLASH', '2017-08-15 05:04:20', 342, 2, 9),
(1652, '2014-06-19 16:00:00', 1.253, 1.254, 1.255, 1.254, '16:00:19', '15:59:23', NULL, NULL, '', '2017-08-15 05:05:45', 342, 2, 9),
(1653, '2014-06-18 16:00:00', 1.253, 1.254, 1.255, 1.254, '18:08:26', '15:59:31', NULL, 333, '12.49V AT 3:30PM/ 20 JUNE\nSATELLITE LED & DATA LOGGING LED ARE BLINKING SIMULTANEOUSLY ', '2017-08-15 05:08:21', 342, 2, 9),
(1654, '2014-06-20 16:00:00', 1.401, 1.401, 1.402, 1.402, '19:18:38', NULL, NULL, 270, '', '2017-08-15 05:10:04', 135, 19, 28),
(1655, '2014-06-21 16:00:00', 1.401, 1.401, 1.402, 1.402, '16:00:56', NULL, NULL, 270, '', '2017-08-15 05:11:33', 135, 19, 28),
(1656, '2014-06-22 16:00:00', 1.402, 1.402, 1.403, 1.403, '16:00:18', NULL, NULL, NULL, 'battery #2', '2017-08-15 05:19:38', 135, 19, 28),
(1657, '2014-06-22 16:00:00', 1.402, 1.402, 1.403, 1.403, '16:00:28', NULL, NULL, NULL, '', '2017-08-15 07:57:52', 135, 19, 28),
(1658, '2014-06-22 16:00:00', 1.425, 1.425, 1.425, 1.425, '12:34:36', NULL, NULL, 180, 'EASTERN SAMAR NATIONAL COMPREHENSIVE HIGH SCHOOL, IN THE OVAL, IN FRONT OF AN OLD STAGE.\nPULL-OUT 8:03A.M. JUNE 25, 2014\nWE ARE NOT SURE OF THE POWER FAILURE TIME.', '2017-08-15 08:06:47', 584, 16, 10),
(1659, '2014-06-23 16:00:00', 1.248, 1.248, 1.2485, 1.2485, '21:30:25', '14:30:33', NULL, 292, 'SAN JOSE ELEMENTARY SCHOOL', '2017-08-15 08:09:12', 585, 5, 16),
(1660, '2014-06-24 16:00:00', 1.481, 1.4805, 1.4815, 1.482, '01:02:34', NULL, NULL, NULL, '12.91 V\nERNIE BALASBAS \nOK- AIRPORT BURI, WESTERN SAMAR 09166142193', '2017-08-15 08:11:42', 939, 9, 27),
(1661, '2014-06-24 16:00:00', 1.108, 1.109, 1.109, 1.109, '14:30:44', '15:59:50', NULL, 225, '12.71V ON INSTALLATION\n12.43 V ON 8:45AM / 26 JUNE', '2017-08-15 08:13:50', 3, 20, 21),
(1662, '2014-06-25 16:00:00', 1.108, 1.109, 1.109, 1.108, '16:00:33', '15:59:36', NULL, 225, 'DATA DOWNLOADED (SHUTDOWN & RESTART) @ 8:55AM / 26 JUNE', '2017-08-15 08:15:06', 3, 20, 21),
(1663, '2014-06-26 16:00:00', 1.108, 1.11, 1.109, 1.109, '16:00:36', NULL, NULL, NULL, '', '2017-08-15 08:16:58', 3, 20, 21),
(1664, '2014-06-24 16:00:00', 1.23, 1.229, 1.23, 1.23, '20:04:38', '15:59:43', NULL, 0, '12.73/4 ON INSTALLATION\n12.48V @ 9:25AM/26 JUNE', '2017-08-15 08:19:49', 400, 14, 18),
(1665, '2014-06-25 16:00:00', 1.229, 1.229, 1.23, 1.23, '16:00:32', '15:59:35', NULL, 0, '', '2017-08-15 08:20:59', 400, 14, 18),
(1666, '2014-06-26 16:00:00', 1.229, 1.229, 1.23, 1.23, '16:00:10', NULL, NULL, NULL, '', '2017-08-15 08:23:31', 400, 14, 18),
(1667, '2014-06-25 16:00:00', 1.08, 1.08, 1.081, 1.08, '16:00:22', '15:59:27', NULL, NULL, 'BREAK AT 11:00AM/ 26 JUNE; DATA DOWNLOAD', '2017-08-15 08:25:13', 399, 2, 26),
(1668, '2014-06-26 16:00:00', 1.08, 1.08, 1.081, 1.081, '16:00:03', NULL, NULL, NULL, '', '2017-08-15 08:26:25', 399, 2, 26),
(1669, '2014-06-24 16:00:00', 1.08, 1.079, 1.08, 1.08, '22:20:09', '15:59:14', NULL, 355, '12.5V @ INSTALLATION\n12.25 V @ 10:55AM/ 26 JUNE', '2017-08-15 08:28:00', 399, 2, 26),
(1670, '2014-06-22 16:00:00', 1.212, 1.213, 1.212, 1.211, '16:00:21', NULL, NULL, NULL, '', '2017-08-15 08:31:42', 234, 4, 13),
(1671, '2014-06-23 16:00:00', 1.212, 1.212, 1.212, 1.211, '16:00:25', '16:07:29', NULL, NULL, '', '2017-08-15 08:34:00', 234, 4, 13),
(1672, '2014-06-25 16:00:00', 1.24, 1.241, 1.241, 1.241, '16:00:17', '19:55:20', NULL, NULL, '', '2017-08-16 00:54:50', 130, 4, 13),
(1673, '2014-06-26 16:00:00', 1.263, 1.263, 1.263, 1.263, '23:02:54', NULL, NULL, NULL, '', '2017-08-16 00:58:18', 359, 4, 13),
(1674, '2014-06-24 16:00:00', 1.235, 1.235, 1.235, 1.234, '16:00:04', NULL, NULL, NULL, '', '2017-08-16 01:02:04', 130, 4, 13),
(1675, '2014-06-24 16:00:00', 0, 0, 0, 0, '16:00:49', NULL, NULL, NULL, '', '2017-08-16 01:03:10', 130, 4, 13),
(1676, '2014-06-23 16:00:00', 1.235, 1.235, 1.235, 1.234, '17:20:51', NULL, NULL, NULL, '', '2017-08-16 01:04:15', 130, 4, 13),
(1677, '2014-06-24 16:00:00', 1.277, 1.277, 1.278, 1.278, '16:00:24', NULL, NULL, 22, '', '2017-08-16 01:05:49', 123, 15, 14),
(1678, '2014-06-25 16:00:00', 1.278, 1.278, 1.278, 1.278, '16:00:36', NULL, NULL, NULL, '', '2017-08-16 01:06:55', 123, 15, 14),
(1679, '2014-06-23 16:00:00', 1.278, 1.278, 1.278, 1.278, '19:47:48', NULL, NULL, 27, '', '2017-08-16 01:08:12', 123, 15, 14),
(1680, '2014-06-23 16:00:00', 1.403, 1.403, 1.403, 1.403, '16:00:17', NULL, NULL, NULL, '', '2017-08-16 01:09:37', 135, 19, 28),
(1681, '2014-06-22 16:00:00', 1.502, 1.502, 1.503, 1.5025, '00:45:46', '18:00:55', NULL, 997, '', '2017-08-16 01:11:16', 138, 9, 27),
(1682, '2014-06-23 16:00:00', 1.314, 1.314, 1.315, 1.315, '16:00:09', NULL, NULL, NULL, '', '2017-08-16 01:22:29', 238, 15, 14),
(1683, '2014-06-26 16:00:00', 1.3495, 1.35, 1.3505, 1.351, '22:15:32', NULL, NULL, 70, '', '2017-08-16 01:26:56', 765, 16, 10),
(1684, '2014-06-26 16:00:00', 1.216, 1.217, 1.218, 1.2175, '18:07:32', NULL, NULL, 275, '13.05V', '2017-08-16 01:30:07', 767, 9, 27),
(1685, '2014-06-25 16:00:00', 1.489, 1.4895, 1.49, 1.491, '19:29:37', NULL, NULL, 45, '', '2017-08-16 01:38:03', 766, 5, 16),
(1686, '2014-06-26 16:00:00', 1.233, 1.233, 1.233, 1.233, '19:20:04', NULL, NULL, 237, '', '2017-08-16 01:42:26', 365, 15, 14),
(1687, '2014-06-27 16:00:00', 1.233, 1.233, 1.233, 1.233, '16:00:17', NULL, NULL, 237, '', '2017-08-16 01:43:39', 365, 15, 14),
(1688, '2014-06-26 16:00:00', 1.263, 1.263, 1.263, 1.263, '23:02:48', NULL, NULL, 115, '', '2017-08-16 01:45:09', 359, 4, 13),
(1689, '2014-06-27 16:00:00', 1.263, 1.263, 1.263, 1.263, '16:00:02', NULL, NULL, NULL, '', '2017-08-16 01:46:22', 359, 4, 13),
(1690, '2014-06-25 16:00:00', 1.238, 1.238, 1.238, 0, '16:00:10', '01:28:14', NULL, NULL, '', '2017-08-16 01:49:43', 355, 19, 28),
(1691, '2014-06-24 16:00:00', 1.2385, 1.238, 1.238, 1.238, '16:00:35', NULL, NULL, 90, '', '2017-08-16 01:50:54', 355, 19, 28),
(1692, '2014-06-23 16:00:00', 1.238, 1.238, 1.238, 1.238, '01:07:35', NULL, NULL, 90, '', '2017-08-16 01:51:58', 355, 19, 28),
(1693, '2014-06-26 16:00:00', 1.311, 1.311, 1.311, 1.311, '17:20:18', NULL, NULL, 55, '', '2017-08-16 01:53:41', 360, 19, 28),
(1694, '2014-06-27 16:00:00', 1.312, 1.312, 1.312, 1.312, '16:00:24', NULL, NULL, NULL, '', '2017-08-16 01:54:43', 360, 19, 28),
(1695, '2014-06-26 16:00:00', 1.173, 1.174, 1.174, 1.174, '00:15:48', NULL, NULL, 270, 'PREMATURE SHUTDOWN OBSERVED DURING PULLOUT AT 9:05AM @ 28 JUNE', '2017-08-16 01:56:59', 362, 20, 21),
(1696, '2014-06-27 16:00:00', 1.173, 1.175, 1.174, 1.174, '00:15:54', NULL, NULL, NULL, '', '2017-08-16 01:58:22', 362, 20, 21),
(1697, '2014-06-26 16:00:00', 1.233, 1.234, 1.234, 1.235, '01:08:42', '15:59:49', NULL, 300, '', '2017-08-16 02:00:21', 361, 14, 18),
(1698, '2014-06-26 16:00:00', 1.134, 1.135, 0, 1.135, '22:18:19', '15:59:24', NULL, NULL, '', '2017-08-16 02:01:52', 356, 2, 26),
(1699, '2014-06-27 16:00:00', 1.135, 1.136, 0, 1.135, '22:18:31', NULL, NULL, NULL, '', '2017-08-16 02:02:53', 356, 2, 26),
(1700, '2014-09-20 16:00:00', 1.241, 1.241, 1.242, 1.242, '17:47:47', '15:59:55', NULL, 180, 'SIR PELONES', '2017-08-16 02:17:25', 408, 4, 13),
(1701, '2014-09-21 16:00:00', 1.28, 1.28, 1.28, 1.28, '19:08:46', '20:15:26', NULL, 10, 'fair weather', '2017-08-16 02:19:55', 24, 19, 28),
(1702, '2014-09-23 16:00:00', 1.28, 1.28, 1.28, 1.28, '19:08:58', '20:15:06', NULL, NULL, 'FAIR WEATHER, CONTACT PERSON MAYOR BETTY ALLADO', '2017-08-16 02:21:47', 24, 19, 28),
(1703, '2014-09-16 16:00:00', 1.379, 1.379, 1.381, 1.38, '23:20:29', '15:59:35', NULL, 225, '', '2017-08-16 02:25:03', 331, 2, 26),
(1704, '2014-09-18 16:00:00', 1.379, 1.379, 1.381, 1.38, '16:00:54', '15:45:58', NULL, 225, '', '2017-08-16 02:26:24', 331, 2, 26),
(1705, '2014-09-17 16:00:00', 1.379, 1.379, 1.381, 1.38, '16:00:14', '15:59:17', NULL, 225, '', '2017-08-16 02:27:39', 331, 2, 26),
(1706, '2014-09-17 16:00:00', 1.4315, 1.4335, 1.433, 1.4325, '21:30:29', NULL, NULL, NULL, '', '2017-08-16 02:28:51', 332, 20, 21),
(1707, '2014-09-18 16:00:00', 1.4315, 1.4335, 1.433, 1.4325, '19:25:48', '19:51:55', NULL, 237, '', '2017-08-16 02:46:24', 332, 20, 21),
(1708, '2014-09-19 16:00:00', 1.504, 1.5055, 1.5055, 1.5055, '22:30:35', '15:59:42', NULL, 90, '', '2017-08-16 02:48:03', 333, 20, 21),
(1709, '2014-09-20 16:00:00', 1.504, 1.5045, 1.5055, 1.5055, '16:00:51', '15:59:55', NULL, 135, '', '2017-08-16 02:49:16', 333, 20, 21),
(1710, '2014-09-20 16:00:00', 1.282, 1.2825, 1.283, 1.283, '16:00:44', '15:59:56', NULL, 270, '', '2017-08-16 02:52:23', 334, 2, 26),
(1711, '2014-09-19 16:00:00', 1.2815, 1.2825, 1.283, 1.2825, '23:46:34', '15:59:43', NULL, 270, '', '2017-08-16 03:02:06', 334, 2, 26),
(1712, '2014-09-17 16:00:00', 1.288, 1.288, 1.288, 1.288, '17:50:04', '15:59:09', NULL, 270, '', '2017-08-16 03:12:30', 338, 4, 13),
(1713, '2014-09-18 16:00:00', 1.288, 1.288, 1.288, 1.288, '16:00:21', '15:59:24', NULL, 270, '', '2017-08-16 03:13:52', 338, 4, 13),
(1714, '2014-09-19 16:00:00', 1.288, 1.288, 1.288, 1.288, '16:00:47', '21:11:50', NULL, 270, '', '2017-08-16 03:15:11', 338, 4, 13),
(1715, '2014-09-20 16:00:00', 1.382, 1.382, 1.381, 1.381, '18:55:59', '15:59:05', NULL, 1025, '', '2017-08-16 03:17:27', 337, 5, 16),
(1716, '2014-09-18 16:00:00', 1.206, 1.205, 1.205, 1.206, '23:00:29', '22:59:40', NULL, NULL, 'UPON INSTALLATION, WE RECONSTRUCTED THE BENCHMARK BECAUSE IT WAS DAMAGED.\nCONTACT # OF RONELA ROQUES #09358244191\nREMARKS- FAIR WEATHER', '2017-08-16 05:05:32', 74, 14, 18),
(1717, '2014-09-19 16:00:00', 1.306, 1.306, 1.306, 1.306, '16:00:19', '00:00:22', NULL, 255, '', '2017-08-16 05:49:51', 77, 5, 16),
(1718, '2014-09-18 16:00:00', 1.306, 1.306, 1.306, 1.306, '16:00:34', '15:59:37', NULL, 255, '', '2017-08-16 05:53:04', 77, 5, 16),
(1719, '2014-09-17 16:00:00', 1.306, 1.306, 1.306, 1.306, '23:43:48', '15:59:54', NULL, 255, '', '2017-08-16 05:54:16', 77, 5, 16),
(1720, '2014-09-20 16:00:00', 1.497, 1.498, 1.499, 1.498, '18:14:53', NULL, NULL, 165, '12.76V', '2017-08-16 05:56:22', 75, 9, 27),
(1721, '2014-09-21 16:00:00', 1.497, 1.498, 1.499, 1.498, '17:40:20', NULL, NULL, 165, '12.40V', '2017-08-16 05:57:46', 75, 9, 27),
(1722, '2014-09-20 16:00:00', 1.213, 1.213, 1.214, 1.214, '23:04:09', '15:43:16', NULL, 10, 'BUBBLE IS A LITTLE BIT NOT CENTERED\nFAIR WEATHER, UPON PULLOUT BUBBLES IS A LITTLE BIT NOT CENTERED\nCONTACT PERSON - THE DIRECTOR OF SECURITY SIR GEORGE CEASAR B. GEWAN', '2017-08-16 06:01:03', 70, 14, 18),
(1723, '2014-09-21 16:00:00', 1.214, 1.214, 1.215, 1.215, '16:00:04', '15:43:07', NULL, NULL, '', '2017-08-16 06:02:30', 70, 14, 18),
(1724, '2014-09-21 16:00:00', 1.196, 1.196, 1.196, 1.197, '17:09:29', '14:42:38', NULL, NULL, 'FAIR WEATHER DURING PULL-OUT', '2017-08-16 06:10:43', 70, 14, 18),
(1725, '2014-09-18 16:00:00', 1.243, 1.242, 1.242, 1.243, '01:14:51', '16:00:05', NULL, 40, '', '2017-08-16 06:23:55', 76, 19, 28),
(1726, '2014-09-19 16:00:00', 1.242, 1.241, 1.242, 1.243, '01:14:09', NULL, NULL, NULL, 'SUNNY WEATHER, BATTERY OK\nCONTACT PERSON SIR MIKE PASCASIO WITH CONTACT NUMBER 09362289196', '2017-08-16 06:27:31', 76, 19, 28),
(1727, '2014-09-18 16:00:00', 1.243, 1.242, 1.242, 1.243, '17:14:41', NULL, NULL, 10, 'GOOD WEATHER, BATTERY OK\nCLONTACT PERSON SIR MIKE PASCASIO\nCONTACT NUMBER 09362289196\n', '2017-08-16 06:29:55', 76, 19, 28),
(1728, '2014-09-19 16:00:00', 1.242, 1.241, 1.247, 1.245, '16:00:52', '17:55:56', NULL, NULL, 'A LITTLE BIT OF TWIST OF BUBBLES\nGOOD WEATHER, BATTERY OK. CONTACT PERSON SIR MIKE PESCASIO\nCONTACT NUMBER 09362289196', '2017-08-16 06:32:15', 76, 19, 28),
(1729, '2014-09-19 16:00:00', 1.246, 1.245, 1.245, 1.246, '17:31:10', '16:00:17', NULL, 10, '', '2017-08-16 06:33:57', 76, 19, 28),
(1730, '2014-09-20 16:00:00', 1.245, 1.245, 1.244, 1.246, '16:00:08', '16:04:11', NULL, NULL, 'BUBBLE IS A LITTLE BIT NOT CENTERED', '2017-08-16 06:35:32', 76, 19, 28),
(1731, '2014-09-20 16:00:00', 1.447, 1.447, 1.447, 1.447, '14:44:53', '15:30:19', NULL, 105, 'sunny 12.62volts/ receiver/ logger led\nunder observation', '2017-08-16 06:52:02', 73, 16, 10),
(1732, '2014-09-21 16:00:00', 1.447, 1.447, 1.447, 1.447, '20:52:07', NULL, NULL, 105, 'SEPTEMBER 22 12.3VOLTS\nSEPTEMBER 23 121. VOLTS\n2230Z OF SEPT 22 2004\nRECEIVER UNDER DISCRETION', '2017-08-16 06:55:01', 73, 16, 10),
(1733, '2014-09-17 16:00:00', 1.446, 1.446, 1.446, 1.446, '17:05:24', '16:30:30', NULL, 65, 'SUNNY / 12.45 VOLTS', '2017-08-16 07:19:07', 72, 9, 27),
(1734, '2014-09-18 16:00:00', 1.446, 1.446, 1.446, 1.446, '16:30:57', NULL, NULL, 65, '12.30V SUNNY', '2017-08-16 07:20:25', 72, 9, 27),
(1735, '2014-09-19 16:00:00', 1.446, 1.446, 1.446, 1.446, '16:00:23', '17:05:27', NULL, NULL, 'SUNNY', '2017-08-16 07:21:57', 72, 9, 27),
(1736, '2014-09-21 16:00:00', 1.28, 1.28, 1.28, 1.28, '20:15:13', NULL, NULL, NULL, 'FAIR WEATHER', '2017-08-16 07:28:52', 24, 19, 28),
(1737, '2014-09-23 16:00:00', 1.28, 1.28, 1.28, 1.28, '20:15:43', NULL, NULL, NULL, '', '2017-08-16 07:30:03', 24, 19, 28),
(1738, '2014-10-03 16:00:00', 1.476, 1.476, 1.477, 1.477, '20:42:21', '15:59:29', NULL, 45, '', '2017-08-16 07:33:05', 310, 5, 16),
(1739, '2014-09-23 16:00:00', 1.23, 1.229, 1.229, 1.23, '22:21:11', NULL, NULL, 10, 'FAIR WEATHER\nCONTACT PERSON REYNALDO MAPINTAO 09096285660', '2017-08-16 07:36:34', 114, 19, 28),
(1740, '2014-09-24 16:00:00', 1.229, 1.228, 1.229, 1.23, '16:00:16', '18:40:20', NULL, NULL, '', '2017-08-16 07:38:42', 114, 19, 28),
(1741, '2014-09-24 16:00:00', 1.229, 1.228, 1.229, 1.229, '18:47:28', '19:26:41', NULL, 10, 'FAIR WEATHER', '2017-08-16 08:32:02', 114, 19, 28),
(1742, '2014-09-23 16:00:00', 1.241, 1.241, 1.242, 1.242, '16:00:39', NULL, NULL, 180, '', '2017-08-16 08:37:47', 408, 4, 13),
(1743, '2014-09-22 16:00:00', 1.241, 1.241, 1.242, 1.242, '16:00:17', NULL, NULL, 180, '', '2017-08-16 08:39:24', 408, 4, 13),
(1744, '2014-09-21 16:00:00', 1.241, 1.241, 1.242, 1.242, '16:00:17', '15:59:20', NULL, 180, '', '2017-08-16 08:40:30', 408, 4, 13),
(1745, '2014-09-23 16:00:00', 1.324, 1.324, 1.324, 1.324, '16:30:34', '20:41:38', NULL, 10, 'FAIR WEATHER\nANTENNA LIGHT NOT FLASHING DUE TO DEFECTIVE CONNECTOR', '2017-08-16 08:44:22', 199, 14, 18),
(1746, '2014-09-25 16:00:00', 1.27, 1.27, 1.27, 1.27, '16:00:31', '14:53:35', NULL, NULL, '', '2017-08-16 08:46:47', 211, 20, 21),
(1747, '2014-09-24 16:00:00', 1.2695, 1.2705, 1.2705, 1.2705, '16:00:43', '15:59:47', NULL, 180, '', '2017-08-16 08:48:01', 211, 20, 21),
(1748, '2014-09-23 16:00:00', 1.2695, 1.2705, 1.2705, 1.27, '16:00:04', '15:59:08', NULL, NULL, '', '2017-08-16 08:49:18', 211, 20, 21),
(1749, '2014-09-22 16:00:00', 1.2695, 1.2705, 1.2705, 1.27, '21:39:19', '15:59:26', NULL, 200, '', '2017-08-16 08:50:36', 211, 20, 21),
(1750, '2014-09-24 16:00:00', 1.463, 1.464, 1.465, 1.464, '18:47:27', '17:05:33', NULL, 160, '12.7VOLTS', '2017-08-17 00:38:57', 203, 9, 27),
(1751, '2014-09-26 16:00:00', 1.463, 1.464, 1.465, 1.465, '16:00:52', '22:01:55', NULL, 160, '', '2017-08-17 00:44:13', 203, 9, 27),
(1752, '2014-09-25 16:00:00', 1.463, 1.464, 1.465, 1.464, '17:05:03', NULL, NULL, 160, '12.4VOLTS', '2017-08-17 00:52:20', 203, 9, 27),
(1753, '2014-10-04 16:00:00', 1.427, 1.427, 1.427, 1.427, '23:15:07', NULL, NULL, 295, '', '2017-08-17 00:56:20', 322, 20, 21),
(1754, '2014-09-25 16:00:00', 1.493, 1.493, 1.493, 1.493, '16:00:44', '15:59:50', NULL, 235, '', '2017-08-17 00:59:01', 336, 2, 26),
(1755, '2014-09-25 16:00:00', 1.553, 1.553, 1.554, 1.553, '16:13:21', '15:59:28', NULL, NULL, '', '2017-08-17 01:00:36', 335, 4, 13),
(1756, '2014-09-24 16:00:00', 1.5525, 1.554, 1.555, 1.5535, '21:49:53', '15:59:10', NULL, 280, '', '2017-08-17 01:18:25', 335, 4, 13),
(1757, '2014-09-24 16:00:00', 1.5525, 1.554, 1.555, 1.5535, '16:00:46', '15:59:51', NULL, 280, '', '2017-08-17 01:20:04', 335, 4, 13),
(1758, '2014-09-24 16:00:00', 1.493, 1.493, 1.493, 1.493, '16:00:24', '15:59:27', NULL, 235, '', '2017-08-17 01:26:38', 336, 2, 26),
(1759, '2014-09-23 16:00:00', 1.493, 1.493, 1.493, 1.493, '16:00:35', '15:59:41', NULL, 235, '', '2017-08-17 01:28:50', 336, 2, 26),
(1760, '2014-09-22 16:00:00', 1.4935, 1.495, 1.495, 1.495, '23:34:26', '15:59:37', NULL, 235, '', '2017-08-17 01:30:45', 336, 2, 26),
(1761, '2014-09-21 16:00:00', 1.382, 1.382, 1.381, 1.381, '16:00:08', '15:59:11', NULL, 102, '', '2017-08-17 01:36:30', 337, 5, 16),
(1762, '2014-09-22 16:00:00', 1.382, 1.382, 1.381, 1.381, '16:00:14', '15:59:18', NULL, 102, '', '2017-08-17 01:42:26', 337, 5, 16),
(1763, '2014-09-22 16:00:00', 1.282, 1.2825, 1.2835, 1.2825, '16:00:09', '17:22:14', NULL, NULL, '', '2017-08-17 01:44:25', 334, 2, 26),
(1764, '2014-09-21 16:00:00', 1.2825, 1.283, 1.283, 1.283, '16:00:40', '15:59:43', NULL, 90, '', '2017-08-17 01:46:11', 334, 2, 26),
(1765, '2014-09-22 16:00:00', 1.504, 1.504, 1.5045, 1.505, '16:00:29', '16:18:34', NULL, 130, '', '2017-08-17 02:32:00', 333, 20, 21),
(1766, '2014-09-21 16:00:00', 1.504, 1.5045, 1.5055, 1.5055, '16:00:13', '15:59:17', NULL, 130, '', '2017-08-17 02:33:25', 333, 20, 21),
(1767, '2014-10-10 16:00:00', 1.461, 1.461, 1.461, 1.462, '17:17:39', '15:59:47', NULL, 142, '', '2017-08-17 02:37:01', 437, 20, 21),
(1768, '2014-09-24 16:00:00', 1.414, 1.414, 1.414, 1.414, '20:01:42', '16:10:48', NULL, 325, '12.5 VOLTS', '2017-08-17 02:39:04', 71, 16, 22),
(1769, '2014-09-25 16:00:00', 1.414, 1.414, 1.414, 1.414, '16:00:30', '20:54:34', NULL, 325, '12.19 VOLTS', '2017-08-17 02:41:00', 71, 16, 22),
(1770, '2014-09-26 16:00:00', 1.4115, 1.4115, 1.4135, 1.4135, '16:00:58', '20:54:01', NULL, 325, '', '2017-08-17 02:56:15', 71, 16, 22),
(1771, '2014-09-22 16:00:00', 1.447, 1.448, 1.449, 1.448, '17:59:18', '16:00:24', NULL, 165, '12.15V', '2017-08-17 02:59:42', 75, 9, 27),
(1772, '2014-09-23 16:00:00', 1.447, 1.448, 1.449, 1.448, '16:00:44', '21:15:48', NULL, 165, '', '2017-08-17 03:02:59', 75, 9, 27),
(1773, '2014-09-22 16:00:00', 1.447, 1.447, 1.447, 1.447, '15:01:09', NULL, NULL, 103, '12.1 VOLTS\nRECEIVER UNDER OBSERVATION', '2017-08-17 03:05:37', 73, 16, 10),
(1774, '2014-09-23 16:00:00', 1.447, 1.447, 1.447, 1.447, '16:00:39', '15:05:42', NULL, 103, '', '2017-08-17 03:06:53', 73, 16, 10),
(1775, '2014-02-13 16:00:00', 1.35, 1.35, 1.351, 1.351, '22:40:47', '15:59:53', NULL, 228, '', '2017-08-17 05:10:04', 11, 19, 28),
(1776, '2012-02-13 16:00:00', 1.38, 1.3805, 1.38, 1.3805, '20:57:13', '00:20:20', NULL, 105, 'OBSERVER: FRED HUANG', '2017-08-17 05:14:06', 45, 7, 16),
(1777, '2012-02-13 16:00:00', 1.074, 1.075, 1.075, 1.076, '16:00:37', '15:59:40', NULL, 313, '', '2017-08-17 06:43:04', 158, 16, 26),
(1778, '2012-02-13 16:00:00', 1.074, 1.075, 1.075, 1.076, '16:00:59', '15:59:04', NULL, 313, '', '2017-08-17 06:58:32', 158, 16, 26),
(1779, '2012-02-13 16:00:00', 1.359, 1.36, 1.361, 1.36, '21:06:21', '15:59:27', NULL, 240, '', '2017-08-17 07:06:42', 208, 6, 17),
(1780, '2012-02-11 16:00:00', 1.3335, 1.334, 1.334, 1.3335, '00:03:14', '16:52:24', NULL, 200, 'REMARKS:\nTRIMBLE RECEIVER COULD NOT RECEIVE DATA. NO BLINKING RED COLOR. NO ORANGE COLOR.', '2017-08-17 07:09:30', 311, 4, 12),
(1781, '2012-02-13 16:00:00', 1.64, 1.641, 1.642, 1.642, '20:00:09', '16:37:15', NULL, 330, '', '2017-08-17 07:54:43', 427, 20, 10),
(1782, '2012-02-13 16:00:00', 1.029, 1.029, 1.029, 1.03, '21:38:03', '18:20:09', NULL, 330, '', '2017-08-17 07:56:35', 428, 18, 27),
(1783, '2012-02-14 16:00:00', 1.35, 1.35, 1.351, 1.351, '16:00:18', '18:08:30', NULL, 228, '', '2017-08-17 08:00:04', 11, 19, 28),
(1784, '2012-02-14 16:00:00', 1.46, 1.4605, 1.4615, 1.461, '00:55:04', '18:42:10', NULL, 353, '', '2017-08-17 08:03:37', 45, 7, 16),
(1785, '2012-02-14 16:00:00', 1.074, 1.075, 1.075, 1.076, '16:00:05', NULL, NULL, NULL, '', '2017-08-17 08:23:38', 158, 16, 26),
(1786, '2012-02-14 16:00:00', 1.359, 1.36, 1.361, 1.36, '16:00:51', '17:05:56', NULL, 240, 'OCCASIONAL RAINSHOWER, CLOUDY\n11.8V DURING PULLOUT OF GPS INSTRUMENT\nMRS. ROSARIO TORRES- BRGY. CHAIRMAN, BRGY MARIKIT, PANTABAYAN - 09084454584', '2017-08-17 08:30:49', 208, 6, 17),
(1787, '2012-02-14 16:00:00', 1.3885, 1.388, 1.389, 1.3895, '22:05:02', '16:48:11', NULL, 355, '', '2017-08-17 08:37:46', 311, 8, 13),
(1788, '2012-02-14 16:00:00', 1.637, 1.639, 1.639, 1.638, '17:06:06', '14:50:13', NULL, 220, '', '2017-08-17 08:41:37', 427, 20, 10),
(1789, '2012-02-14 16:00:00', 1.029, 1.029, 1.029, 1.029, '17:35:44', '15:41:51', NULL, 60, '', '2017-08-17 08:43:16', 427, 18, 27),
(1790, '2012-02-15 16:00:00', 1.409, 1.409, 1.41, 1.41, '23:24:23', '15:59:31', NULL, 175, 'RAINY DURING NIGHT TIME', '2017-08-17 08:45:08', 86, 6, 17),
(1791, '2012-02-17 16:00:00', 1.452, 1.453, 1.453, 1.452, '17:10:07', '20:12:13', NULL, 295, '', '2017-08-18 00:37:39', 297, 20, 10),
(1792, '2012-02-15 16:00:00', 1.442, 1.443, 1.443, 1.442, '01:25:02', '16:42:11', NULL, 290, '', '2017-08-18 00:41:15', 297, 20, 10),
(1793, '2012-02-16 16:00:00', 1.201, 1.201, 1.201, 1.201, '16:00:28', NULL, NULL, 92, '', '2017-08-18 00:44:52', 277, 9, 22),
(1794, '2012-02-15 16:00:00', 1.201, 1.201, 1.201, 1.201, '16:00:31', '15:59:34', NULL, 92, '', '2017-08-18 00:45:59', 277, 9, 22),
(1795, '2012-02-16 16:00:00', 1.3775, 1.3775, 1.3775, 1.378, '18:12:51', '15:18:58', NULL, 195, '', '2017-08-18 01:22:24', 322, 7, 16),
(1796, '2012-02-15 16:00:00', 1.417, 1.418, 1.4185, 1.4185, '01:27:53', '17:29:03', NULL, 5, '', '2017-08-18 01:32:29', 322, 7, 16),
(1797, '2012-02-20 16:00:00', 1.42, 1.42, 1.421, 1.421, '16:00:34', '15:59:38', NULL, 310, '', '2017-08-18 02:02:04', 340, 18, 27),
(1798, '2012-02-19 16:00:00', 1.42, 1.42, 1.42, 1.42, '17:55:16', '15:45:25', NULL, 200, '', '2017-08-18 02:04:45', 340, 18, 27),
(1799, '2012-02-16 16:00:00', 1.437, 1.438, 1.438, 1.438, '16:04:28', '20:19:42', NULL, 175, '', '2017-08-18 02:13:05', 383, 18, 27),
(1800, '2012-02-15 16:00:00', 1.438, 1.438, 1.438, 1.438, '17:30:18', '15:59:24', NULL, 175, '', '2017-08-18 02:32:49', 383, 18, 27),
(1801, '2012-02-19 16:00:00', 1.321, 1.322, 1.322, 1.322, '19:15:22', '17:00:30', NULL, 140, '', '2017-08-18 02:35:40', 381, 20, 10),
(1802, '2012-02-19 16:00:00', 1.578, 1.578, 1.578, 1.578, '22:25:27', '14:48:35', NULL, 240, '', '2017-08-18 02:40:05', 343, 2, 9),
(1803, '2012-02-15 16:00:00', 1.135, 1.136, 1.137, 1.137, '16:00:14', '15:59:17', NULL, 272, 'AZ 358 5 MM', '2017-08-18 02:42:56', 316, 16, 26),
(1804, '2012-02-15 16:00:00', 1.135, 1.136, 1.137, 1.137, '16:00:58', '15:59:02', NULL, 272, '', '2017-08-18 02:46:38', 316, 16, 26),
(1805, '2012-02-16 16:00:00', 1.135, 1.136, 1.137, 1.137, '16:00:18', NULL, NULL, 272, '', '2017-08-18 02:48:40', 316, 16, 26),
(1806, '2012-02-15 16:00:00', 1.356, 1.356, 1.356, 1.356, '19:45:37', '18:26:42', NULL, 170, '', '2017-08-18 03:00:05', 271, 20, 10),
(1807, '2012-02-21 16:00:00', 1.354, 1.356, 1.355, 1.355, '21:35:52', '19:36:59', NULL, 300, '', '2017-08-18 03:01:22', 271, 20, 10),
(1808, '2012-02-21 16:00:00', 1.334, 1.334, 1.335, 1.335, '19:00:28', '17:20:33', NULL, NULL, '', '2017-08-18 03:02:59', 403, 18, 27),
(1809, '2012-02-22 16:00:00', 1.335, 1.335, 1.335, 1.336, '17:36:46', '01:12:52', NULL, 265, 'REMARKS: RECEIVER B\nALL LIGHTS ARE BLINKING', '2017-08-18 03:05:23', 403, 18, 27),
(1810, '2012-02-22 16:00:00', 1.497, 1.497, 1.498, 1.498, '16:00:18', '04:20:22', NULL, 347, '12.25V', '2017-08-18 03:09:51', 176, 19, 28),
(1811, '2012-02-21 16:00:00', 1.497, 1.497, 1.498, 1.498, '01:01:29', '15:59:37', NULL, 347, '12.60V', '2017-08-18 03:11:06', 176, 19, 28),
(1812, '2012-02-17 16:00:00', 1.374, 1.374, 1.374, 1.374, '23:37:10', '20:53:17', NULL, 170, '11.8 V REPLACED THE BATTERY', '2017-08-18 03:12:53', 171, 19, 28),
(1813, '2012-02-18 16:00:00', 1.374, 1.374, 1.374, 1.374, '20:55:46', '17:40:52', NULL, 170, '12.20 V', '2017-08-18 03:14:22', 171, 19, 28),
(1814, '2012-02-16 16:00:00', 1.409, 1.409, 1.41, 1.41, '16:00:22', '15:44:27', NULL, 175, '', '2017-08-18 05:30:56', 86, 6, 17),
(1815, '2012-02-15 16:00:00', 1.475, 1.476, 1.476, 1.477, '20:11:31', '15:59:38', NULL, 330, '12.8V', '2017-08-18 05:34:03', 87, 19, 28),
(1816, '2012-02-16 16:00:00', 1.475, 1.476, 1.476, 1.477, '16:00:23', '02:20:27', NULL, 330, '', '2017-08-18 06:13:49', 87, 19, 28),
(1817, '2012-02-21 16:00:00', 1.238, 1.238, 1.239, 1.239, '22:07:07', '17:20:16', NULL, NULL, '', '2017-08-18 06:30:39', 79, 5, 14),
(1818, '2012-02-21 16:00:00', 1.246, 1.246, 1.248, 1.247, '16:00:15', '15:59:18', NULL, 309, '', '2017-08-18 06:35:41', 82, 16, 26),
(1819, '2012-02-22 16:00:00', 1.246, 1.246, 1.248, 1.247, '16:00:54', NULL, NULL, 309, '', '2017-08-18 06:37:16', 82, 16, 26),
(1820, '2012-02-17 16:00:00', 0.998, 0.999, 1, 1, '16:00:03', '15:59:08', NULL, NULL, '', '2017-08-18 06:45:34', 101, 9, 22),
(1821, '2012-02-18 16:00:00', 0.998, 0.998, 0.9995, 0.9995, '16:00:10', NULL, NULL, NULL, '', '2017-08-18 06:49:34', 101, 9, 22),
(1822, '2012-02-19 16:00:00', 1.18, 1.18, 1.18, 1.18, '23:23:17', '15:59:28', NULL, 270, '', '2017-08-18 07:04:50', 12, 6, 17),
(1823, '2012-02-20 16:00:00', 1.18, 1.18, 1.18, 1.18, '16:00:06', '17:17:10', NULL, 270, '', '2017-08-18 07:07:32', 12, 6, 17),
(1824, '2012-02-21 16:00:00', 1.4625, 1.4625, 1.464, 1.4635, '21:38:47', '16:52:58', NULL, 335, '', '2017-08-18 07:10:23', 42, 8, 13),
(1825, '2012-02-18 16:00:00', 1.216, 1.216, 1.217, 1.217, '16:00:56', '16:47:00', NULL, 25, '', '2017-08-18 07:12:22', 32, 6, 17),
(1826, '2012-02-17 16:00:00', 1.216, 1.216, 1.217, 1.217, '01:51:14', '15:59:23', NULL, 25, '12.23V', '2017-08-18 07:13:51', 32, 6, 17),
(1827, '2012-02-20 16:00:00', 1.2045, 1.205, 1.206, 1.206, '16:00:34', NULL, NULL, 351, 'Also known as\": \"ABR14, AB14', '2017-08-18 07:16:58', 1, 9, 22),
(1828, '2012-02-19 16:00:00', 1.2045, 1.205, 1.206, 1.206, '16:00:17', '15:59:22', NULL, 351, '', '2017-08-18 07:18:43', 1, 9, 22),
(1829, '2012-02-21 16:00:00', 1.394, 1.394, 1.395, 1.395, '16:00:14', '15:59:18', NULL, 40, '', '2017-08-18 07:20:40', 463, 9, 22),
(1830, '2012-02-22 16:00:00', 1.394, 1.394, 1.395, 1.395, '16:00:24', NULL, NULL, 40, '', '2017-08-18 07:21:46', 463, 9, 22),
(1831, '2012-03-03 16:00:00', 1.525, 1.525, 1.525, 1.525, '21:10:32', '15:59:38', NULL, 225, '', '2017-08-18 07:52:00', 344, 5, 14),
(1832, '2012-02-20 16:00:00', 1.157, 1.1565, 1.157, 1.1575, '18:08:36', '17:23:43', NULL, 50, '', '2017-08-18 07:54:06', 146, 8, 13),
(1833, '2012-02-19 16:00:00', 1.1215, 1.122, 1.123, 1.1225, '22:23:52', '17:47:08', NULL, 240, '', '2017-08-18 07:55:32', 146, 8, 13),
(1834, '2012-02-17 16:00:00', 1.192, 1.192, 1.193, 1.192, '02:36:44', '15:50:49', NULL, 310, '', '2017-08-18 07:57:10', 149, 18, 27);
INSERT INTO `campaign_logsheets` (`id`, `date`, `height_north_meters`, `height_east_meters`, `height_south_meters`, `height_west_meters`, `time_start`, `time_end`, `failure_time`, `azimuth`, `notes`, `createdAt`, `site_id`, `antenna_id`, `receiver_id`) VALUES
(1835, '2012-02-18 16:00:00', 1.192, 1.192, 1.193, 1.193, '16:10:50', '15:05:57', NULL, 190, '', '2017-08-18 07:58:21', 149, 18, 27),
(1836, '2012-02-18 16:00:00', 1.409, 1.41, 1.409, 1.409, '17:45:57', '16:10:02', NULL, 190, '', '2017-08-18 08:01:24', 150, 20, 10),
(1837, '2012-02-17 16:00:00', 1.409, 1.41, 1.41, 1.41, '01:15:24', '17:20:29', NULL, 65, '', '2017-08-18 08:02:53', 150, 20, 10),
(1838, '2012-02-21 16:00:00', 1.339, 1.3395, 1.3405, 1.3405, '02:24:26', '01:04:36', NULL, 17, '', '2017-08-18 08:06:57', 162, 7, 16),
(1839, '2012-02-19 16:00:00', 1.266, 1.2655, 1.265, 1.2655, '16:00:31', '15:59:36', NULL, 82, '', '2017-08-18 08:09:00', 154, 16, 26),
(1840, '2012-02-20 16:00:00', 1.265, 1.265, 1.265, 1.265, '16:00:08', NULL, NULL, 81, '', '2017-08-18 08:18:29', 151, 16, 26),
(1841, '2012-02-22 16:00:00', 1.307, 1.307, 1.307, 1.307, '16:00:41', '14:52:45', NULL, 185, '', '2017-08-18 08:20:11', 153, 2, 9),
(1842, '2012-02-18 16:00:00', 1.287, 1.287, 1.287, 1.287, '16:00:29', NULL, NULL, 92, '', '2017-08-18 08:21:49', 90, 16, 26),
(1843, '2012-02-17 16:00:00', 1.286, 1.285, 1.284, 1.285, '16:00:36', '15:59:44', NULL, 91, '', '2017-08-18 08:23:11', 90, 16, 26),
(1844, '2012-02-18 16:00:00', 1.4205, 1.421, 1.422, 1.421, '17:45:24', '19:40:29', NULL, 150, '', '2017-08-18 08:24:57', 96, 8, 13),
(1845, '2012-02-20 16:00:00', 1.394, 1.3945, 1.395, 1.395, '16:28:42', '15:54:49', NULL, 290, '', '2017-08-18 08:26:11', 96, 7, 16),
(1846, '2012-02-17 16:00:00', 1.4255, 1.425, 1.4255, 1.426, '23:10:51', '17:15:07', NULL, 30, '', '2017-08-18 08:27:27', 96, 8, 13),
(1847, '2012-03-03 16:00:00', 1.476, 1.477, 0, 1.477, '18:03:04', '15:59:10', NULL, 135, 'CONTACT PERSONS: MANOLITO D. ESCARLAN-PRINCIPAL II 09473844693\nELEANOR REBONG- MASTER TEACHER 09092172694\nEDITHA SENO - TEACHER 0928869466\nHAROLD MARK SENO - CARETAKER 09395423232\nWEATHER CONDITION: FAIR WEATHER\nBATTERY: NEWLY PURCHASED BATTERY HAD LOW VO', '2017-08-18 08:34:10', 352, 22, 36),
(1848, '2012-02-20 16:00:00', 1.322, 1.323, 1.323, 1.323, '17:10:31', '15:00:36', NULL, 20, '', '2017-08-23 05:21:02', 381, 20, 10),
(1849, '2012-03-03 16:00:00', 1.41, 1.41, 1.411, 1.411, '17:26:10', '15:30:17', NULL, NULL, 'CRISTILITO TARIPE- CARETAKER', '2017-08-23 05:22:57', 351, 4, 11),
(1850, '2012-03-02 16:00:00', 1.519, 1.52, 0, 1.52, '23:30:20', '15:59:25', NULL, 190, 'CONTACT PERSONS: LILY D.; TONGCALING- PRINCIPAL I 09183625758\nRODA CAMILADE- TEACHER 09086127026\nSAUDI MAMA- CARETAKER/ SECURITY GUARD 09102795479\nWEATHER CONDITION: SLIGHT SHOWER TO MODERATE RAIN\nBATTERY: NEWLY PURCHASED BATTERY HAD LOW VOLTAGE OUTPUT: R', '2017-08-23 05:29:19', 350, 21, 37),
(1851, '2012-03-03 16:00:00', 1.519, 1.52, 0, 1.52, '16:00:28', '15:59:33', NULL, 190, 'FAIR WEATHER\nCHANGED/REPLACED BATTERY: REPLACED BATTERY- 11.99V\nNEW BATTERY 12.47V', '2017-08-23 05:36:43', 350, 21, 37),
(1852, '2012-03-02 16:00:00', 1.374, 1.376, 1.376, 1.375, '23:43:41', '15:59:49', NULL, 315, 'BENCH MARK APPEARS TO HAVE TITLTED TO THE SOUTH; ALSO THERE IS SLIGHT DAMAGE ON ITS NORTH SIDE', '2017-08-23 06:22:16', 349, 20, 10),
(1853, '2012-03-03 16:00:00', 1.374, 1.376, 1.376, 1.375, '16:00:19', '15:59:24', NULL, 315, '', '2017-08-23 06:33:43', 349, 20, 10),
(1854, '2012-03-03 16:00:00', 1.38, 1.38, 1.381, 1.381, '19:15:05', NULL, NULL, NULL, 'SITE IS AT EVARISTO MORALIZOR NATIONAL VOCATIONAL HIGH SCHOOL\nRUDINO BANTINOY- CARETAKER OF INSTRUMENT', '2017-08-23 06:38:25', 348, 7, 16),
(1855, '2012-03-03 16:00:00', 1.49, 1.49, 1.49, 1.49, '16:00:37', '15:59:40', NULL, 45, '', '2017-08-23 06:40:59', 345, 9, 22),
(1856, '2012-03-02 16:00:00', 1.49, 1.49, 1.49, 1.49, '02:10:10', '15:59:17', NULL, 45, '', '2017-08-23 06:42:36', 345, 9, 22),
(1857, '2012-03-03 16:00:00', 1.426, 1.426, 1.427, 1.426, '17:40:18', '15:59:24', NULL, NULL, 'BATTERY 12.5V', '2017-08-23 06:47:51', 249, 16, 26),
(1858, '2012-03-03 16:00:00', 1.361, 1.361, 1.361, 1.361, '02:35:56', NULL, NULL, 120, 'BATTERY VOLTAGE \n12.66V --12.71 V--- 2  BATTERIES\nTIME: 10:35AM\nGPS INSTRUMENT PULLED OUT ON MARCH 7, 2012 AT 8:00AM', '2017-08-23 06:51:19', 248, 8, 13),
(1859, '2012-03-03 16:00:00', 1.539, 1.537, 1.538, 1.539, '16:00:34', '15:59:38', NULL, NULL, 'BATTERY 12.686 V', '2017-08-23 06:54:11', 245, 6, 17),
(1860, '2012-03-03 16:00:00', 1.35, 1.35, 1.352, 1.352, '16:00:06', '15:59:10', NULL, NULL, 'BATTERY 12.65\nTIME CHECKED 2:40', '2017-08-23 06:56:56', 243, 10, 11),
(1861, '2012-03-02 16:00:00', 1.447, 1.448, 1.449, 1.448, '19:40:31', NULL, NULL, 180, 'BATTERY VOLTAGE 12.29V 3:40PM\n12.34V AS OF 05 MARCH 2012\nMARCH 6, 2012 BATTERY VOLTAGE 12.23V', '2017-08-23 07:00:53', 247, 2, 9),
(1862, '2012-04-17 16:00:00', 1.461, 1.461, 1.462, 1.462, '18:45:57', '15:59:03', NULL, NULL, 'B- BAYAWAN\nO- ORIENTAL\nN-NEGROS\nG-GPS\n\nCONTACT PERSON: FELIX A. JATHANDRON\nPULL OUT- APRIL19, 2012\n', '2017-08-29 08:17:22', 35, 10, 11),
(1863, '2012-04-17 16:00:00', 1.426, 1.426, 1.426, 1.426, '16:00:19', '15:59:23', NULL, 25, 'PULL OUT ON APRIL 19, 2012 @ 0320Z', '2017-08-29 08:21:35', 33, 5, 14),
(1864, '2012-04-17 16:00:00', 1.429, 1.428, 1.429, 1.429, '16:00:32', NULL, NULL, NULL, 'Batt 12.36v', '2017-08-29 08:23:04', 33, 5, 14),
(1865, '2012-04-16 16:00:00', 1.425, 1.426, 1.427, 1.427, '00:10:09', NULL, NULL, NULL, 'BATT 12.53V', '2017-08-29 08:24:41', 33, 5, 14),
(1866, '2012-04-09 16:00:00', 1.495, 1.501, 1.501, 1.5, '16:35:45', '15:59:51', NULL, 260, 'CONTACT PERSON\nJOSE C. LAURE - 09078427924', '2017-08-29 08:27:38', 52, 2, 9),
(1867, '2012-04-10 16:00:00', 1.495, 1.501, 1.501, 1.5, '16:00:43', '15:59:48', NULL, 260, 'CONTACT PERSON JOSE C. LAURE 09078427924', '2017-08-30 00:36:10', 52, 2, 9),
(1868, '2012-04-11 16:00:00', 1.495, 1.501, 1.501, 1.5, '16:00:55', '15:59:00', NULL, 260, 'CONTACT PERSON JOSE C. LAURE 09078427924', '2017-08-30 00:44:29', 52, 2, 9),
(1869, '2012-04-12 16:00:00', 1.495, 1.501, 1.501, 1.5, '16:00:39', '19:00:43', NULL, 260, 'CONTACT PERSON JOSE LAURE 09078427924', '2017-08-30 00:46:00', 52, 2, 9),
(1870, '2012-04-11 16:00:00', 1.514, 1.514, 1.514, 1.514, '17:19:05', '15:59:12', NULL, 270, 'LAT; 10 DEG 22 58.70N\nLONG; 123 DEG 39 25.84 E\n\nBATTERY 12.635 V LOADED', '2017-08-30 00:56:29', 58, 27, 6),
(1871, '2012-04-12 16:00:00', 1.514, 1.514, 1.514, 1.514, '16:00:54', '15:59:58', NULL, NULL, '', '2017-08-30 00:57:55', 58, 27, 6),
(1872, '2012-04-11 16:00:00', 1.603, 1.603, 1.604, 1.603, '16:00:13', '15:59:17', NULL, NULL, 'BATTERY 12.394 W', '2017-08-30 01:00:29', 60, 6, 17),
(1873, '2012-04-10 16:00:00', 1.445, 1.446, 1.447, 1.447, '20:06:22', '15:59:29', NULL, NULL, 'BATTERY 12.6V', '2017-08-30 01:03:36', 61, 7, 16),
(1874, '2012-04-11 16:00:00', 0, 0, 0, 0, '16:00:06', '15:59:12', NULL, NULL, 'POWER FAILURE; CHANGED BATTERY BY NEWLY PURCHASED BATTERY', '2017-08-30 01:08:35', 61, 7, 16),
(1875, '2012-04-10 16:00:00', 1.603, 1.603, 1.604, 1.603, '21:36:58', '15:59:05', NULL, NULL, 'BATTERY 12.83V', '2017-08-30 01:15:25', 62, 6, 17),
(1876, '2012-11-24 16:00:00', 1.328, 1.328, 1.329, 1.329, '22:21:54', NULL, NULL, NULL, 'PARTLY CLOUDY ON 27TH NOVEMBER 2012 THE ANTENNA WAS DISORIENTED. IT WAS VANDALIZED AT UNKNOWN TIME. IT WAS MOVED AND DISLOCATED BECAUSE OF ON GOING SPORTS ACTIVITIES  OF MINDANAO ASSOCIATION OF STATE COLLEGE AND UNIVERSITY FOUNDATION WHICH IS THE HOST OF ', '2017-08-30 01:23:33', 70, 18, 27),
(1877, '2012-11-26 16:00:00', 1.451, 1.451, 1.451, 1.451, '16:42:20', NULL, NULL, NULL, 'CLOUDY', '2017-08-30 01:26:02', 70, 18, 27),
(1878, '2012-11-19 16:00:00', 1.321, 1.321, 1.321, 1.321, '19:28:24', '15:59:30', NULL, 12, '12.02 V AT 11:28 AM', '2017-08-30 01:28:41', 71, 5, 14),
(1879, '2012-11-22 16:00:00', 1.321, 1.321, 1.321, 1.321, '16:00:47', '17:01:51', NULL, 12, '12.10V AT 8:55AM', '2017-08-30 01:29:57', 71, 5, 14),
(1880, '2012-11-22 16:00:00', 1.2765, 1.278, 1.278, 1.278, '23:28:48', '15:59:54', NULL, 195, '12.42 V AT 03:28PM (SET UP DAY)', '2017-08-30 01:32:12', 73, 20, 10),
(1881, '2012-11-26 16:00:00', 1.2765, 1.278, 1.278, 1.277, '16:00:25', '17:55:29', NULL, 145, '', '2017-08-30 01:33:31', 73, 20, 10),
(1882, '2012-11-20 16:00:00', 1.3545, 1.3545, 1.3545, 1.3546, '00:34:13', NULL, NULL, NULL, 'CLOUDY. CENTER OF THE MARKER IS NOT VISIBLE, DUE TO RUST. BURIED FOR ONE FOOT BENEATH THE GROUND.', '2017-08-30 01:39:56', 74, 18, 27),
(1883, '2012-11-20 16:00:00', 1.3545, 1.3545, 1.3545, 1.3546, '14:55:52', NULL, NULL, NULL, 'CLEAR WEATHER SUNNY. BATTERY WAS CHANGED AT 2255 GMT 21 NOV 2012', '2017-08-30 01:44:26', 74, 18, 27),
(1884, '2012-11-23 16:00:00', 1.368, 1.368, 1.368, 1.368, '16:00:08', '15:59:12', NULL, 240, 'PRINCIPAL: VILMA FUNCION 09083374314\nCARETAKER NILO IBANEZ', '2017-08-30 01:46:46', 75, 5, 14),
(1885, '2012-11-25 16:00:00', 1.368, 1.368, 1.369, 1.368, '16:00:08', '18:47:12', NULL, 240, '', '2017-08-30 01:48:07', 75, 5, 14),
(1886, '2012-11-17 16:00:00', 1.433, 1.433, 1.433, 1.433, '23:00:40', NULL, NULL, NULL, 'CLOUDY', '2017-08-30 01:54:44', 76, 18, 27),
(1887, '2012-11-18 16:00:00', 1.443, 1.443, 1.444, 1.444, '16:08:57', NULL, NULL, NULL, 'GOOD WEATHER', '2017-08-30 01:56:03', 76, 18, 27),
(1888, '2012-11-19 16:00:00', 1.455, 1.454, 1.455, 1.455, '16:27:05', NULL, NULL, NULL, 'CLOUDY. ANTENNA WAS DISORIENTED WHEN WE PULLOUT. GPS WAS OFF AT UNKNOWN TIME. PULL OUT TIME WAS 10:45AM (LOCAL TIME)', '2017-08-30 01:57:52', 76, 18, 27),
(1889, '2012-11-22 16:00:00', 1.2515, 1.2515, 1.2515, 1.2515, '16:36:02', NULL, NULL, NULL, 'CLEAR WEATHER. CTE1 IS TYE NEW BENCHMARK IN INSULAN SULTAN KUDARAT, REPLACING COTE. CTE1 WAS CONSTRUCTED LAST 22ND NOV 2012', '2017-08-30 02:01:05', 80, 18, 27),
(1890, '2012-11-16 16:00:00', 1.463, 1.464, 1.464, 1.464, '19:00:44', '15:59:51', NULL, 14, '', '2017-08-30 02:02:46', 72, 20, 10),
(1891, '2012-11-18 16:00:00', 1.463, 1.464, 1.4649, 1.4632, '16:00:53', '15:59:58', NULL, 14, 'BATTERY 12.10V (09:14AM) 19 NOV 2012\n11.95 V (08:00AM) 20 NOV 2012\n\nNORTH 1.462\nEAST: 1.463\nSOUTH: 1.4638\nWEST: 1.463', '2017-08-30 02:05:03', 72, 20, 10),
(1892, '2012-04-12 16:00:00', 1.282, 1.282, 1.282, 1.282, '16:00:13', '20:45:16', NULL, 320, 'CONTACT PERSON IAN MENESES 09073122088', '2017-08-30 02:07:37', 103, 20, 10),
(1893, '2012-04-11 16:00:00', 1.282, 1.282, 1.282, 1.282, '16:00:11', '15:59:15', NULL, 320, 'CONTACT PERSON IAN MENESES 09073122088', '2017-08-30 02:09:32', 103, 20, 10),
(1894, '2012-04-09 16:00:00', 1.282, 1.282, 1.282, 1.282, '20:34:40', '15:59:46', NULL, 320, 'CONTACT PERSON IAN MENESES 09073122088', '2017-08-30 02:11:06', 103, 20, 10),
(1895, '2012-04-10 16:00:00', 1.282, 1.282, 1.282, 1.282, '16:00:08', '15:59:12', NULL, 320, 'CONTACT PERON IAN MENESES 09073122088', '2017-08-30 02:12:25', 103, 20, 10),
(1896, '2012-10-14 16:00:00', 1.349, 1.35, 1.352, 1.35, '18:00:18', NULL, NULL, 220, '', '2017-08-30 02:15:24', 123, 9, 22),
(1897, '2012-10-17 16:00:00', 1.349, 1.35, 1.35, 1.35, '16:00:49', '18:56:53', NULL, 220, '', '2017-08-30 02:16:51', 123, 9, 22),
(1898, '2012-10-10 16:00:00', 1.205, 1.205, 1.206, 1.206, '23:42:40', NULL, NULL, 285, '', '2017-08-30 02:28:38', 125, 9, 22),
(1899, '2012-10-11 16:00:00', 1.205, 1.205, 1.206, 1.206, '16:00:53', NULL, NULL, 285, 'BATTERY VOLTAGE 12.27V AT 11:53AM', '2017-08-30 02:30:09', 125, 9, 22),
(1900, '2012-10-13 16:00:00', 1.204, 1.204, 1.205, 1.2045, '16:00:19', '23:23:27', NULL, 285, '', '2017-08-30 02:31:27', 125, 9, 22),
(1901, '2012-10-14 16:00:00', 1.3915, 1.3925, 1.394, 1.395, '19:59:19', NULL, NULL, 50, 'BATTERY CHARGE 12.54V', '2017-08-30 02:33:30', 130, 20, 10),
(1902, '2012-10-17 16:00:00', 1.392, 1.3928, 1.394, 1.394, '16:00:33', '18:13:37', NULL, 50, 'BATTERY CHARGED 11.9V', '2017-08-30 02:34:45', 130, 20, 10),
(1903, '2012-10-10 16:00:00', 1.3835, 1.3835, 1.384, 1.384, '16:42:37', NULL, NULL, 160, '', '2017-08-30 02:36:35', 132, 14, 18),
(1904, '2012-10-11 16:00:00', 1.383, 1.3832, 1.3833, 1.3825, '16:00:01', NULL, NULL, 160, 'BATTERY VOLTAGE 12.22V AT 12:10PM\nWIRE CABLE DAMAGED', '2017-08-30 02:38:28', 132, 14, 18),
(1905, '2012-10-13 16:00:00', 1.383, 1.383, 1.384, 1.3835, '16:00:36', '23:31:40', NULL, 160, '', '2017-08-30 02:39:37', 132, 14, 18),
(1906, '2012-10-10 16:00:00', 1.2845, 1.2845, 1.285, 1.285, '19:30:49', NULL, NULL, 235, '', '2017-08-30 03:16:46', 133, 4, 13),
(1907, '2012-10-11 16:00:00', 1.2845, 1.2845, 1.285, 1.285, '16:00:10', NULL, NULL, 235, 'BATTERY VOLTAGE;(CHANGED BATTERY) NEW BATTERY 12.30V---> WHITE BATTERY\nOLD BATTERY 11.70V--> BALCK BATTERY OCTOBER 12, 2012 @09:00AM', '2017-08-30 03:19:17', 133, 4, 13),
(1908, '2012-10-13 16:00:00', 1.284, 1.284, 1.285, 1.2845, '16:00:37', '17:24:42', NULL, 235, '', '2017-08-30 03:20:39', 133, 4, 13),
(1909, '2012-10-13 16:00:00', 1.122, 1.122, 1.125, 1.123, '21:15:16', NULL, NULL, 292, 'BATTERY CAHNGED OCTOBER 14, 2012\n(TWO BATTERIES IN PARALLEL) 12.59V\n', '2017-08-30 05:03:00', 134, 19, 28),
(1910, '2012-10-18 16:00:00', 1.44, 1.4405, 1.441, 1.441, '19:00:59', NULL, NULL, 160, 'BATTERY CHANGE: (TWO BATTETRIES) BATTERY A -> 12.79V\n                                                                        BATTERY B -> 12.89V', '2017-08-30 05:05:54', 135, 18, 27),
(1911, '2012-10-10 16:00:00', 1.546, 1.548, 1.548, 1.548, '16:53:55', NULL, NULL, NULL, 'battery voltage 1. 12.23v\n                            2. 12.19v\n\nLAT 11 DEG 25\'19.65\' N\nLONG 124 DEG 50\' 36.76\' E\nELEV 69.5', '2017-08-30 05:22:13', 137, 28, 8),
(1912, '2012-10-10 16:00:00', 1.638, 1.6385, 1.639, 1.638, '19:35:46', NULL, NULL, NULL, 'BATTERY VOLTAGE 12.54 V ', '2017-08-30 05:23:53', 636, 5, 14),
(1913, '2012-10-10 16:00:00', 1.583, 1.582, 1.582, 1.582, '22:45:03', NULL, NULL, NULL, 'BATTERY VOLTAGE \n1. 12.51 V \n2. 12.36 V\n\nLAT 11 DEG 54\' 13.46\"\nLONG 125 DEG 25\' 08.03\"\nH= 79.9\nPOWER = 12.7', '2017-08-30 05:30:29', 138, 29, 6),
(1914, '2012-10-11 16:00:00', 0, 0, 0, 0, '16:00:14', NULL, NULL, NULL, 'BATTERY VOLTAGE 12.29V', '2017-08-30 06:11:24', 138, 29, 6),
(1915, '2012-10-12 16:00:00', 0, 0, 0, 0, '16:00:30', NULL, NULL, NULL, 'BATTERY VOLTAGE 11.67V\nCHANGED BATT', '2017-08-30 06:12:51', 138, 29, 6),
(1916, '2012-10-14 16:00:00', 1.322, 1.3224, 1.3228, 1.3222, '16:57:44', NULL, NULL, 190, 'BATTERY VOLTAGE 12.54 V\n', '2017-08-30 06:15:59', 139, 14, 18),
(1917, '2012-10-17 16:00:00', 1.322, 1.3222, 1.323, 1.322, '16:00:15', '16:49:20', NULL, 190, 'BATTERY CHANGE 12.03V', '2017-08-30 06:17:25', 139, 14, 18),
(1918, '2012-08-12 16:00:00', 1.495, 1.496, 1.497, 1.496, '00:18:18', NULL, NULL, NULL, '', '2017-08-30 06:53:21', 166, 2, 9),
(1919, '2012-08-14 16:00:00', 1.499, 1.5, 1.501, 1.5, '16:00:06', '18:17:09', NULL, NULL, 'CLOUDY (HABAGAT)\nHIKE MANY MOUNTAINS FROM MABITON', '2017-08-30 06:55:38', 166, 2, 9),
(1920, '2012-08-09 16:00:00', 1.542, 1.542, 1.542, 1.542, '18:50:17', '15:59:31', NULL, NULL, '12.58', '2017-08-30 07:02:40', 170, 7, 16),
(1921, '2012-08-11 16:00:00', 0, 0, 0, 0, '16:00:46', NULL, NULL, NULL, '', '2017-08-30 07:11:40', 170, 7, 16),
(1922, '2012-08-10 16:00:00', 1.523, 1.523, 1.524, 1.525, '19:12:19', NULL, NULL, 150, '12.58V', '2017-08-30 07:13:25', 170, 7, 16),
(1923, '2012-08-12 16:00:00', 1.525, 1.525, 1.523, 1.523, '16:00:41', '16:52:45', NULL, NULL, 'CARETAKER; ABNER L. ASNE', '2017-08-30 07:30:56', 170, 7, 16),
(1924, '2012-08-08 16:00:00', 1.344, 1.345, 1.345, 1.344, '18:24:44', NULL, NULL, 147, '', '2017-08-30 07:33:43', 167, 2, 9),
(1925, '2012-08-09 16:00:00', 1.343, 1.344, 1.345, 1.345, '16:00:19', NULL, NULL, 147, '12.47v', '2017-08-30 07:38:18', 167, 2, 9),
(1926, '2012-08-10 16:00:00', 1.347, 1.345, 1.345, 1.344, '16:00:06', '15:59:10', NULL, 147, 'battery 12.54v', '2017-08-30 07:43:23', 167, 2, 9),
(1927, '2012-08-11 16:00:00', 1.343, 1.344, 1.344, 1.344, '16:00:21', '16:41:25', NULL, NULL, 'CONTACT: JOJO DRIO', '2017-08-30 07:46:33', 167, 2, 9),
(1928, '2012-08-09 16:00:00', 1.4185, 1.419, 1.4195, 1.419, '16:00:45', NULL, NULL, NULL, '2 BATTERY @ PARALLEL CONNECTION', '2017-08-30 08:06:36', 173, 9, 22),
(1929, '2012-08-08 16:00:00', 1.419, 1.419, 1.42, 1.42, '17:35:15', '15:59:22', NULL, 90, 'sunny\n ANTENNA- G\nRECEIVER - E\nBOX- E\nCONTACT PERSON: MELECIO CANINO\nBOX- NO ANTENNA ROD', '2017-08-30 08:10:06', 173, 9, 22),
(1930, '2012-08-10 16:00:00', 1.418, 1.418, 1.418, 1.419, '16:00:20', NULL, NULL, 95, '12.41V', '2017-08-31 00:43:24', 173, 9, 22),
(1931, '2012-08-11 16:00:00', 0, 0, 0, 0, '16:00:08', NULL, NULL, NULL, '', '2017-08-31 00:45:02', 173, 9, 22),
(1932, '2012-08-09 16:00:00', 1.532, 1.533, 1.533, 1.533, '16:00:15', '15:59:19', NULL, NULL, '', '2017-08-31 00:49:13', 174, 20, 10),
(1933, '2012-08-06 16:00:00', 1.501, 1.502, 1.502, 1.502, '16:08:00', NULL, NULL, NULL, 'SUNNY', '2017-08-31 00:51:03', 177, 18, 27),
(1934, '2012-08-10 16:00:00', 1.5015, 1.5015, 1.502, 1.502, '16:00:25', '02:16:30', NULL, NULL, '', '2017-08-31 00:52:28', 177, 18, 27),
(1935, '2012-08-10 16:00:00', 0, 0, 0, 0, '16:00:51', NULL, NULL, NULL, '12.401V ; SUNNY', '2017-08-31 01:01:55', 191, 20, 10),
(1936, '2012-08-07 16:00:00', 1.532, 1.533, 1.533, 1.533, '21:46:32', NULL, NULL, NULL, '12.61 V ', '2017-08-31 01:04:11', 191, 20, 10),
(1937, '2012-08-08 16:00:00', 1.532, 1.533, 1.534, 1.533, '23:10:31', NULL, NULL, 315, '12.61V', '2017-08-31 01:05:35', 191, 20, 10),
(1938, '2012-08-07 16:00:00', 1.449, 1.449, 1.449, 1.45, '00:52:55', '16:00:03', NULL, 292, '', '2017-08-31 01:21:56', 192, 16, 26),
(1939, '2012-08-08 16:00:00', 1.448, 1.449, 1.45, 1.45, '20:58:39', NULL, NULL, NULL, '12.6V', '2017-08-31 01:31:42', 192, 16, 26),
(1943, '2012-08-09 16:00:00', 1.448, 1.449, 1.45, 1.45, '16:00:31', NULL, NULL, NULL, 'CHANGED BATTERY 12.83V', '2017-08-31 01:40:30', 192, 16, 26),
(1947, '2012-08-10 16:00:00', 0, 0, 0, 0, '16:00:36', NULL, NULL, NULL, '12.45V; SUNNY', '2017-08-31 01:51:34', 192, 16, 26),
(1948, '2012-08-09 16:00:00', 1.397, 1.397, 1.398, 1.398, '16:00:07', '15:59:14', NULL, 350, 'SUNNY; BATTERY 12.93V', '2017-08-31 01:53:21', 193, 19, 28),
(1949, '2012-08-07 16:00:00', 1.3975, 1.3975, 1.398, 1.398, '23:18:21', '16:00:28', NULL, 0, '', '2017-08-31 02:07:24', 193, 19, 28),
(1950, '2012-08-08 16:00:00', 1.398, 1.398, 1.399, 1.399, '16:00:27', NULL, NULL, 358, '12.47V', '2017-08-31 02:10:30', 193, 19, 28),
(1951, '2012-08-10 16:00:00', 0, 0, 0, 0, '16:00:47', NULL, NULL, NULL, '12.97V; SUNNY', '2017-08-31 02:11:47', 193, 19, 28),
(1955, '2012-08-07 16:00:00', 1.25, 1.25, 1.25, 1.25, '00:00:10', '16:00:15', NULL, 45, '', '2017-08-31 02:15:52', 194, 5, 14),
(1956, '2012-08-08 16:00:00', 1.25, 1.25, 1.25, 1.25, '16:00:52', NULL, NULL, NULL, '12.52V', '2017-08-31 02:16:49', 194, 5, 14),
(1957, '2012-08-10 16:00:00', 0, 0, 0, 0, '16:00:12', NULL, NULL, NULL, 'BATTERY 13.02V; SUNNY', '2017-09-04 00:39:34', 194, 5, 14),
(1958, '2012-08-08 16:00:00', 1.482, 1.484, 1.482, 1.481, '00:13:26', '15:59:40', NULL, NULL, '', '2017-09-04 00:55:41', 195, 30, 8),
(1959, '2012-08-09 16:00:00', 1.479, 1.48, 1.48, 1.479, '16:00:19', NULL, NULL, 275, '12.55V', '2017-09-04 00:59:28', 195, 30, 8),
(1960, '2012-08-10 16:00:00', 1.479, 1.481, 1.481, 1.45, '16:00:01', '15:59:05', NULL, 45, '', '2017-09-04 01:02:43', 195, 30, 8),
(1961, '2012-08-11 16:00:00', 1.479, 1.481, 1.481, 1.48, '16:00:50', '21:06:55', NULL, 45, 'NATALIO REQUIOMA II\nROD OF 5700 USED', '2017-09-04 01:05:25', 195, 30, 8),
(1962, '2012-08-08 16:00:00', 1.542, 1.541, 1.542, 1.542, '16:00:26', NULL, NULL, 62, '', '2017-09-04 01:09:20', 196, 29, 6),
(1963, '2012-08-09 16:00:00', 1.539, 1.538, 1.538, 1.539, '19:17:38', NULL, NULL, 75, '12.8V', '2017-09-04 01:10:40', 196, 29, 6),
(1964, '2012-08-10 16:00:00', 1.542, 1.54, 1.54, 1.54, '17:38:12', '15:59:20', NULL, NULL, '', '2017-09-04 01:12:18', 196, 29, 6),
(1965, '2012-08-11 16:00:00', 1.539, 1.538, 1.538, 1.539, '16:00:12', '19:28:18', NULL, 62, 'ROD OF 5700 WAS USED\nJUN FLORES', '2017-09-04 01:14:42', 196, 29, 6),
(1966, '2012-11-16 16:00:00', 1.339, 1.339, 1.339, 1.339, '21:40:42', '15:59:47', NULL, 35, '', '2017-09-04 01:16:41', 203, 5, 14),
(1967, '2012-11-18 16:00:00', 1.339, 1.339, 1.339, 1.339, '16:00:46', '15:59:51', NULL, 35, 'BATT: 12.13V (10:30 AM); 19 NOVEMBER 2012\nBATTERY: 11.9V (09:17AM); 20 NOVEMBER 2012\nNORTH: 1.338\nEAST: 1.339\nSOUTH: 1.338\nWEST: 1.338\nSHUTDOWN AT 09:17AM, 20 NOV 2012', '2017-09-04 01:20:31', 203, 5, 14),
(1968, '2012-08-08 16:00:00', 1.483, 1.483, 1.483, 1.483, '16:00:31', NULL, NULL, 90, '12.6v', '2017-09-04 05:53:34', 205, 8, 13),
(1969, '2012-08-09 16:00:00', 1.488, 1.483, 1.483, 1.483, '02:22:10', '15:59:25', NULL, 90, 'BATTERY 12.32V\nEFREN ABELONG\nCARLO HERMOSA', '2017-09-04 05:55:45', 205, 8, 13),
(1970, '2012-08-10 16:00:00', 1.483, 1.483, 1.483, 1.483, '16:00:05', '15:59:09', NULL, 90, '12.19 V : CLOUDY\nPULLED OUT BY A. LUIS AND A. PELICANO\n0156HUTC+ 0956AM AUGUST 12, 2012', '2017-09-04 05:57:56', 205, 4, 13),
(1971, '2012-11-22 16:00:00', 1.313, 1.313, 1.314, 1.314, '01:08:00', NULL, NULL, 325, 'WEATHER: SUNNY DAY', '2017-09-04 06:10:15', 211, 19, 28),
(1972, '2012-11-23 16:00:00', 1.313, 1.314, 1.314, 1.314, '16:00:26', NULL, NULL, 325, 'SUNNY WEATHER', '2017-09-04 06:11:28', 211, 19, 28),
(1973, '2012-11-24 16:00:00', 1.313, 1.313, 1.314, 1.314, '16:00:04', NULL, NULL, NULL, 'WEATHER SUNNY', '2017-09-04 06:13:03', 211, 19, 28),
(1974, '2012-11-25 16:00:00', 1.315, 1.316, 1.315, 1.315, '16:00:21', '17:11:24', NULL, 325, 'WEATHER; SUNNY DAY', '2017-09-04 06:21:40', 211, 19, 28),
(1975, '2012-04-14 16:00:00', 0, 0, 0, 0, '20:56:27', NULL, NULL, NULL, 'LAT 10 DEG 24\' 01.68\" LONG\n123 DEG 12\' 47.721\"\nHEIGHT 675.3M\nPOWER SUPPLY-FULL BAR\nP2 WITH LOAD= 13.46V', '2017-09-04 07:05:50', 215, 29, 7),
(1976, '2012-04-14 16:00:00', 1.441, 1.441, 1.442, 1.441, '19:10:57', NULL, NULL, NULL, '', '2017-09-04 07:11:54', 214, 6, 17),
(1977, '2012-04-14 16:00:00', 1.245, 1.246, 1.245, 1.245, '23:30:43', NULL, NULL, 202, 'VOLTAGE= 12.81\nVOLTAGE 12.80', '2017-09-04 07:13:53', 216, 16, 26),
(1978, '2012-04-14 16:00:00', 1.73, 1.73, 1.73, 1.73, '20:15:39', NULL, NULL, NULL, '16.45 V', '2017-09-04 07:21:48', 219, 8, 13),
(1979, '2012-04-18 16:00:00', 1.73, 1.73, 1.73, 1.73, '16:00:29', NULL, NULL, NULL, 'TWO OUT OF 3 WERE STOLEN ', '2017-09-04 07:32:22', 219, 8, 13),
(1980, '2012-04-16 16:00:00', 0, 0, 0, 0, '16:00:11', NULL, NULL, NULL, 'BATTERY 15.70 VOLT', '2017-09-04 07:35:17', 219, 8, 13),
(1981, '2012-04-14 16:00:00', 1.85, 1.85, 1.85, 1.85, '17:15:00', NULL, NULL, NULL, '', '2017-09-04 07:45:16', 224, 20, 10),
(1982, '2012-04-15 16:00:00', 1.8, 1.8, 1.8, 1.8, '16:00:37', NULL, NULL, NULL, '13.4V', '2017-09-04 07:48:35', 224, 20, 10),
(1983, '2012-04-18 16:00:00', 1.85, 1.85, 1.85, 1.85, '16:00:08', '16:23:13', NULL, NULL, '', '2017-09-04 07:50:10', 224, 20, 10),
(1984, '2012-04-14 16:00:00', 1.323, 1.323, 1.323, 1.323, '18:20:46', '15:59:52', NULL, NULL, 'BATTERY 12.81V', '2017-09-04 07:57:58', 225, 7, 16),
(1985, '2012-04-15 16:00:00', 1.32, 1.32, 1.321, 1.321, '16:00:47', NULL, NULL, NULL, 'BATTERY 12.69V\nNOTE: RECEIVER DEAD', '2017-09-04 08:02:08', 225, 7, 16),
(1986, '2012-04-15 16:00:00', 1.32, 1.32, 1.321, 1.321, '16:00:43', NULL, NULL, NULL, 'BATTERY 12.69V\nNOTE: RECEIVER STOP', '2017-09-04 08:03:56', 225, 7, 16),
(1987, '2012-04-14 16:00:00', 1.93, 1.93, 1.93, 1.93, '16:06:38', NULL, NULL, NULL, '', '2017-09-04 08:28:50', 226, 18, 27),
(1988, '2012-04-14 16:00:00', 1.93, 1.93, 1.93, 1.93, '16:06:04', NULL, NULL, NULL, '', '2017-09-05 01:27:03', 226, 18, 27),
(1989, '2012-04-15 16:00:00', 1.93, 1.93, 1.93, 1.93, '16:00:04', NULL, NULL, NULL, '12.49 V', '2017-09-05 01:29:05', 226, 18, 27),
(1990, '2012-12-18 16:00:00', 1.93, 1.93, 1.93, 1.93, '16:00:39', '15:59:43', NULL, NULL, '', '2017-09-05 01:33:38', 226, 18, 27),
(1991, '2012-04-14 16:00:00', 1.35, 1.35, 1.35, 1.35, '18:52:10', NULL, NULL, NULL, '', '2017-09-05 01:51:04', 223, 2, 9),
(1992, '2012-04-16 16:00:00', 1.35, 1.35, 1.35, 1.35, '16:00:17', NULL, NULL, NULL, '13.8V', '2017-09-05 01:57:21', 223, 2, 9),
(1993, '2012-08-08 16:00:00', 1.541, 1.541, 1.542, 1.542, '19:45:40', '15:59:46', NULL, NULL, 'ABNER ASNE\nBRGY KAGAWAD\nBATTERY 12.57V    PULL OUT', '2017-09-05 02:06:10', 170, 7, 16),
(1994, '2012-04-18 16:00:00', 1.35, 1.35, 1.35, 1.35, '16:00:41', '17:41:44', NULL, NULL, '', '2017-09-05 02:07:46', 223, 2, 9),
(1995, '2012-10-19 16:00:00', 1.391, 1.391, 1.391, 1.3915, '18:00:25', NULL, NULL, 0, 'BATTERY CHARGED', '2017-09-05 02:16:26', 234, 19, 28),
(1996, '2012-10-18 16:00:00', 1.3528, 1.3528, 1.353, 1.3528, '17:00:55', NULL, NULL, 105, 'BATTERY CHARGED\nBATTERY A- 13.06V\nBATTERY B- 12.91V', '2017-09-05 02:18:17', 234, 14, 18),
(1997, '2012-02-19 16:00:00', 1.157, 1.157, 1.158, 1.158, '19:41:13', '15:59:20', NULL, 178, '', '2017-09-06 01:47:10', 235, 19, 28),
(1998, '2012-02-20 16:00:00', 1.157, 1.157, 1.158, 1.158, '16:00:33', '20:47:37', NULL, 178, '', '2017-09-06 01:49:19', 235, 19, 28),
(2000, '2012-10-13 16:00:00', 1.402, 1.403, 1.4035, 1.4025, '20:21:58', NULL, NULL, 275, 'OCTOBER 14 2012\nBATTERY VOLTAGE- TWO BATTERIES IN PARALLEL- 12.52 V @12:4PM', '2017-09-06 02:00:22', 236, 2, 13),
(2001, '2012-10-13 16:00:00', 1.378, 1.378, 1.379, 1.38, '16:00:01', '01:08:05', NULL, 265, '', '2017-09-06 02:03:57', 237, 18, 27),
(2002, '2012-10-09 16:00:00', 1.379, 1.3785, 1.379, 1.38, '16:00:10', NULL, NULL, 265, 'BATTERY VOLTAGE 12.04V', '2017-09-06 02:06:06', 237, 18, 27),
(2003, '2012-10-10 16:00:00', 1.3785, 1.3785, 1.3789, 1.379, '00:34:29', NULL, NULL, 260, '', '2017-09-06 02:51:10', 237, 18, 27),
(2004, '2012-10-17 16:00:00', 1.3775, 1.378, 1.3785, 1.3785, '16:00:42', '16:48:47', NULL, 60, 'BATTERY VOLTAGE 12.00V', '2017-09-06 06:25:06', 241, 18, 27),
(2005, '2012-10-14 16:00:00', 1.3785, 1.378, 1.378, 1.3785, '17:19:48', NULL, NULL, 60, 'BATTERY VOLTAGE 13.07V', '2017-09-06 06:26:40', 241, 18, 27),
(2006, '2012-10-13 16:00:00', 1.316, 1.316, 1.3165, 1.317, '16:00:47', '16:30:52', NULL, 165, '', '2017-09-06 08:21:38', 242, 19, 28),
(2007, '2012-10-11 16:00:00', 1.316, 1.316, 1.3165, 1.317, '16:00:01', NULL, NULL, 175, 'BATTERY VOLTAGE 12.19V\nOK CHECKED AT 11:20AM', '2017-09-06 08:23:02', 242, 19, 28),
(2008, '2012-10-11 16:00:00', 1.3865, 1.386, 1.388, 1.3875, '17:52:32', NULL, NULL, 95, 'BATTERY VOLTAGE: OLD BATTERY- 9.93V\nCHANGE BATTERY: NEW BATTERY- 12.45V @09:52AM', '2017-09-07 01:03:16', 238, 20, 10),
(2009, '2010-10-10 16:00:00', 1.387, 1.3875, 1.38767, 1.387, '18:15:40', NULL, NULL, 95, '', '2017-09-07 01:08:27', 238, 20, 10),
(2010, '2012-10-13 16:00:00', 1.387, 1.3885, 1.389, 1.388, '16:00:13', '22:45:20', NULL, 95, '', '2017-09-07 01:17:22', 238, 20, 10),
(2011, '2013-10-10 16:00:00', 1.37, 1.371, 1.3715, 1.371, '20:48:43', NULL, NULL, 130, '', '2017-09-07 01:19:29', 239, 2, 9),
(2012, '2012-10-11 16:00:00', 1.37, 1.371, 1.372, 1.371, '18:36:29', NULL, NULL, 130, 'BATTERY VOLTAGE- 12.24V\nGMT 02 HR 36 MIN\nSAME BATTERY', '2017-09-08 01:19:01', 239, 2, 9),
(2013, '2012-10-13 16:00:00', 1.37, 1.371, 1.371, 1.3708, '16:00:51', '18:08:13', NULL, 130, '', '2017-09-08 01:30:59', 239, 2, 9),
(2014, '2012-03-04 16:00:00', 1.35, 1.35, 1.352, 1.352, '16:00:57', '15:59:03', NULL, NULL, 'BATTERY- 12.538V\nTIME CHECK 8:20AM', '2017-09-08 01:47:14', 243, 10, 11),
(2015, '2012-03-05 16:00:00', 1.35, 1.35, 1.352, 1.352, '16:00:44', '15:59:48', NULL, NULL, 'BATTERY 12.388V - 4:30PM', '2017-09-08 01:48:53', 243, 10, 11),
(2016, '2012-03-06 16:00:00', 0, 0, 0, 0, '16:00:19', NULL, NULL, NULL, 'BATTERY: 12.266V\nTIME CHECKED 8:32AM\nPULLOUT- 12:50PM\nW-1.352\nS-1.351\nN-1.351\nE-1.351', '2017-09-08 01:51:16', 243, 10, 11),
(2017, '2012-03-02 16:00:00', 1.35, 1.35, 1.352, 1.352, '22:00:53', '16:00:00', NULL, NULL, 'BATTERY - 12.76\nCONTACT PERSON-UNIVERSITY PRESIDENT-/ CHIEF GUARD MARNEL BIENES', '2017-09-08 02:01:34', 243, 10, 11),
(2018, '2012-03-06 16:00:00', 0, 0, 0, 0, '16:00:38', NULL, NULL, NULL, 'BATTERY: 12.604V\nTIME CHECKED: 10:38AM\nNOTE: DEADSET/PATAY\nPULL OUT- 255PM- THURSDAY', '2017-09-08 02:35:41', 245, 6, 17),
(2019, '2012-03-05 16:00:00', 1.539, 1.537, 1.538, 1.539, '16:00:45', NULL, NULL, NULL, 'BATTERY- 12.543V -11:28AM', '2017-09-08 02:37:51', 245, 6, 17),
(2020, '2012-03-04 16:00:00', 1.539, 1.537, 1.538, 1.539, '16:00:41', '15:59:45', NULL, NULL, 'BATTERY- 12.634V\nTIMECHECK-10:29AM\nNOTE: DEADSET', '2017-09-08 02:39:52', 245, 6, 17),
(2021, '2017-03-02 16:00:00', 1.539, 1.537, 1.538, 1.539, '00:05:15', '15:59:23', NULL, NULL, 'BATTERY- 12.81V\nCONTACT PERSON- FRANKLIN SOLINO 0915872581', '2017-09-08 02:53:32', 245, 6, 17),
(2022, '2012-03-06 16:00:00', 0, 0, 0, 0, '16:00:45', NULL, NULL, NULL, 'BATTERY; 12.173V\nTIMECHECKED: 01:19PM', '2017-09-08 06:22:23', 249, 16, 26),
(2023, '2012-03-04 16:00:00', 1.426, 1.426, 1.427, 1.426, '16:00:01', '15:59:04', NULL, NULL, 'BATTERY 12.411V @1PM', '2017-09-08 06:24:02', 249, 16, 26),
(2024, '2012-03-05 16:00:00', 0, 0, 0, 0, '16:00:17', '15:59:22', NULL, NULL, 'BATTERY 12.298V; 9:00AM', '2017-09-08 06:25:15', 249, 16, 26),
(2025, '2012-04-12 16:00:00', 1.4665, 1.466, 1.467, 1.4665, '16:00:58', '18:54:02', NULL, NULL, '', '2017-09-08 06:31:48', 262, 10, 11),
(2026, '2012-04-10 16:00:00', 1.467, 1.467, 1.468, 1.468, '17:26:22', NULL, NULL, NULL, 'COURTESY CALL ON LORETO R. BERLANDINO (EXEC. DIRECTOR, AKLAN STATE UNIV.)\nCARETAKER: COORDINATED WITH PROF. ALEXANDER RAMOS(TRACK OVAL))', '2017-09-08 06:34:17', 262, 10, 11),
(2027, '2012-04-11 16:00:00', 1.536, 1.536, 1.536, 1.536, '16:00:16', '18:21:20', NULL, 135, '', '2017-09-08 06:36:04', 263, 9, 22),
(2028, '2012-04-10 16:00:00', 1.536, 1.536, 1.536, 1.536, '16:00:19', '15:59:24', NULL, 135, '', '2017-09-08 06:38:05', 263, 9, 22),
(2029, '2012-04-09 16:00:00', 1.536, 1.536, 1.536, 1.536, '18:13:46', NULL, NULL, 135, '09302186045 MISS ERNELINA GILVAS-OIC\nLIBERTAD NATIONAL VOCATIONAL SCHOOL', '2017-09-08 06:40:22', 263, 9, 22),
(2030, '2012-04-09 16:00:00', 1.536, 1.536, 1.536, 1.536, '18:13:51', '15:59:59', NULL, 135, 'MISS ERNELINA GELVAS - 09302186405\nOIC- LIBERTAD NATIONAL VOCATIONAL SCHOOL', '2017-09-08 06:42:12', 263, 9, 22),
(2031, '2012-04-11 16:00:00', 1.467, 1.467, 1.4675, 1.467, '16:00:14', '15:59:19', NULL, NULL, '', '2017-09-08 07:09:00', 262, 10, 11),
(2032, '2012-04-12 16:00:00', 1.38, 1.381, 1.381, 1.381, '16:00:10', '22:40:14', NULL, NULL, '', '2017-09-08 07:13:56', 264, 18, 27),
(2033, '2012-04-11 16:00:00', 1.381, 1.3815, 1.3815, 1.381, '16:00:28', '15:59:35', NULL, NULL, '', '2017-09-08 07:15:40', 264, 18, 27),
(2034, '2012-04-10 16:00:00', 1.381, 1.382, 1.382, 1.382, '16:00:42', '15:59:48', NULL, NULL, '', '2017-09-08 07:17:28', 264, 18, 27),
(2035, '2012-04-09 16:00:00', 1.382, 1.382, 1.383, 1.383, '18:29:22', '15:59:34', NULL, NULL, 'SECURED VERBAL AUTHORIZATION FROM MAIN CAMPUS ( PERRY A. ALPASAN, M.SC., VICE PRESIDENT FOR RESEARCH)\nCARETAKER: ABNER GENANDOY (09069059140)', '2017-09-08 07:43:13', 264, 18, 27),
(2036, '2012-02-21 16:00:00', 0.998, 0.999, 1.002, 1.001, '23:33:11', '15:59:19', NULL, NULL, '', '2017-09-11 00:48:00', 269, 10, 11),
(2037, '2012-02-19 16:00:00', 1.363, 1.362, 1.363, 1.363, '19:59:30', '15:59:35', NULL, 110, 'SITE IS LOCATED NEA BRGY MASOC HALL\nULYSSES GAMBOA- BRGY TREASURER (CONTACT PERSON)', '2017-09-11 01:20:59', 266, 29, 6),
(2038, '2012-02-21 16:00:00', 1.361, 1.361, 1.361, 1.361, '22:39:30', NULL, NULL, 245, '', '2017-09-11 01:23:17', 228, 6, 17),
(2039, '2012-02-22 16:00:00', 1.361, 1.361, 1.361, 1.361, '16:00:41', '17:27:45', NULL, 245, '', '2017-09-11 01:39:30', 228, 6, 17),
(2040, '2012-04-10 16:00:00', 0.1865, 0.1865, 0.1865, 0.1865, '16:00:42', '15:59:46', NULL, NULL, '', '2017-09-11 01:41:28', 314, 8, 13),
(2041, '2012-04-08 16:00:00', 0.187, 0.187, 0.187, 0.187, '01:20:50', '15:59:59', NULL, NULL, '', '2017-09-11 01:42:39', 314, 8, 13),
(2042, '2012-04-09 16:00:00', 0.1865, 0.1865, 0.1865, 0.1865, '16:00:14', '15:59:17', NULL, NULL, '', '2017-09-11 01:44:00', 314, 8, 13),
(2043, '2012-04-11 16:00:00', 0.1865, 0.1865, 0.1865, 0.1865, '16:00:37', NULL, NULL, NULL, '', '2017-09-11 01:45:15', 314, 8, 13),
(2044, '2012-04-12 16:00:00', 0.1865, 0.1865, 0.1865, 0.1865, '16:00:58', '02:10:02', NULL, NULL, '', '2017-09-11 01:46:43', 314, 8, 13),
(2045, '2012-11-16 16:00:00', 1.499, 1.498, 1.5, 1.5, '21:37:05', NULL, NULL, 315, 'THE WEATHER IS FAIR DURING THE INSTALLATION BUT THE SITE WAS PARTIALLY FLOODED DUE TO A HEAVY RAIN A NIGHT BEFORE THE INSTALLATION', '2017-09-11 02:02:13', 331, 7, 16),
(2046, '2012-11-17 16:00:00', 1.499, 1.499, 1.499, 1.5, '16:00:34', NULL, NULL, NULL, 'SUNNY DAY-WEATHER', '2017-09-11 02:20:29', 331, 7, 16),
(2047, '2012-11-19 16:00:00', 1.485, 1.499, 1.5, 1.5, '16:00:41', '16:48:44', NULL, NULL, '', '2017-09-11 07:47:26', 331, 7, 16),
(2048, '2012-11-18 16:00:00', 1.498, 1.499, 1.5, 1.5, '16:00:11', NULL, NULL, NULL, 'WEATHER FAIR', '2017-09-11 07:48:57', 331, 7, 16),
(2049, '2012-11-17 16:00:00', 1.417, 1.417, 1.417, 1.417, '17:49:43', NULL, NULL, 315, 'BATTERY VOLTAGE- 12.59V\nVERY SUNNY WEATHER', '2017-09-11 07:50:58', 332, 19, 28),
(2050, '2012-11-19 16:00:00', 1.417, 1.417, 1.417, 1.417, '16:00:47', '21:30:52', NULL, 315, 'NOTE:\nANTENJNA CABLE DISCONNECTED HIT SOCCER BALL AND IT WAS ALREADY REPORTED TO DOC TOTO\nWEATHER- RAINY DAY', '2017-09-11 07:53:39', 332, 19, 28),
(2051, '2012-11-19 16:00:00', 1.3, 1.3, 1.3, 1.3, '01:15:04', NULL, NULL, NULL, 'SCATTERED SHOWER RAIN', '2017-09-11 08:08:13', 333, 7, 16),
(2052, '2012-11-21 16:00:00', 1.3, 1.3, 1.3, 1.3, '16:00:11', NULL, NULL, NULL, 'BATTERY VOLTAGE WITH LOAD 12.25\nBATTERY VOLTAGE- 12.42V\nFAIR WEATHER', '2017-09-11 08:10:59', 333, 7, 16),
(2053, '2012-11-20 16:00:00', 1.3, 1.3, 1.3, 1.3, '16:00:07', NULL, NULL, NULL, 'VOLTAGE 12.44V\nWEATHER- SUNNY DAY', '2017-09-11 08:28:50', 333, 7, 16),
(2054, '2012-11-22 16:00:00', 1.3, 1.3, 1.3, 1.3, '16:00:04', '16:42:15', NULL, 210, 'FAIR WEATHER', '2017-09-11 08:32:10', 333, 7, 16),
(2055, '2012-11-20 16:00:00', 1.377, 1.377, 1.377, 1.377, '17:00:15', NULL, NULL, NULL, '', '2017-09-13 00:23:52', 334, 19, 28),
(2056, '2012-11-21 16:00:00', 1.378, 1.378, 1.378, 1.379, '16:00:04', NULL, NULL, 345, 'BATTERY VOLTAGE 12.37V\nFAIR WEATHER', '2017-09-13 00:48:08', 334, 19, 28),
(2057, '2012-11-22 16:00:00', 1.379, 1.379, 1.379, 1.379, '16:00:29', '17:45:43', NULL, 350, 'CLOUDY WEATHER', '2017-09-13 01:17:54', 334, 19, 28),
(2058, '2012-11-22 16:00:00', 1.394, 1.394, 1.394, 1.394, '22:42:51', NULL, NULL, 250, 'SUNNY DAY-WEATHER', '2017-09-13 01:39:57', 335, 7, 16),
(2059, '2012-11-23 16:00:00', 1.394, 1.394, 1.394, 1.394, '16:00:21', NULL, NULL, 250, 'SUNNY DAY', '2017-09-13 01:46:05', 335, 7, 16),
(2060, '2012-11-24 16:00:00', 1.394, 1.394, 1.394, 1.394, '16:00:40', NULL, NULL, 250, 'WEATHER-SUNNY DAY', '2017-09-13 02:52:33', 335, 7, 16),
(2061, '2012-11-25 16:00:00', 1.394, 1.394, 1.394, 1.394, '16:00:05', '16:00:09', NULL, 250, '', '2017-09-13 02:53:47', 335, 7, 16),
(2062, '2012-03-05 16:00:00', 1.524, 1.524, 1.525, 1.524, '16:00:15', '15:59:19', NULL, 225, '23:45 : {DOY 066}\nS (#5) : 1.524M\nE (#7) : 1.524M\nW (#3) : 1.524M\nN (#1) : 1.524M', '2017-09-13 03:02:13', 344, 5, 14),
(2063, '2012-03-04 16:00:00', 1.524, 1.524, 1.525, 1.524, '16:00:46', '15:59:50', NULL, 225, '', '2017-09-13 03:03:35', 344, 5, 14),
(2064, '2012-03-06 16:00:00', 1.489, 1.4885, 1.49, 1.49, '16:00:46', '22:54:50', NULL, NULL, '', '2017-09-13 03:15:32', 345, 9, 22),
(2065, '2012-03-05 16:00:00', 1.489, 1.489, 1.49, 1.49, '16:00:08', '15:59:13', NULL, 160, '04:44 UTC RESTART AND BATTERY REPLACEMENT\n\"RESTARTED AFTER BATTERY REPLACEMENT AND DATA DOWNLOAD\"', '2017-09-13 03:17:46', 345, 9, 22),
(2066, '2012-03-04 16:00:00', 1.489, 1.489, 1.49, 1.49, '16:00:18', '15:59:22', NULL, 45, 'BATTERY: 11:58V {10:30 LOCAL TIME}', '2017-09-13 03:19:36', 345, 9, 22),
(2067, '2012-03-03 16:00:00', 1.336, 1.336, 1.336, 1.336, '21:20:56', '15:30:01', NULL, NULL, 'MANUEL MORALES- CARE TAKER', '2017-09-13 03:21:58', 347, 19, 28),
(2068, '2012-03-04 16:00:00', 1.336, 1.336, 1.336, 1.336, '16:00:29', NULL, NULL, NULL, '', '2017-09-13 03:23:09', 347, 19, 28),
(2069, '2012-03-06 16:00:00', 1.374, 1.376, 1.376, 1.375, '16:00:39', '21:12:42', NULL, NULL, '', '2017-09-13 07:22:34', 349, 20, 10),
(2070, '2012-03-05 16:00:00', 1.374, 1.376, 1.376, 1.375, '16:00:16', '15:59:21', NULL, NULL, '', '2017-09-13 07:24:11', 349, 20, 10),
(2071, '2012-03-04 16:00:00', 1.374, 1.376, 1.376, 1.375, '16:00:58', '15:59:27', NULL, 315, '11.87V ( 12:05 LOCAL TIME)\nALSO, LOGGING STOPPED TEMPORARILY TO RE-ALIGN PLUMB', '2017-09-13 07:28:59', 349, 20, 10),
(2072, '2012-03-06 16:00:00', 1.519, 1.52, 1.52, 1.52, '16:00:33', '23:15:37', NULL, 190, 'FAIR WEATHER\nBATTERY - 12.37V', '2017-09-13 07:31:34', 350, 21, 37),
(2073, '2012-03-05 16:00:00', 1.519, 1.52, 1.52, 1.52, '16:00:19', '15:59:23', NULL, 190, 'FAIR WEATHER\nREPLACED BATTERY - 12.49V\nNEW BATTERY- 12.83V\n\nPUPILS WERE CAUGHT PLAYING INSIDE THE TEMPORARY FENCE\n', '2017-09-13 07:42:56', 350, 21, 37),
(2074, '2012-03-04 16:00:00', 1.519, 1.52, 1.52, 1.52, '16:00:33', '15:59:38', NULL, 190, 'fair weather\nreplaced battery: 11.88V\nNEW BATTERY : 12.68V', '2017-09-13 07:45:15', 350, 21, 37),
(2075, '2012-03-05 16:00:00', 1.476, 1.477, 1.477, 1.477, '16:00:14', '15:59:20', NULL, 135, 'SUNNY\nREPLACED BATTERY- 12.16V\nNEW BATTERY- 13.11V', '2017-09-13 07:53:25', 352, 22, 36),
(2076, '2012-03-04 16:00:00', 1.476, 1.477, 1.477, 1.477, '16:00:57', '15:59:59', NULL, 135, 'fair weather\nreplaced battery : 12.08V\nNew battery : 12.67V', '2017-09-13 07:55:11', 352, 22, 36),
(2077, '2012-03-06 16:00:00', 1.476, 1.477, 1.477, 1.477, '16:00:37', '20:22:41', NULL, 135, 'SUNNY \nBATTERY- 12.43V', '2017-09-13 08:00:42', 352, 22, 36),
(2078, '2012-04-10 16:00:00', 4.84, 4.84, 4.84, 4.84, '21:15:22', NULL, NULL, NULL, 'BATTERY VOLTAGE 12.22V: 12.69', '2017-09-14 00:20:18', 354, 16, 26),
(2079, '2012-04-11 16:00:00', 4.85, 4.85, 4.85, 1.849, '16:00:59', NULL, NULL, NULL, 'BATTERY VOLTAGE= 12.39V\nNOTE: ANTENNA WAS INVERTED S-N DUE TO COMPASS ERROR ARROW INDICATOR CHANGE STARTS @ 0355UTC; APRIL 12, 2012', '2017-09-14 00:22:41', 354, 16, 26),
(2080, '2012-04-12 16:00:00', 4.835, 4.837, 4.84, 4.84, '16:00:41', '21:32:44', NULL, NULL, 'BATTERY VOLTAGE 12.27V', '2017-09-14 00:24:34', 354, 16, 26),
(2081, '2012-10-15 16:00:00', 1.622, 1.622, 1.623, 1.623, '17:49:42', NULL, NULL, NULL, 'BATTERY VOLTAGE 1.12.63V\n2. 12.52V\nLAT- 10\"22\' 07.79\"\nLONG- 124 DEG 25\'19.21\"\nELEV- 72.9', '2017-09-14 00:29:41', 355, 29, 8),
(2082, '2012-10-16 16:00:00', 0, 0, 0, 0, '16:00:34', NULL, NULL, NULL, 'BATTERY VOLTAGE 12.47V', '2017-09-14 00:35:30', 355, 29, 8),
(2083, '2012-10-18 16:00:00', 1.622, 1.622, 1.622, 1.622, '16:00:19', '21:40:24', NULL, NULL, '', '2017-09-14 00:41:05', 355, 29, 8),
(2084, '2012-09-10 16:00:00', 1.279, 1.28, 1.279, 1.279, '16:00:59', NULL, NULL, NULL, '', '2017-09-14 01:04:40', 357, 2, 9),
(2085, '2012-09-10 16:00:00', 1.279, 1.28, 1.279, 1.279, '16:00:40', '15:30:44', NULL, NULL, 'SUNNY DAY\nCONTACT PERSOM: MARIANO BANTILAN', '2017-09-14 01:06:49', 357, 2, 9),
(2086, '2012-04-13 16:00:00', 4.81, 4.81, 4.815, 4.815, '19:45:21', NULL, NULL, NULL, 'BATTERY VOLTAGE= 12.25V; 12.23V', '2017-09-14 01:10:21', 358, 19, 28),
(2087, '2017-04-11 16:00:00', 4.809, 4.81, 4.81, 4.81, '16:00:46', NULL, NULL, NULL, 'NOTE: ANTENNA DIRECTION WAS INVERTED FROM S-N DUE TO COMPASS ERROR N ARROW INDICATOR\nBATTERY VOLTAGE = 12.6V\nCHANGE START @ 0316 UTC. APRIL 12, 2012', '2017-09-14 01:15:25', 358, 19, 28),
(2088, '2012-04-12 16:00:00', 4.805, 4.805, 4.808, 4.808, '16:00:29', '19:47:32', NULL, NULL, 'BATTERY VOLTAGE= 12.2V', '2017-09-14 01:33:23', 358, 19, 28),
(2089, '2012-10-15 16:00:00', 1.525, 1.525, 0.525, 1.525, '16:00:44', NULL, NULL, NULL, 'BATTERY VOLTAGE= 12.85V', '2017-09-14 01:35:34', 359, 4, 28),
(2090, '2012-10-16 16:00:00', 0, 0, 0, 0, '16:00:57', NULL, NULL, NULL, 'BATTERY VOLTAGE= 12.48V\nREMARKS: NO POWER INDICATOR AT A & B', '2017-09-14 01:37:07', 359, 4, 28),
(2091, '2012-10-17 16:00:00', 1.525, 1.526, 1.526, 1.527, '17:38:30', NULL, NULL, NULL, 'BATTERY VOLTAGE= 12.31V', '2017-09-14 01:38:27', 359, 19, 28),
(2092, '2012-10-18 16:00:00', 1.526, 1.526, 1.526, 1.527, '16:00:43', '20:00:49', NULL, NULL, '', '2017-09-14 02:03:31', 359, 19, 28),
(2093, '2012-10-14 16:00:00', 1.536, 1.536, 1.536, 1.536, '18:39:31', NULL, NULL, NULL, 'LAT- 10 DEG 17\'46.01\"\nLONG- 125 DEG 03\'09.48\"\nELEV- 78\nPOWER- 12.46', '2017-09-14 02:06:57', 360, 28, 8),
(2094, '2012-10-15 16:00:00', 0, 0, 0, 0, '16:00:13', NULL, NULL, NULL, '', '2017-09-14 02:07:49', 360, 28, 8),
(2095, '2012-10-16 16:00:00', 0, 0, 0, 0, '16:00:31', NULL, NULL, NULL, '', '2017-09-14 02:09:07', 360, 28, 8),
(2096, '2012-10-18 16:00:00', 1.534, 1.536, 1.536, 1.534, '16:00:10', '18:20:14', NULL, NULL, '', '2017-09-14 02:20:03', 360, 28, 8),
(2097, '2012-04-09 16:00:00', 1.16, 1.16, 1.16, 1.161, '23:57:29', NULL, NULL, 235, 'BATTERY VOLTAGE 12.39V\nLAT 9.41\', 18.24\" LONG 123.51\' 49.5\"', '2017-09-14 05:23:15', 364, 29, 7),
(2098, '2012-04-10 16:00:00', 1.161, 1.161, 1.161, 1.161, '16:00:11', NULL, NULL, NULL, 'BATTERY VOLTAGE + 11.88V', '2017-09-14 05:26:16', 364, 29, 7),
(2099, '2012-04-11 16:00:00', 1.161, 1.161, 1.161, 1.161, '16:00:36', NULL, NULL, NULL, 'BATTERY VOLTAGE = 11.98V ; 11.89V', '2017-09-14 05:27:34', 364, 29, 7),
(2100, '2012-04-12 16:00:00', 1.16, 1.16, 1.16, 1.161, '16:00:52', '00:27:57', NULL, NULL, 'BATTERY VOLTAGE = 12.26V; 12.21', '2017-09-14 05:28:55', 364, 29, 7),
(2101, '2012-10-15 16:00:00', 1.553, 1.554, 1.554, 1.553, '22:14:45', NULL, NULL, NULL, 'BATTERY VOLTAGE 12.73V', '2017-09-14 05:30:48', 365, 5, 14),
(2102, '2012-10-16 16:00:00', 0, 0, 0, 0, '16:00:14', NULL, NULL, NULL, 'BATTERY VOLTAGE 12.53V', '2017-09-14 05:32:03', 365, 5, 14),
(2103, '2012-10-18 16:00:00', 1.553, 1.553, 1.554, 1.553, '16:00:28', '17:52:32', NULL, NULL, '', '2017-09-14 05:33:11', 365, 5, 14),
(2104, '2012-04-09 16:00:00', 1.415, 1.415, 1.416, 1.416, '20:53:27', NULL, NULL, 135, '', '2017-09-15 01:43:04', 341, 5, 45),
(2105, '2012-04-11 16:00:00', 1.415, 1.415, 1.416, 1.416, '16:00:34', '15:35:38', NULL, 135, '', '2017-09-15 01:48:43', 341, 5, 45),
(2106, '2012-04-12 16:00:00', 1.415, 1.415, 1.416, 1.416, '16:00:09', NULL, NULL, NULL, '', '2017-09-15 01:51:39', 341, 5, 45),
(2107, '2012-09-10 16:00:00', 1.347, 1.347, 1.348, 1.348, '16:00:14', NULL, NULL, NULL, 'SUNNY DAY \nREPLACE WORN-OUT BATTERY CONNECTORS', '2017-09-15 01:54:01', 363, 9, 45),
(2108, '2012-11-22 16:00:00', 0, 0, 0, 0, '16:00:36', NULL, NULL, NULL, '', '2017-09-15 02:57:02', 336, 31, 45),
(2109, '2012-02-19 16:00:00', 1.216, 1.217, 1.22, 1.219, '01:38:24', '15:59:34', NULL, NULL, '', '2017-09-15 02:59:05', 270, 31, 45),
(2110, '2012-02-20 16:00:00', 1.216, 1.217, 1.221, 1.219, '16:00:13', '15:59:18', NULL, NULL, '', '2017-09-15 03:00:44', 270, 31, 45),
(2111, '2012-02-19 16:00:00', 1.065, 1.065, 1.066, 1.066, '22:34:04', '15:59:11', NULL, NULL, '', '2017-09-15 03:02:37', 268, 31, 45),
(2112, '2012-02-20 16:00:00', 0, 0, 0, 0, '16:00:55', '15:59:59', NULL, NULL, '', '2017-09-15 03:05:13', 268, 31, 45),
(2113, '2012-03-02 16:00:00', 1.516, 1.516, 1.517, 1.517, '18:00:12', NULL, NULL, NULL, 'BEARING: 210DEG\nTIME:2:00PM\nBATTERY VOLTAGE 12.40V\nGPS INSTRUMENT PULLED OUT ON MARCH 8, 2012 AT 7:30AM\n\nMARCH 5, 2012\n12.19V - TIME: 1:04PM\nMARCHY 6, 2012\n12.58V- REPLACED 07:00AM (12.27V)-REPLACED TAKEN OFF\nRECEIVER: TURNED OFF WHEN WE ARRIVED', '2017-09-15 03:25:35', 244, 18, 27),
(2114, '2012-03-02 16:00:00', 0, 0, 0, 0, '16:00:44', NULL, NULL, NULL, 'TIME: BATTERY VOLTAGE: 12.22V\nMARCH 5, 2012\n12.15V- REPLACED\n12.27V 05 MARCH 2012\nMARCH 6, 2012- BATTERY- 12.27V- 8:45AM\nGPS INSTRUMENT PULLED OUT ON MARCH 7, 2012', '2017-09-15 03:30:51', 744, 32, 46),
(2115, '2012-04-14 16:00:00', 0, 0, 0, 0, '22:38:34', NULL, NULL, NULL, 'POWER WITH LOAD= 14.04V\nLAT 10 DEG 25\" 48.21 N \nLAG 123 DEG 10\' .38.92\" E\nH= 1063.1 M', '2017-09-15 05:29:22', 227, 33, 6),
(2116, '2012-04-15 16:00:00', 0.226, 0.226, 0.226, 0.226, '18:23:42', NULL, NULL, NULL, '', '2017-09-15 05:31:52', 227, 33, 6),
(2117, '2012-04-14 16:00:00', 0.188, 0.188, 0.188, 0.188, '20:10:26', NULL, NULL, NULL, '', '2017-09-15 06:31:54', 222, 31, 45),
(2118, '2012-04-14 16:00:00', 1.255, 1.255, 1.255, 1.254, '17:27:04', '15:59:12', NULL, NULL, '', '2017-09-15 06:36:56', 221, 31, 45),
(2119, '2012-04-15 16:00:00', 1.255, 1.2545, 1.255, 1.255, '16:00:27', NULL, NULL, NULL, '', '2017-09-15 06:38:51', 221, 31, 45),
(2120, '2012-04-15 16:00:00', 0.141, 0.141, 0.141, 0.141, '19:52:47', NULL, NULL, NULL, '', '2017-09-15 06:41:13', 215, 31, 45),
(2121, '2012-04-15 16:00:00', 1.51, 1.51, 1.515, 1.515, '01:05:44', NULL, NULL, NULL, '', '2017-09-15 06:45:09', 217, 31, 45),
(2122, '2012-04-15 16:00:00', 1.51, 1.51, 1.515, 1.515, '16:00:51', NULL, NULL, NULL, '12.45V', '2017-09-15 07:07:51', 217, 31, 45),
(2123, '2012-08-09 16:00:00', 0, 0, 0, 0, '16:00:39', NULL, NULL, NULL, '', '2017-09-15 07:55:03', 194, 31, 45),
(2124, '2012-10-11 16:00:00', 0, 0, 0, 0, '16:00:52', NULL, NULL, NULL, 'BATTERY VOLTAGE= 12.36V', '2017-09-15 07:56:34', 636, 31, 45),
(2125, '2012-10-12 16:00:00', 0, 0, 0, 0, '16:00:18', NULL, NULL, NULL, 'BATTERY VOLTAGE= 12.25V', '2017-09-15 08:04:40', 636, 31, 45),
(2126, '2012-10-13 16:00:00', 0, 0, 0, 0, '16:00:58', '14:00:00', NULL, NULL, '', '2017-09-15 08:07:25', 636, 31, 45),
(2127, '2012-10-13 16:00:00', 1.581, 1.58, 1.58, 1.581, '16:00:31', '16:28:35', NULL, NULL, '', '2017-09-15 08:09:03', 138, 31, 45),
(2128, '2012-10-11 16:00:00', 0, 0, 0, 0, '16:00:02', NULL, NULL, NULL, 'BATTERY VOLTAGE\nCHANGE BATTERY= 12.36V', '2017-09-15 08:11:27', 137, 31, 45),
(2129, '2012-10-12 16:00:00', 0, 0, 0, 0, '16:00:03', NULL, NULL, NULL, 'BATTERY VOLTRAGE= 12.16V', '2017-09-15 08:12:25', 137, 31, 45),
(2130, '2012-10-13 16:00:00', 0, 0, 0, 0, '16:00:44', '20:46:47', NULL, NULL, '', '2017-09-18 03:22:05', 137, 31, 45),
(2131, '2012-04-15 16:00:00', 1.2385, 1.2395, 1.24, 1.24, '16:00:46', NULL, NULL, NULL, '', '2017-09-18 03:27:07', 116, 31, 45),
(2132, '2012-04-14 16:00:00', 1.238, 1.239, 1.2345, 1.239, '00:40:12', '15:59:17', NULL, NULL, '', '2017-09-18 08:01:36', 116, 31, 45),
(2133, '2012-04-10 16:00:00', 1.564, 1.564, 1.565, 1.564, '18:16:49', '15:59:54', NULL, NULL, 'Battery 13.0v', '2017-09-18 08:21:19', 57, 31, 45),
(2134, '2012-04-11 16:00:00', 1.564, 1.564, 1.565, 1.564, '16:00:18', '15:59:24', NULL, NULL, 'BATTERY 12.11V', '2017-09-18 08:22:56', 57, 31, 45),
(2135, '2012-02-15 16:00:00', 1.2865, 1.2865, 1.2875, 1.288, '22:35:22', '18:10:26', NULL, 50, '', '2017-09-18 08:25:45', 161, 8, 13),
(2136, '2012-02-16 16:00:00', 0, 0, 0, 0, '16:00:04', '15:59:04', NULL, NULL, '', '2017-09-20 00:44:21', 147, 31, 45),
(2137, '2012-02-16 16:00:00', 0, 0, 0, 0, '16:00:49', '15:59:54', NULL, NULL, '', '2017-09-20 00:48:26', 147, 31, 45),
(2138, '2012-02-15 16:00:00', 1.322, 1.322, 1.323, 1.3225, '22:55:37', '15:59:41', NULL, NULL, '', '2017-09-20 00:56:57', 147, 31, 45),
(2139, '2012-02-17 16:00:00', 1.168, 1.172, 1.171, 1.169, '00:15:57', NULL, NULL, NULL, '2ND HEIGHT MEASURE\nE: 1.171M\nS: 1.173M', '2017-09-20 00:59:46', 8, 31, 45),
(2140, '2012-02-22 16:00:00', 1.428, 1.427, 1.428, 1.428, '16:55:30', '15:59:36', NULL, NULL, '', '2017-09-20 02:45:57', 110, 29, 6),
(2141, '2012-02-14 16:00:00', 1.439, 1.438, 1.438, 1.439, '22:31:07', '15:59:26', NULL, NULL, '', '2017-09-22 01:23:41', 437, 29, 8),
(2142, '2012-02-15 16:00:00', 1.326, 1.325, 1.325, 1.327, '16:00:09', '15:59:33', NULL, NULL, '', '2017-09-22 01:32:55', 112, 31, 45),
(2143, '2012-02-15 16:00:00', 1.326, 1.326, 1.326, 1.326, '01:15:40', '15:59:47', NULL, NULL, 'CARETAKERS : JOHNREY SIMANGON & KIM TORIO\nLODGING: TAMPCO INN & TRAINING CENTER, TABUK CITY PROPER', '2017-09-22 01:36:19', 112, 31, 45),
(2144, '2012-10-03 16:00:00', 1.426, 1.426, 1.426, 1.426, '18:43:54', NULL, NULL, 180, '', '2017-09-22 02:43:11', 322, 20, 21),
(2145, '2012-02-14 16:00:00', 1.252, 1.252, 1.253, 1.252, '16:00:59', '15:59:04', NULL, NULL, '', '2017-09-22 03:11:11', 39, 31, 45),
(2146, '2012-02-14 16:00:00', 1.252, 1.252, 1.253, 1.252, '16:00:16', '15:59:20', NULL, NULL, 'PULLED OUT ON 16 FEB 2012; 9:00AM LOCAL TIME', '2017-09-22 03:18:56', 39, 31, 45),
(2147, '2014-09-24 16:00:00', 1.324, 1.324, 1.324, 1.324, '04:45:10', '17:29:18', NULL, NULL, '', '2017-09-27 00:26:21', 199, 31, 45),
(2148, '2014-09-26 16:00:00', 1.324, 1.324, 1.324, 1.324, '16:00:16', NULL, NULL, NULL, '', '2017-09-27 00:27:20', 199, 31, 45),
(2149, '2014-09-25 16:00:00', 1.227, 1.226, 1.227, 1.228, '03:26:42', '17:45:48', NULL, 10, 'USING LOCAL TIME\nFAIR WEATHER', '2017-09-27 00:31:59', 114, 31, 45),
(2150, '2014-06-22 16:00:00', 1.242, 1.244, 1.243, 1.24, '01:05:05', '14:13:11', NULL, NULL, 'OFF DURING PULL OUT @ 9:20AM/24 JUNE \nBOX 5/C', '2017-09-27 00:34:38', 241, 31, 45),
(2151, '2014-09-27 00:37:54', 1.252, 1.253, 1.253, 1.253, '16:00:46', '15:59:50', NULL, 320, '', '2017-09-27 00:35:48', 236, 31, 45),
(2152, '2014-06-22 16:00:00', 1.082, 1.083, 1.08, 1.083, '16:00:00', '15:59:04', NULL, 303, '', '2017-09-27 00:37:04', 133, 31, 45),
(2153, '2014-06-23 16:00:00', 1.082, 1.083, 1.08, 1.083, '16:00:06', NULL, NULL, NULL, '', '2017-09-27 00:38:01', 133, 31, 45),
(2154, '2014-06-21 16:00:00', 1.082, 1.083, 1.08, 1.082, '19:25:41', '15:59:49', NULL, 303, '12.4V @ 3:50 PM / 23 JUNE', '2017-09-27 01:12:02', 133, 14, 18),
(2155, '2014-05-15 16:00:00', 1.243, 1.243, 1.243, 1.243, '19:09:26', NULL, NULL, NULL, '12.8 V BATTERIES\nINDICATOR LIGHTS- OK\nORIENTATION- OK\nBUBBLE - OK', '2017-09-27 01:14:00', 221, 31, 9),
(2156, '2014-05-16 16:00:00', 1.243, 1.243, 1.243, 1.243, '16:00:34', NULL, NULL, NULL, '12.3V BATTERIES\nINDICATOR LIGHTS OK\nORIENTATION OK', '2017-09-27 01:16:55', 221, 31, 9),
(2157, '2014-05-20 16:00:00', 0.234, 0.234, 0.234, 0.234, '16:00:47', '22:13:51', NULL, NULL, '', '2017-09-27 01:18:48', 227, 5, 16),
(2158, '2014-05-19 16:00:00', 0.234, 0.234, 0.234, 0.234, '16:00:49', '15:59:53', NULL, NULL, '', '2017-09-27 01:19:48', 227, 5, 16),
(2159, '2014-05-18 16:00:00', 0.234, 0.234, 0.234, 0.234, '16:00:43', '15:59:47', NULL, NULL, '', '2017-09-27 01:20:44', 227, 5, 16),
(2160, '2012-05-17 16:00:00', 0.234, 0.234, 0.234, 0.234, '22:10:45', '15:59:49', NULL, NULL, '', '2017-09-27 01:21:45', 227, 5, 16),
(2161, '2014-05-11 16:00:00', 1.373, 1.373, 1.373, 1.373, '21:52:45', NULL, NULL, NULL, '12.5V\nALL INDICATOR LIGHTS OK', '2017-09-27 01:30:03', 262, 2, 9);
INSERT INTO `campaign_logsheets` (`id`, `date`, `height_north_meters`, `height_east_meters`, `height_south_meters`, `height_west_meters`, `time_start`, `time_end`, `failure_time`, `azimuth`, `notes`, `createdAt`, `site_id`, `antenna_id`, `receiver_id`) VALUES
(2162, '2014-05-13 16:00:00', 1.37, 1.37, 1.37, 1.37, '16:00:22', '00:36:27', NULL, NULL, '12.3V BATTERIES\nINDICATOR LIGHTS OK', '2017-09-27 01:31:39', 262, 2, 9),
(2165, '2014-05-12 16:00:00', 1.373, 1.373, 1.373, 1.373, '16:00:49', NULL, NULL, NULL, '12.3 V BATTERIES\nINDICATOR LIGHTS OK\nORIENTATION OK\nBUBBLE CENTERED', '2017-09-27 01:33:31', 262, 2, 9),
(2166, '2014-03-14 16:00:00', 1.503, 1.503, 1.503, 1.503, '05:39:15', NULL, NULL, NULL, 'UTC 05:39\n-OVERCAST WEATHER DURING THE INSTAALATION OF GPS\n-OVERCAS', '2017-09-27 02:30:22', 350, 22, 37),
(2167, '2014-03-15 16:00:00', 1.472, 1.472, 1.472, 1.472, '01:31:53', NULL, NULL, NULL, 'OFF TO SAMAL ISLAND @8:00PM\nHAD A TALK WITH ONE OF THE TEACHER LIVING NEAR THE SCHOOL AND ASKED PERMISSION\nLINOEL AS THE CARE TAKER FOR SMSK BENCH MARK\nSUNNY DAY\nGOING BACK TO MAIN LAND @ 10:23AM\nBATTERY 12.67V', '2017-09-27 05:53:31', 352, 21, 36),
(2168, '2014-02-12 16:00:00', 1.292, 1.291, 1.292, 1.292, '16:00:38', '22:18:42', NULL, NULL, 'FAIR WEATHER\n12:32 VOLTS', '2017-09-28 01:52:45', 194, 31, 45),
(2169, '2013-05-19 16:00:00', 1.459, 1.46, 1.461, 1.461, '04:29:20', NULL, NULL, NULL, 'BATTERY VOLTAGE 12.78V\n12.40V', '2017-09-28 02:13:15', 325, 31, 45),
(2170, '2013-07-17 16:00:00', 1.495, 1.495, 1.494, 1.495, '16:00:42', NULL, NULL, 205, '', '2017-09-28 02:15:14', 367, 31, 22),
(2171, '2013-07-18 16:00:00', 0, 0, 0, 0, '16:00:51', NULL, NULL, NULL, 'RECEIVER IS SHUTTING OFF\nRECEIVER NEEDS TO BE CHECKED BEFORE NEXT SURVEY. RDC', '2017-09-28 02:17:11', 367, 31, 22),
(2172, '2013-07-16 16:00:00', 1.495, 1.495, 1.494, 1.495, '22:47:35', NULL, NULL, 205, 'CHANGE BATTERY 07/18/2013 @ 08202 P1=12.28V', '2017-09-28 02:22:42', 367, 31, 22),
(2173, '2013-07-18 16:00:00', 1.421, 1.422, 1.422, 1.422, '00:55:45', '16:24:51', NULL, 142, 'POWER 12.6V\nCHANGED BATTERY WITH LOAD 12.2', '2017-09-28 02:30:45', 375, 20, 16),
(2174, '2013-07-16 16:00:00', 1.422, 1.423, 1.422, 1.422, '01:57:04', NULL, NULL, NULL, 'BUBBLE CENTERED, PLUMBLINE OK\nCHANGED  BATTERY 2013 JULY 18 @ 0951 P= 12.18WITHOUT LOAD\n12.14 WITH LOAD\nCARETAKER: ENRIQUE SEMBLING\nSTO NINO, HINATUAN\n09305102248', '2017-09-28 03:04:34', 375, 20, 16),
(2175, '2013-07-17 16:00:00', 1.421, 1.422, 1.422, 1.422, '16:00:21', NULL, NULL, NULL, '', '2017-09-28 03:06:04', 375, 20, 16),
(2176, '2013-07-16 16:00:00', 1.483, 1.483, 1.484, 1.484, '17:39:12', '18:53:20', NULL, 269, '07/18/2013 0019 BATTERY CHANGE 12.2\n07/19/2013\n0146 CHANGE BATTERY 12.1', '2017-09-28 03:09:02', 252, 13, 19),
(2177, '2013-10-19 16:00:00', 1.388, 1.375, 1.388, 1.388, '16:00:08', NULL, NULL, NULL, 'TRIBRACH BUBBLE WAS ADJUSTED TO THE CENTER\nPOWER INTERRUPTION FOR FEW SECONDS DURING CONNECTION OF APT BATTERY ( CONNECTOR/ TERMINAL WAS ACCIDENTALLY DISCOUNTED)', '2017-09-28 03:12:20', 358, 31, 45),
(2178, '2013-10-17 16:00:00', 1.388, 1.388, 1.388, 1.388, '16:00:30', NULL, NULL, NULL, '', '2017-09-28 03:14:01', 358, 31, 45),
(2179, '2013-10-20 16:00:00', 1.389, 1.39, 1.39, 1.39, '16:00:40', NULL, NULL, NULL, 'TRIBRACH BUBBLE WAS ADJUSTED TO THE CENTER', '2017-09-28 03:15:39', 358, 31, 45),
(2180, '2013-10-24 16:00:00', 1.388, 1.388, 1.388, 1.388, '16:00:12', '23:00:15', NULL, NULL, '', '2017-09-28 03:16:56', 358, 31, 45),
(2181, '2013-05-25 16:00:00', 1.323, 1.323, 1.323, 1.323, '16:00:46', '20:12:49', NULL, 130, '', '2017-09-28 03:19:25', 814, 16, 26),
(2182, '2013-05-24 16:00:00', 1.323, 1.323, 1.323, 1.323, '21:40:45', '15:59:50', NULL, 130, '', '2017-09-28 03:21:45', 814, 16, 26),
(2183, '2013-05-23 16:00:00', 1.329, 1.329, 1.329, 1.329, '22:05:55', '21:37:01', NULL, 130, 'STATION (QZN4) IS LOCATED ON THE PLAYGROUND (OVAL) OF REAL ELEMENTARY SCHOOL. IT IS APPROXIMATELY 80M SOUTHEAST OF DENR BUILDING, ABOUT 20M NORTHWEST OF THE COVERED COURT, 30M NORTHWEST OF BARANGAY HALL OF BRGY 61 AND APPROXIMATELY 90M NORTHEAST OF PUBLIC', '2017-09-28 03:26:35', 814, 16, 26),
(2184, '2013-05-25 16:00:00', 1.455, 1.455, 1.455, 1.455, '16:00:59', '14:29:01', NULL, NULL, 'BATTERY VOLTAGE 12.25V\n12.79V', '2017-09-28 06:04:49', 327, 31, 45),
(2185, '2013-03-19 16:00:00', 0, 0, 0, 0, '16:00:06', '14:38:10', NULL, NULL, '12.31V', '2017-09-28 06:06:50', 744, 31, 45),
(2186, '2013-03-18 16:00:00', 0, 0, 0, 0, '16:00:23', NULL, NULL, NULL, '', '2017-09-28 06:07:52', 744, 31, 45),
(2187, '2013-03-17 16:00:00', 0, 0, 0, 0, '15:33:04', NULL, NULL, NULL, '', '2017-09-28 06:08:37', 744, 31, 45),
(2188, '2013-03-18 16:00:00', 1.331, 1.331, 1.331, 1.331, '16:00:04', '22:15:07', NULL, NULL, '', '2017-09-28 06:11:41', 345, 20, 16),
(2189, '2013-03-18 16:00:00', 1.292, 1.292, 1.292, 1.292, '16:00:57', '20:40:01', NULL, NULL, '12.10V (3)\n12.18V (2)', '2017-09-28 06:14:53', 346, 5, 14),
(2190, '2013-03-15 16:00:00', 0, 0, 0, 0, '16:00:20', NULL, NULL, NULL, '8:15 TRIBRACH MOVE 2MM WEST', '2017-09-28 06:16:43', 744, 31, 45),
(2191, '2013-03-14 16:00:00', 0, 0, 0, 0, '10:06:46', NULL, NULL, NULL, '12.21V', '2017-09-28 06:18:44', 744, 31, 45),
(2192, '2013-03-16 16:00:00', 0, 0, 0, 0, '20:15:22', NULL, NULL, NULL, '12.28V', '2017-09-28 06:21:06', 744, 31, 45),
(2193, '2013-04-14 16:00:00', 1.51, 1.51, 1.515, 1.5154, '16:00:24', NULL, NULL, NULL, '', '2017-09-28 06:23:05', 217, 31, 45),
(2194, '2010-06-14 16:00:00', 1.47, 1.471, 1.471, 1.471, '14:39:11', '00:21:20', NULL, NULL, 'NEAR PHIVOLCS LA CARLOTA VOLCANO STATION\n6/17 - 0346-12.39 V \nN-1.470\nS- 1.470\nE-1.470\nW-1.470\n6/19-0143-12.55V (NEW BATT) N,S,E,W- SAME\n6/23-0821 12.35V - N,S,E,W- SAME-PULLOUT', '2017-09-28 06:39:04', 217, 2, 9),
(2195, '2010-06-14 16:00:00', 0, 0, 0, 0, '18:47:36', '17:50:42', NULL, NULL, '6/15 VOLTAGE - 12.75\n6/17 0142H - 12.44\n6/19 0150H-12.33V', '2017-09-28 06:48:02', 226, 20, 10),
(2196, '2010-06-14 16:00:00', 0, 0, 0, 0, '19:56:30', '18:30:36', NULL, NULL, '6/17 13.0V\n0215H\n16.4CM MEASUREMENT ', '2017-09-28 07:45:33', 224, 34, 7),
(2197, '2010-06-14 16:00:00', 0, 0, 0, 0, '21:53:19', '18:20:30', NULL, NULL, '14 CMS MEASUREMENT\n6/17 0247H-12.58V\n6/14 0320H 12.01V', '2017-09-28 07:47:38', 223, 27, 5),
(2198, '2010-06-18 16:00:00', 1.31, 1.31, 1.31, 1.31, '02:41:23', '15:59:29', NULL, 210, 'BATTERY 12.8V P2\nJUNE 2354 12.97V P2', '2017-09-29 05:29:29', 215, 34, 7),
(2199, '2010-06-18 16:00:00', 1.288, 1.288, 1.289, 1.289, '00:14:38', '17:25:49', NULL, 310, 'BATT 12.1V\nJUNE 19 - 12.1 -V\nJUNE 22-11.84V , POWER2 12.64 POWER 1\n0128H N- SAME S-SAME- E-SAME- W-SAME\nJUNE 23 N,S,E,W -SAME P1-12.7V P2-11.33\n0123H', '2017-09-29 05:32:48', 216, 27, 5),
(2200, '2010-06-18 16:00:00', 0.181, 0.181, 0.181, 0.181, '20:49:06', '20:21:14', NULL, 135, '', '2017-09-29 05:46:46', 219, 20, 10),
(2201, '2010-06-14 16:00:00', 1.329, 1.329, 1.329, 1.329, '22:57:51', '15:59:57', NULL, 315, '2 BATT WITH SOLAR PANELS\n2-M SHRUB AROUND 4M NORTH OF THE ANTENNA\nSUNNY WEATHER W/ 40% CLOUD COVER\nEDUARDO DELFIN(TANOD) LHAC- LEDESMA HERMANOS AGRICULTURE\n\"APOLINARIOBAYA- TROZO', '2017-09-29 05:51:49', 225, 19, 28),
(2202, '2010-06-15 16:00:00', 1.328, 1.329, 1.329, 1.329, '16:00:16', '15:59:21', NULL, 315, '2 BATTERIES PARALLEL W/ SV\nVISITED 0345Z 16 JUNE 2010\nENKARGADO: NESTOR VILLARIAS\n* PLUMBING OFF SET NE; ADJUSTED- NEW ANTENNA LEIGHT WRITE ON THE FRONT PAGE', '2017-09-29 06:11:09', 225, 19, 28),
(2203, '2010-06-16 16:00:00', 1.328, 1.329, 1.329, 1.329, '16:00:28', '15:59:33', NULL, 315, '*VISITED 0335Z 17 JUNE 10\n*2 BATTERIES PARALLEL WITH SP 13.5V', '2017-09-29 06:55:37', 225, 19, 28),
(2204, '2010-06-17 16:00:00', 1.328, 1.329, 1.329, 1.329, '16:00:32', '15:59:35', NULL, 315, 'MVSC TO BE OCCUPIED TO THE WHOLE DURATION OF GPS SURVEY\nJUNE 15-23 2010', '2017-10-03 02:29:04', 225, 19, 28),
(2205, '2010-06-18 16:00:00', 1.328, 1.328, 1.329, 1.329, '16:00:02', '15:59:05', NULL, 315, 'VISITED 0230Z 19 JUNE 2010\n2 BATT WITH SP 15.7V', '2017-10-03 02:31:19', 225, 19, 28),
(2206, '2010-06-19 16:00:00', 1.328, 1.328, 1.329, 1.329, '16:00:08', '15:59:12', NULL, 315, 'CONTINUOUS RECORDING SINCE 15 JUNE 2010', '2017-10-03 02:32:53', 225, 19, 28),
(2207, '2010-06-20 16:00:00', 1.328, 1.328, 1.329, 1.329, '16:00:34', NULL, NULL, 315, 'VISITED  0758Z 21 JUNE 2010\n2 BATTERIES PARALLEL ', '2017-10-03 02:34:41', 225, 19, 28),
(2208, '2010-06-21 16:00:00', 1.328, 1.329, 1.329, 1.329, '16:00:18', '15:49:22', NULL, NULL, 'CONITNUOUS RECORDING\nPULLED OUT 2349Z 22 JUNE 2010', '2017-10-03 02:36:16', 225, 19, 28),
(2209, '2010-06-14 16:00:00', 1.281, 1.281, 1.281, 1.281, '18:00:44', '15:59:48', NULL, NULL, 'ANTENNA INSTALLED ON TOP OF THE INSTRUMENT  SHELF- MANSALANAO\nREPEATER STATION\nSUNNY DAY\nPRELIM LOCATION: 10 DEG 20\' 28.25\n123 DEG 05\'32.41\nELEV 394.7M', '2017-10-03 02:40:59', 222, 28, 8),
(2210, '2010-06-15 16:00:00', 1.281, 1.281, 1.281, 1.281, '16:00:48', '15:59:53', NULL, NULL, 'POWER 1 12.74 V = 3 BATTERIES PARALLEL WITH SOLAR PANEL\nVISITED 0135Z 16 JUNE 2010\nLAT 10 DEG 26\'28.26 N\nLONG 123 DEG 05\'\' 32.415\n391 AM\nMEASURED ANTENNA HEIGHT. ANTENNA BASE WITHOUT TRIBRACH 12.1- ENCODED ANTENNA LIGHTS AT THE RECEIVER\nVISITED 0132Z 17 J', '2017-10-03 02:47:37', 222, 28, 8),
(2211, '2016-03-18 16:00:00', 1.4498, 1.449, 1.45, 1.4495, '16:00:02', '18:50:06', NULL, NULL, '', '2017-10-06 06:25:51', 192, 31, 45),
(2212, '2016-04-18 16:00:00', 0.182, 0.182, 0.182, 0.182, '01:23:19', '15:59:26', NULL, NULL, '', '2017-10-06 07:46:10', 314, 11, 16),
(2213, '2016-05-27 16:00:00', 1.188, 1.188, 1.188, 1.188, '16:00:23', '15:59:27', NULL, 11, '', '2017-10-09 02:47:05', 277, 35, 47),
(2214, '2016-05-22 16:00:00', 1.2575, 1.258, 1.2585, 1.2585, '00:19:56', '15:59:02', NULL, 318, '', '2017-10-09 02:48:43', 157, 35, 47),
(2215, '2016-05-30 16:00:00', 1.1905, 1.191, 1.1915, 1.1915, '16:00:49', NULL, NULL, 348, '', '2017-10-09 02:50:23', 154, 35, 47),
(2216, '2016-06-01 16:00:00', 1.26, 1.2605, 1.261, 1.261, '16:00:32', '15:00:35', NULL, 356, '', '2017-10-09 02:53:12', 383, 35, 47),
(2217, '2016-06-02 16:00:00', 1.265, 1.2655, 1.2655, 1.2655, '16:00:35', NULL, NULL, 237, '', '2017-10-09 02:54:10', 383, 35, 47),
(2218, '2016-05-30 16:00:00', 1.1105, 1.111, 1.1115, 1.1115, '16:00:12', '15:59:15', NULL, 6, '', '2017-10-09 03:24:10', 1, 8, 27),
(2219, '2016-06-01 16:00:00', 1.3305, 1.3305, 1.3315, 1.3315, '16:00:25', NULL, NULL, 267, '', '2017-10-09 03:26:01', 463, 8, 27),
(2220, '2016-05-28 16:00:00', 1.299, 1.299, 1.299, 1.2995, '23:54:30', NULL, NULL, NULL, 'END TIME 06:57 05/30/2016', '2017-10-09 06:14:43', 310, 18, 10),
(2221, '2016-06-13 16:00:00', 1.3625, 1.3625, 1.3625, 1.3615, '16:00:19', '15:59:24', NULL, 80, 'BATTERY 12.3V', '2017-10-09 06:26:11', 354, 5, 20),
(2222, '2016-06-12 16:00:00', 1.2645, 1.265, 1.266, 1.2655, '16:00:56', '15:59:00', NULL, 40, 'BATTERY 12.3V', '2017-10-09 06:30:47', 436, 13, 27),
(2223, '2016-08-23 16:00:00', 1.395, 1.395, 1.396, 1.396, '16:00:51', '15:59:55', NULL, 180, 'BATTERY VOLTAGE 12.70V', '2017-10-09 08:11:44', 351, 19, 22),
(2224, '2016-08-22 16:00:00', 1.4425, 1.4434, 1.444, 1.4435, '00:15:14', '15:59:18', NULL, 175, '', '2017-10-09 08:19:02', 244, 8, 19),
(2225, '2016-08-23 16:00:00', 1.435, 1.44, 1.445, 1.44, '16:00:43', '15:59:49', NULL, NULL, '', '2017-10-09 08:20:25', 244, 8, 19),
(2226, '2016-08-24 16:00:00', 1.4435, 1.444, 1.4445, 1.444, '16:00:56', '14:30:14', NULL, NULL, '', '2017-10-09 08:22:07', 244, 8, 19),
(2227, '2016-08-26 16:00:00', 1.4225, 1.422, 1.4225, 1.4225, '17:24:33', '15:59:41', NULL, 20, '', '2017-10-09 08:26:17', 249, 5, 20),
(2228, '2016-08-27 16:00:00', 1.4295, 1.4295, 1.4295, 1.4295, '08:52:00', '15:59:04', NULL, 340, '', '2017-10-09 08:28:44', 249, 5, 20),
(2229, '2016-09-26 16:00:00', 1.225, 1.2245, 1.225, 1.22575, '16:00:17', '01:22:20', NULL, 330, '', '2017-10-10 01:35:00', 334, 5, 20),
(2230, '2016-09-25 16:00:00', 1.22575, 1.225, 1.22575, 1.226, '16:00:28', '15:59:32', NULL, 330, 'BATTERY 12V\nCHECKED 01 HR 30MM UTC', '2017-10-10 01:36:23', 334, 5, 20),
(2231, '2016-09-24 16:00:00', 1.22575, 1.225, 1.226, 1.226, '16:00:03', '15:59:08', NULL, 330, '', '2017-10-10 01:38:47', 334, 5, 20),
(2232, '2016-09-23 16:00:00', 1.225, 1.22475, 1.226, 1.22575, '01:22:56', '15:59:03', NULL, 330, 'BATTERY 12V\nPRINCIPAL: ESPERANZA SANTANDER 09168891467', '2017-10-10 01:48:22', 334, 5, 20),
(2233, '2010-06-16 16:00:00', 1.281, 1.281, 1.281, 1.281, '16:00:57', '15:59:01', NULL, NULL, 'visited 0132z 17 June 10\nBatt 3 parallel w/ sp power 1 12.35v\nmemory left  1745hr\n\n-antenna w/o tribrach\n-adapter big diameter\n-portable bubble placed on top\n-went side of the antenna higher', '2017-10-20 01:10:49', 222, 28, 8),
(2234, '2010-06-17 16:00:00', 1.281, 1.1281, 1.281, 1.281, '16:00:58', '00:26:01', NULL, NULL, 'PULLED OUT 0827', '2017-10-20 01:12:14', 222, 28, 8),
(2235, '2010-06-18 16:00:00', 1.281, 1.281, 1.281, 1.281, '02:10:38', '15:59:45', NULL, 154, 'RICKY QUINTAYA, ADMIN AIDE I 0919981846\n2 BATT PARALLEL W/ SP\nSET UP WITH TRIPOD', '2017-10-20 01:17:12', 221, 18, 27),
(2236, '2010-06-19 16:00:00', 1.281, 1.281, 1.281, 1.281, '16:00:19', '15:59:45', NULL, 160, '2 BATT PARALLEL WITH SP 12.91V', '2017-10-20 01:28:45', 221, 18, 27),
(2237, '2010-06-20 16:00:00', 1.281, 1.281, 1.281, 1.281, '16:00:15', '15:59:20', NULL, 160, 'CONTINUOUS RECORDING SINCE 19 JUNE 2010', '2017-10-20 01:30:44', 221, 18, 27),
(2238, '2010-06-21 16:00:00', 1.281, 1.281, 1.282, 1.282, '16:00:48', '21:07:53', NULL, 160, '2 BATT PARALLEL WITH SP 13.44V\nVISITED 0110Z 22 JUNE 2010\nPULLED OUT 0507 23 JUNE 2010', '2017-10-20 01:32:49', 221, 18, 27),
(2239, '2010-06-19 16:00:00', 0.194, 0.194, 0.194, 0.194, '17:45:59', '15:59:05', NULL, 210, 'WHEN MEASURING ANTENNA HEIGHT, THE MEASURING TAPE WAS PLACED ON TOP OF THE  ROCK APPROXIMATELY ON THE SAME \n2 BATTERY PARALLEL WITH SP 12.932', '2017-10-20 01:37:36', 220, 28, 8),
(2240, '2010-06-20 16:00:00', 0.194, 0.194, 0.194, 0.194, '16:00:54', '15:59:59', NULL, 210, 'BUBBLES NOT CENTERED UPON ARRIVAL 0038Z 21 JUNE: CORRECTED @0039\nBATT 2 PARALLEL WITH SP 12.58V\nCRISTELA JIMENA', '2017-10-20 01:38:59', 220, 28, 8),
(2241, '2010-06-21 16:00:00', 0.27, 0.27, 0.27, 0.27, '16:00:19', '19:30:24', NULL, 210, 'PULLED OUT 0330 23 JUNE 2010\nANTENNA HEIGHT RE MEASURED; THE MEASURING TAPE NOW FACING THE ANTENNA (SEE PICTURES); NEW POINT- PEAK OF ROCK- 21 216 DEG WITH THE METAL ROD AS REFERENCE; ', '2017-10-20 01:46:24', 220, 28, 8),
(2242, '2010-06-14 16:00:00', 1.368, 1.368, 1.368, 1.368, '02:24:09', '15:59:15', NULL, 274, 'LOT OWNER RESTITUTO BACURNAY\nSITE IS NEAR KAN MARCHES 158', '2017-10-20 01:48:58', 214, 30, 6),
(2243, '2010-06-15 16:00:00', 1.368, 1.368, 1.368, 1.368, '16:00:56', '15:59:01', NULL, 274, 'VISITED 0250Z 16 JULY\nBAT 2 PARALLEL WTH SP RVR 2; 13-062', '2017-10-20 01:50:45', 214, 30, 6),
(2244, '2010-06-16 16:00:00', 1.368, 1.368, 1.368, 1.368, '16:08:46', NULL, NULL, NULL, '2 BATT PARALLEL WITH SP POWER 2:13.06Z\nMEMORY LEFT 1755 HR', '2017-10-20 01:52:22', 214, 30, 6),
(2245, '2010-06-17 16:00:00', 1.368, 1.368, 1.368, 1.368, '16:00:25', '19:07:29', NULL, 274, 'PULLED OUT 0312Z 19 JUNE 2010', '2017-10-20 01:53:47', 214, 30, 6),
(2246, '2010-06-14 16:00:00', 0.211, 0.211, 0.211, 0.211, '19:10:59', '15:59:07', NULL, 0, 'ANTENNA INSTALLED ON BIG ROCK ( NO TRIPOD); WITH TRIBRACH\n1 BATTERY WITH SOLAR PANEL\nVISITED  0100Z 16 JUNE 10\n-MEASURED ANTENNA HEIGHT 21.1 CM CAN USING GPS STEEL TAPE\nFROM BASE OF ANTENNA TO ROCK. WESTERN SIDE', '2017-10-20 02:03:42', 218, 18, 27),
(2247, '2010-10-15 16:00:00', 0.211, 0.211, 0.211, 0.211, '16:00:36', '16:40:40', NULL, 0, 'VISITED 0100Z 16 JUNE 10\nVISITED 0040Z 17 JUNE 10\nBUBBLE NOT CENTERED; CAUSED BY UNSTEADLY ROD\nMARKER(NAGAGALAW, NAIIKOT)\nRECEIVER TURNED OFF @ 0044Z\nCONCRETE BASE OF ROD\nBASE OF ROD MARKER FILLED WITH EPOXY', '2017-10-20 02:15:32', 218, 18, 27),
(2248, '2010-06-16 16:00:00', 0.211, 0.211, 0.211, 0.211, '18:00:14', '15:59:19', NULL, 0, 'CONCRETE MARKER REINFORCED WITH EPOXY\nANTENNA MOVED @ AROUND 0200 WHILE UNIT STILL ON \nBUBBLE MOVE CENTERED\nANOTHER BATT INSTALLED; NOW 2 BATTERIES PARALLEL WITH SP 13.22\n13.22\nPULLED OUT 0740Z 19 JUNE 2010', '2017-10-20 02:26:02', 218, 18, 27),
(2249, '2010-06-18 16:00:00', 0.21, 0.21, 0.21, 0.21, '22:07:19', '15:59:29', NULL, 344, '3 Batt parallel with solar panel (shelter)  182\nRod installed on top of the instrument shelter @ upper pantao seismic station\nantenna installed with tribrach- levelled\nLat; 10 deg 24\'48.23\' ; long; 123 deg 10\' 38.16\' ; H; 1057.5\n1688 hours left in memory', '2017-10-20 02:41:00', 227, 30, 6),
(2250, '2010-06-19 16:00:00', 0.21, 0.21, 0.21, 0.21, '16:00:33', '15:59:37', NULL, 348, 'CONTINUOUS RECORDING SINCE 19 JUNE 2010', '2017-10-20 02:42:59', 227, 30, 6),
(2251, '2010-06-20 16:00:00', 0.21, 0.21, 0.21, 0.21, '16:00:23', '15:59:26', NULL, 348, 'VISITED BY AL 0631Z 21 JUNE 2010', '2017-10-20 02:44:48', 227, 30, 6),
(2252, '2010-06-21 16:00:00', 0.211, 0.211, 0.211, 0.211, '16:00:31', '17:53:41', NULL, 348, 'VISITED 0149 Z 23 JUNE 2010\nPULLED OUT 0153Z', '2017-10-20 02:48:16', 227, 30, 6),
(2253, '2008-09-26 16:00:00', 1.56, 1.559, 1.559, 1.56, '23:21:40', '15:30:46', NULL, NULL, '', '2017-10-20 02:53:54', 260, 31, 45),
(2254, '2008-09-16 16:00:00', 1.458, 1.459, 1.458, 1.458, '00:00:41', '16:52:48', NULL, NULL, '', '2017-10-20 02:59:55', 253, 28, 45),
(2255, '2008-09-16 16:00:00', 1.566, 1.566, 1.566, 1.566, '19:36:13', '15:30:19', NULL, NULL, '', '2017-10-20 03:04:27', 257, 31, 45),
(2256, '2008-09-16 16:00:00', 1.507, 1.508, 1.508, 1.508, '16:00:03', NULL, NULL, NULL, '', '2017-10-20 03:06:04', 258, 31, 45),
(2257, '2008-09-08 16:00:00', 1.458, 1.458, 1.458, 1.458, '16:00:16', '15:30:19', NULL, NULL, '', '2017-10-20 03:07:21', 253, 31, 45),
(2258, '2008-09-17 16:00:00', 1.507, 1.508, 1.508, 1.508, '16:00:07', NULL, NULL, NULL, '', '2017-10-20 03:10:10', 258, 31, 45),
(2259, '2008-09-18 16:00:00', 1.458, 1.458, 1.458, 1.45, '16:00:56', '15:30:01', NULL, NULL, '', '2017-10-20 06:53:14', 253, 31, 45);

-- --------------------------------------------------------

--
-- Table structure for table `campaign_observers`
--

CREATE TABLE `campaign_observers` (
  `campaign_logsheet_id` int(11) NOT NULL,
  `person_id` int(11) NOT NULL
) ENGINE=InnoDB DEFAULT CHARSET=latin1;

--
-- Dumping data for table `campaign_observers`
--

INSERT INTO `campaign_observers` (`campaign_logsheet_id`, `person_id`) VALUES
(819, 1),
(820, 1),
(824, 1),
(834, 1),
(888, 1),
(1337, 1),
(1338, 1),
(1339, 1),
(1340, 1),
(1341, 1),
(1342, 1),
(1343, 1),
(1344, 1),
(1345, 1),
(1346, 1),
(1347, 1),
(1348, 1),
(1349, 1),
(1350, 1),
(1351, 1),
(1352, 1),
(1353, 1),
(1381, 1),
(1382, 1),
(1383, 1),
(1384, 1),
(1389, 1),
(1390, 1),
(1392, 1),
(1441, 1),
(1442, 1),
(1841, 1),
(1847, 1),
(1849, 1),
(1850, 1),
(1851, 1),
(1854, 1),
(1993, 1),
(2037, 1),
(2067, 1),
(2068, 1),
(2107, 1),
(2140, 1),
(2194, 1),
(2195, 1),
(2197, 1),
(75, 2),
(76, 2),
(77, 2),
(78, 2),
(79, 2),
(80, 2),
(81, 2),
(82, 2),
(88, 2),
(230, 2),
(239, 2),
(240, 2),
(241, 2),
(243, 2),
(245, 2),
(246, 2),
(247, 2),
(248, 2),
(249, 2),
(254, 2),
(255, 2),
(256, 2),
(257, 2),
(262, 2),
(264, 2),
(286, 2),
(287, 2),
(288, 2),
(289, 2),
(290, 2),
(291, 2),
(292, 2),
(293, 2),
(294, 2),
(295, 2),
(342, 2),
(343, 2),
(344, 2),
(354, 2),
(553, 2),
(554, 2),
(555, 2),
(556, 2),
(557, 2),
(558, 2),
(559, 2),
(560, 2),
(561, 2),
(562, 2),
(563, 2),
(564, 2),
(565, 2),
(567, 2),
(568, 2),
(569, 2),
(570, 2),
(582, 2),
(583, 2),
(584, 2),
(585, 2),
(586, 2),
(587, 2),
(588, 2),
(589, 2),
(590, 2),
(591, 2),
(592, 2),
(593, 2),
(594, 2),
(595, 2),
(596, 2),
(597, 2),
(663, 2),
(664, 2),
(665, 2),
(666, 2),
(667, 2),
(668, 2),
(669, 2),
(671, 2),
(674, 2),
(677, 2),
(678, 2),
(679, 2),
(680, 2),
(681, 2),
(691, 2),
(693, 2),
(694, 2),
(695, 2),
(699, 2),
(700, 2),
(703, 2),
(704, 2),
(705, 2),
(706, 2),
(763, 2),
(764, 2),
(765, 2),
(766, 2),
(770, 2),
(771, 2),
(772, 2),
(773, 2),
(774, 2),
(775, 2),
(776, 2),
(777, 2),
(778, 2),
(779, 2),
(780, 2),
(781, 2),
(782, 2),
(783, 2),
(784, 2),
(785, 2),
(786, 2),
(787, 2),
(788, 2),
(789, 2),
(790, 2),
(791, 2),
(792, 2),
(793, 2),
(794, 2),
(795, 2),
(796, 2),
(797, 2),
(1055, 2),
(1056, 2),
(1058, 2),
(1059, 2),
(1060, 2),
(1061, 2),
(1062, 2),
(1063, 2),
(1064, 2),
(1065, 2),
(1066, 2),
(1067, 2),
(1068, 2),
(1069, 2),
(1085, 2),
(1086, 2),
(1087, 2),
(1088, 2),
(1103, 2),
(1104, 2),
(1105, 2),
(1106, 2),
(1107, 2),
(1108, 2),
(1109, 2),
(1110, 2),
(1111, 2),
(1112, 2),
(1113, 2),
(1114, 2),
(1115, 2),
(1116, 2),
(1117, 2),
(1118, 2),
(1119, 2),
(1120, 2),
(1121, 2),
(1122, 2),
(1123, 2),
(1124, 2),
(1125, 2),
(1126, 2),
(1127, 2),
(1128, 2),
(1129, 2),
(1130, 2),
(1131, 2),
(1132, 2),
(1133, 2),
(1134, 2),
(1135, 2),
(1136, 2),
(1137, 2),
(1138, 2),
(1139, 2),
(1140, 2),
(1141, 2),
(1142, 2),
(1143, 2),
(1144, 2),
(1145, 2),
(1235, 2),
(1236, 2),
(1251, 2),
(1252, 2),
(1256, 2),
(1264, 2),
(1265, 2),
(1366, 2),
(1367, 2),
(1368, 2),
(1369, 2),
(1370, 2),
(1371, 2),
(1372, 2),
(1373, 2),
(1374, 2),
(1377, 2),
(1400, 2),
(1401, 2),
(1402, 2),
(1403, 2),
(1476, 2),
(1477, 2),
(1481, 2),
(1482, 2),
(1483, 2),
(1484, 2),
(1485, 2),
(1486, 2),
(1487, 2),
(1488, 2),
(1489, 2),
(1490, 2),
(1491, 2),
(1493, 2),
(1494, 2),
(1495, 2),
(1496, 2),
(1497, 2),
(1498, 2),
(1499, 2),
(1500, 2),
(1509, 2),
(1510, 2),
(1513, 2),
(1530, 2),
(1531, 2),
(1532, 2),
(1533, 2),
(1534, 2),
(1626, 2),
(1629, 2),
(1630, 2),
(1631, 2),
(1632, 2),
(1638, 2),
(1646, 2),
(1647, 2),
(1648, 2),
(1649, 2),
(1650, 2),
(1651, 2),
(1652, 2),
(1653, 2),
(1661, 2),
(1662, 2),
(1663, 2),
(1664, 2),
(1665, 2),
(1666, 2),
(1667, 2),
(1668, 2),
(1669, 2),
(1695, 2),
(1696, 2),
(1697, 2),
(1698, 2),
(1699, 2),
(1784, 2),
(1817, 2),
(1831, 2),
(1852, 2),
(1853, 2),
(1855, 2),
(1856, 2),
(1878, 2),
(1879, 2),
(1880, 2),
(1881, 2),
(1884, 2),
(1885, 2),
(1890, 2),
(1891, 2),
(1918, 2),
(1922, 2),
(1925, 2),
(1930, 2),
(1937, 2),
(1939, 2),
(1950, 2),
(1956, 2),
(1959, 2),
(1963, 2),
(1966, 2),
(1967, 2),
(1968, 2),
(2025, 2),
(2026, 2),
(2031, 2),
(2032, 2),
(2033, 2),
(2034, 2),
(2035, 2),
(2036, 2),
(2040, 2),
(2041, 2),
(2042, 2),
(2043, 2),
(2044, 2),
(2062, 2),
(2063, 2),
(2064, 2),
(2065, 2),
(2066, 2),
(2069, 2),
(2070, 2),
(2071, 2),
(2085, 2),
(2107, 2),
(2109, 2),
(2110, 2),
(2111, 2),
(2112, 2),
(2116, 2),
(2117, 2),
(2118, 2),
(2120, 2),
(2131, 2),
(2132, 2),
(2136, 2),
(2137, 2),
(2138, 2),
(2139, 2),
(2142, 2),
(2143, 2),
(2145, 2),
(2146, 2),
(2150, 2),
(2151, 2),
(2152, 2),
(2153, 2),
(2154, 2),
(2188, 2),
(2189, 2),
(2201, 2),
(2202, 2),
(2203, 2),
(2204, 2),
(2205, 2),
(2206, 2),
(2207, 2),
(2208, 2),
(2209, 2),
(2210, 2),
(2223, 2),
(2233, 2),
(2234, 2),
(2235, 2),
(2236, 2),
(2237, 2),
(2238, 2),
(2239, 2),
(2240, 2),
(2241, 2),
(2243, 2),
(2244, 2),
(2245, 2),
(2246, 2),
(2247, 2),
(2248, 2),
(2249, 2),
(2250, 2),
(2252, 2),
(2, 3),
(14, 3),
(15, 3),
(16, 3),
(17, 3),
(18, 3),
(19, 3),
(20, 3),
(21, 3),
(22, 3),
(23, 3),
(25, 3),
(26, 3),
(27, 3),
(28, 3),
(31, 3),
(32, 3),
(33, 3),
(34, 3),
(35, 3),
(36, 3),
(38, 3),
(39, 3),
(69, 3),
(71, 3),
(83, 3),
(84, 3),
(85, 3),
(86, 3),
(88, 3),
(89, 3),
(90, 3),
(91, 3),
(93, 3),
(94, 3),
(95, 3),
(96, 3),
(99, 3),
(100, 3),
(167, 3),
(205, 3),
(206, 3),
(207, 3),
(208, 3),
(216, 3),
(217, 3),
(218, 3),
(219, 3),
(220, 3),
(221, 3),
(222, 3),
(346, 3),
(347, 3),
(348, 3),
(349, 3),
(350, 3),
(351, 3),
(352, 3),
(353, 3),
(606, 3),
(607, 3),
(608, 3),
(609, 3),
(610, 3),
(611, 3),
(612, 3),
(613, 3),
(614, 3),
(615, 3),
(616, 3),
(617, 3),
(618, 3),
(619, 3),
(620, 3),
(621, 3),
(622, 3),
(623, 3),
(627, 3),
(629, 3),
(630, 3),
(632, 3),
(651, 3),
(652, 3),
(653, 3),
(654, 3),
(655, 3),
(689, 3),
(690, 3),
(692, 3),
(696, 3),
(697, 3),
(698, 3),
(701, 3),
(702, 3),
(707, 3),
(801, 3),
(805, 3),
(808, 3),
(814, 3),
(821, 3),
(822, 3),
(823, 3),
(825, 3),
(839, 3),
(854, 3),
(912, 3),
(913, 3),
(914, 3),
(915, 3),
(930, 3),
(931, 3),
(932, 3),
(933, 3),
(934, 3),
(935, 3),
(936, 3),
(937, 3),
(938, 3),
(941, 3),
(943, 3),
(970, 3),
(971, 3),
(972, 3),
(973, 3),
(977, 3),
(978, 3),
(979, 3),
(980, 3),
(989, 3),
(990, 3),
(991, 3),
(992, 3),
(993, 3),
(994, 3),
(995, 3),
(996, 3),
(997, 3),
(998, 3),
(1007, 3),
(1008, 3),
(1009, 3),
(1010, 3),
(1011, 3),
(1012, 3),
(1021, 3),
(1022, 3),
(1023, 3),
(1024, 3),
(1036, 3),
(1037, 3),
(1038, 3),
(1039, 3),
(1094, 3),
(1095, 3),
(1096, 3),
(1099, 3),
(1100, 3),
(1101, 3),
(1501, 3),
(1502, 3),
(1523, 3),
(1524, 3),
(1525, 3),
(1526, 3),
(1527, 3),
(1528, 3),
(1529, 3),
(1660, 3),
(1684, 3),
(1685, 3),
(1703, 3),
(1704, 3),
(1705, 3),
(1706, 3),
(1707, 3),
(1708, 3),
(1709, 3),
(1710, 3),
(1711, 3),
(1746, 3),
(1747, 3),
(1748, 3),
(1749, 3),
(1755, 3),
(1756, 3),
(1757, 3),
(1758, 3),
(1760, 3),
(1763, 3),
(1764, 3),
(1765, 3),
(1766, 3),
(2220, 3),
(2229, 3),
(2230, 3),
(2231, 3),
(2232, 3),
(171, 4),
(172, 4),
(173, 4),
(174, 4),
(196, 4),
(197, 4),
(198, 4),
(199, 4),
(200, 4),
(201, 4),
(202, 4),
(203, 4),
(204, 4),
(209, 4),
(210, 4),
(211, 4),
(212, 4),
(224, 4),
(225, 4),
(226, 4),
(227, 4),
(228, 4),
(229, 4),
(571, 4),
(572, 4),
(573, 4),
(574, 4),
(575, 4),
(576, 4),
(577, 4),
(578, 4),
(579, 4),
(580, 4),
(581, 4),
(656, 4),
(657, 4),
(658, 4),
(659, 4),
(660, 4),
(661, 4),
(662, 4),
(798, 4),
(799, 4),
(800, 4),
(804, 4),
(818, 4),
(836, 4),
(840, 4),
(857, 4),
(858, 4),
(1102, 4),
(1854, 4),
(2224, 4),
(2225, 4),
(2226, 4),
(2227, 4),
(2228, 4),
(37, 5),
(38, 5),
(66, 5),
(67, 5),
(68, 5),
(69, 5),
(71, 5),
(83, 5),
(84, 5),
(85, 5),
(86, 5),
(87, 5),
(88, 5),
(89, 5),
(90, 5),
(91, 5),
(92, 5),
(93, 5),
(94, 5),
(95, 5),
(96, 5),
(99, 5),
(100, 5),
(167, 5),
(205, 5),
(206, 5),
(207, 5),
(208, 5),
(216, 5),
(217, 5),
(218, 5),
(219, 5),
(220, 5),
(221, 5),
(222, 5),
(223, 5),
(224, 5),
(225, 5),
(226, 5),
(227, 5),
(228, 5),
(229, 5),
(239, 5),
(240, 5),
(241, 5),
(243, 5),
(245, 5),
(246, 5),
(247, 5),
(248, 5),
(249, 5),
(254, 5),
(255, 5),
(256, 5),
(257, 5),
(262, 5),
(264, 5),
(265, 5),
(296, 5),
(297, 5),
(298, 5),
(299, 5),
(300, 5),
(302, 5),
(303, 5),
(304, 5),
(305, 5),
(306, 5),
(307, 5),
(308, 5),
(309, 5),
(310, 5),
(311, 5),
(312, 5),
(313, 5),
(314, 5),
(315, 5),
(331, 5),
(332, 5),
(334, 5),
(335, 5),
(337, 5),
(345, 5),
(376, 5),
(377, 5),
(378, 5),
(380, 5),
(416, 5),
(417, 5),
(418, 5),
(419, 5),
(420, 5),
(421, 5),
(422, 5),
(423, 5),
(424, 5),
(425, 5),
(426, 5),
(427, 5),
(428, 5),
(429, 5),
(430, 5),
(431, 5),
(433, 5),
(434, 5),
(435, 5),
(436, 5),
(437, 5),
(438, 5),
(439, 5),
(440, 5),
(441, 5),
(442, 5),
(443, 5),
(444, 5),
(445, 5),
(446, 5),
(498, 5),
(499, 5),
(500, 5),
(501, 5),
(502, 5),
(503, 5),
(504, 5),
(505, 5),
(506, 5),
(507, 5),
(508, 5),
(509, 5),
(510, 5),
(511, 5),
(512, 5),
(513, 5),
(651, 5),
(652, 5),
(653, 5),
(654, 5),
(655, 5),
(656, 5),
(657, 5),
(658, 5),
(659, 5),
(663, 5),
(664, 5),
(665, 5),
(666, 5),
(667, 5),
(668, 5),
(669, 5),
(670, 5),
(671, 5),
(672, 5),
(1146, 5),
(1147, 5),
(1148, 5),
(1149, 5),
(1150, 5),
(1151, 5),
(1152, 5),
(1153, 5),
(1154, 5),
(1155, 5),
(1156, 5),
(1157, 5),
(1158, 5),
(1159, 5),
(1160, 5),
(1161, 5),
(1162, 5),
(1163, 5),
(1164, 5),
(1165, 5),
(1166, 5),
(1167, 5),
(1168, 5),
(1169, 5),
(1170, 5),
(1171, 5),
(1172, 5),
(1173, 5),
(1174, 5),
(1175, 5),
(1176, 5),
(1177, 5),
(1178, 5),
(1179, 5),
(1180, 5),
(1181, 5),
(1182, 5),
(1183, 5),
(1184, 5),
(1185, 5),
(1186, 5),
(1187, 5),
(1188, 5),
(1189, 5),
(35, 6),
(36, 6),
(38, 6),
(39, 6),
(40, 6),
(42, 6),
(43, 6),
(44, 6),
(45, 6),
(46, 6),
(47, 6),
(48, 6),
(49, 6),
(50, 6),
(51, 6),
(52, 6),
(53, 6),
(54, 6),
(55, 6),
(56, 6),
(57, 6),
(58, 6),
(59, 6),
(60, 6),
(61, 6),
(62, 6),
(63, 6),
(64, 6),
(65, 6),
(66, 6),
(67, 6),
(68, 6),
(72, 6),
(73, 6),
(74, 6),
(83, 6),
(88, 6),
(93, 6),
(99, 6),
(175, 6),
(176, 6),
(178, 6),
(179, 6),
(180, 6),
(181, 6),
(182, 6),
(183, 6),
(184, 6),
(185, 6),
(186, 6),
(187, 6),
(188, 6),
(189, 6),
(190, 6),
(191, 6),
(192, 6),
(208, 6),
(218, 6),
(219, 6),
(220, 6),
(222, 6),
(223, 6),
(224, 6),
(225, 6),
(226, 6),
(227, 6),
(228, 6),
(229, 6),
(338, 6),
(339, 6),
(341, 6),
(362, 6),
(363, 6),
(364, 6),
(365, 6),
(366, 6),
(367, 6),
(368, 6),
(369, 6),
(370, 6),
(371, 6),
(372, 6),
(373, 6),
(374, 6),
(375, 6),
(384, 6),
(385, 6),
(386, 6),
(387, 6),
(388, 6),
(389, 6),
(390, 6),
(416, 6),
(417, 6),
(418, 6),
(419, 6),
(420, 6),
(421, 6),
(422, 6),
(423, 6),
(424, 6),
(425, 6),
(426, 6),
(427, 6),
(428, 6),
(429, 6),
(430, 6),
(431, 6),
(433, 6),
(434, 6),
(435, 6),
(436, 6),
(437, 6),
(438, 6),
(439, 6),
(440, 6),
(441, 6),
(442, 6),
(443, 6),
(444, 6),
(445, 6),
(446, 6),
(498, 6),
(499, 6),
(500, 6),
(501, 6),
(502, 6),
(503, 6),
(504, 6),
(505, 6),
(506, 6),
(507, 6),
(508, 6),
(509, 6),
(510, 6),
(511, 6),
(512, 6),
(513, 6),
(656, 6),
(657, 6),
(658, 6),
(659, 6),
(1146, 6),
(1147, 6),
(1148, 6),
(1149, 6),
(1150, 6),
(1151, 6),
(1152, 6),
(1153, 6),
(1154, 6),
(1155, 6),
(1156, 6),
(1157, 6),
(1158, 6),
(1159, 6),
(1160, 6),
(1161, 6),
(1162, 6),
(1163, 6),
(1164, 6),
(1165, 6),
(1166, 6),
(1167, 6),
(1168, 6),
(1169, 6),
(1170, 6),
(1171, 6),
(1172, 6),
(1173, 6),
(1174, 6),
(1175, 6),
(1176, 6),
(1177, 6),
(1178, 6),
(1179, 6),
(1180, 6),
(1181, 6),
(1182, 6),
(1183, 6),
(1184, 6),
(1185, 6),
(1186, 6),
(1187, 6),
(1188, 6),
(1189, 6),
(2213, 6),
(2214, 6),
(2215, 6),
(2216, 6),
(2217, 6),
(2218, 6),
(2219, 6),
(2221, 6),
(2222, 6),
(1, 7),
(2, 7),
(3, 7),
(4, 7),
(5, 7),
(6, 7),
(7, 7),
(8, 7),
(9, 7),
(10, 7),
(11, 7),
(12, 7),
(13, 7),
(14, 7),
(15, 7),
(16, 7),
(17, 7),
(18, 7),
(19, 7),
(20, 7),
(21, 7),
(22, 7),
(23, 7),
(25, 7),
(26, 7),
(27, 7),
(28, 7),
(29, 7),
(30, 7),
(31, 7),
(32, 7),
(33, 7),
(34, 7),
(35, 7),
(36, 7),
(38, 7),
(39, 7),
(63, 7),
(64, 7),
(65, 7),
(66, 7),
(67, 7),
(68, 7),
(72, 7),
(73, 7),
(74, 7),
(83, 7),
(93, 7),
(99, 7),
(606, 7),
(607, 7),
(608, 7),
(609, 7),
(610, 7),
(611, 7),
(612, 7),
(613, 7),
(614, 7),
(615, 7),
(616, 7),
(617, 7),
(618, 7),
(619, 7),
(620, 7),
(621, 7),
(622, 7),
(623, 7),
(627, 7),
(629, 7),
(630, 7),
(632, 7),
(676, 7),
(1040, 7),
(1041, 7),
(1042, 7),
(1043, 7),
(1044, 7),
(1045, 7),
(1046, 7),
(1047, 7),
(1048, 7),
(1049, 7),
(1050, 7),
(1094, 7),
(1095, 7),
(1096, 7),
(1099, 7),
(1100, 7),
(1101, 7),
(1103, 7),
(1104, 7),
(1105, 7),
(1106, 7),
(1107, 7),
(1108, 7),
(1109, 7),
(1110, 7),
(1111, 7),
(1112, 7),
(1113, 7),
(1114, 7),
(1115, 7),
(1116, 7),
(1117, 7),
(1118, 7),
(1119, 7),
(1120, 7),
(1121, 7),
(1122, 7),
(1123, 7),
(1124, 7),
(1125, 7),
(1126, 7),
(1127, 7),
(1128, 7),
(1129, 7),
(1130, 7),
(1131, 7),
(1132, 7),
(1133, 7),
(1134, 7),
(1135, 7),
(1136, 7),
(1137, 7),
(1138, 7),
(1139, 7),
(1140, 7),
(1141, 7),
(1142, 7),
(1143, 7),
(1144, 7),
(1145, 7),
(1501, 7),
(1502, 7),
(1523, 7),
(1524, 7),
(1525, 7),
(1526, 7),
(1527, 7),
(1528, 7),
(1529, 7),
(2150, 7),
(2154, 7),
(2229, 7),
(2230, 7),
(2231, 7),
(2232, 7),
(37, 8),
(40, 8),
(42, 8),
(43, 8),
(44, 8),
(45, 8),
(46, 8),
(47, 8),
(48, 8),
(49, 8),
(50, 8),
(51, 8),
(52, 8),
(53, 8),
(54, 8),
(55, 8),
(56, 8),
(57, 8),
(58, 8),
(59, 8),
(60, 8),
(61, 8),
(62, 8),
(175, 8),
(176, 8),
(178, 8),
(179, 8),
(180, 8),
(181, 8),
(182, 8),
(183, 8),
(184, 8),
(185, 8),
(186, 8),
(187, 8),
(188, 8),
(189, 8),
(190, 8),
(191, 8),
(192, 8),
(336, 8),
(673, 8),
(682, 8),
(683, 8),
(684, 8),
(685, 8),
(686, 8),
(1831, 8),
(2085, 8),
(1, 9),
(2, 9),
(3, 9),
(4, 9),
(6, 9),
(7, 9),
(9, 9),
(10, 9),
(11, 9),
(12, 9),
(13, 9),
(14, 9),
(15, 9),
(16, 9),
(17, 9),
(18, 9),
(19, 9),
(20, 9),
(21, 9),
(22, 9),
(23, 9),
(25, 9),
(26, 9),
(27, 9),
(28, 9),
(29, 9),
(31, 9),
(32, 9),
(33, 9),
(34, 9),
(35, 9),
(36, 9),
(38, 9),
(39, 9),
(571, 11),
(572, 11),
(573, 11),
(574, 11),
(575, 11),
(576, 11),
(577, 11),
(578, 11),
(579, 11),
(580, 11),
(581, 11),
(689, 11),
(690, 11),
(692, 11),
(696, 11),
(697, 11),
(698, 11),
(701, 11),
(702, 11),
(707, 11),
(888, 11),
(2226, 11),
(267, 12),
(270, 12),
(357, 12),
(359, 12),
(633, 12),
(637, 12),
(638, 12),
(639, 12),
(640, 12),
(642, 12),
(643, 12),
(644, 12),
(645, 12),
(646, 12),
(647, 12),
(650, 12),
(763, 12),
(764, 12),
(765, 12),
(766, 12),
(770, 12),
(771, 12),
(772, 12),
(773, 12),
(859, 12),
(861, 12),
(862, 12),
(863, 12),
(864, 12),
(865, 12),
(866, 12),
(888, 12),
(1432, 12),
(2180, 12),
(582, 13),
(583, 13),
(584, 13),
(585, 13),
(586, 13),
(587, 13),
(588, 13),
(589, 13),
(590, 13),
(591, 13),
(592, 13),
(593, 13),
(594, 13),
(595, 13),
(596, 13),
(597, 13),
(802, 13),
(803, 13),
(806, 13),
(807, 13),
(809, 13),
(810, 13),
(811, 13),
(812, 13),
(813, 13),
(826, 13),
(827, 13),
(833, 13),
(842, 13),
(843, 13),
(851, 13),
(852, 13),
(853, 13),
(855, 13),
(856, 13),
(171, 14),
(172, 14),
(173, 14),
(174, 14),
(194, 14),
(196, 14),
(197, 14),
(198, 14),
(199, 14),
(200, 14),
(201, 14),
(202, 14),
(203, 14),
(204, 14),
(209, 14),
(210, 14),
(211, 14),
(212, 14),
(213, 14),
(214, 14),
(215, 14),
(447, 14),
(448, 14),
(449, 14),
(450, 14),
(451, 14),
(452, 14),
(453, 14),
(454, 14),
(455, 14),
(456, 14),
(457, 14),
(458, 14),
(459, 14),
(460, 14),
(461, 14),
(462, 14),
(476, 14),
(477, 14),
(478, 14),
(479, 14),
(480, 14),
(481, 14),
(482, 14),
(483, 14),
(484, 14),
(485, 14),
(486, 14),
(487, 14),
(488, 14),
(490, 14),
(491, 14),
(492, 14),
(493, 14),
(494, 14),
(495, 14),
(496, 14),
(514, 14),
(515, 14),
(516, 14),
(517, 14),
(518, 14),
(519, 14),
(520, 14),
(521, 14),
(522, 14),
(523, 14),
(524, 14),
(525, 14),
(526, 14),
(527, 14),
(528, 14),
(529, 14),
(530, 14),
(531, 14),
(532, 14),
(533, 14),
(534, 14),
(535, 14),
(536, 14),
(624, 14),
(626, 14),
(634, 14),
(635, 14),
(636, 14),
(637, 14),
(638, 14),
(639, 14),
(640, 14),
(641, 14),
(642, 14),
(643, 14),
(644, 14),
(645, 14),
(646, 14),
(647, 14),
(648, 14),
(649, 14),
(650, 14),
(660, 14),
(661, 14),
(662, 14),
(830, 14),
(832, 14),
(844, 14),
(845, 14),
(846, 14),
(847, 14),
(848, 14),
(849, 14),
(859, 14),
(861, 14),
(863, 14),
(875, 14),
(876, 14),
(877, 14),
(878, 14),
(879, 14),
(1058, 14),
(1060, 14),
(1061, 14),
(1064, 14),
(1065, 14),
(1068, 14),
(1069, 14),
(1075, 14),
(1084, 14),
(1085, 14),
(1086, 14),
(1091, 14),
(1093, 14),
(1102, 14),
(1296, 14),
(1297, 14),
(1327, 14),
(1385, 14),
(1386, 14),
(1387, 14),
(1388, 14),
(1394, 14),
(1448, 14),
(1449, 14),
(1450, 14),
(1451, 14),
(1453, 14),
(1456, 14),
(1457, 14),
(1458, 14),
(1476, 14),
(1477, 14),
(1484, 14),
(1487, 14),
(1489, 14),
(1509, 14),
(1510, 14),
(1517, 14),
(1521, 14),
(1522, 14),
(1619, 14),
(1620, 14),
(1621, 14),
(1622, 14),
(1623, 14),
(1624, 14),
(1625, 14),
(1627, 14),
(1628, 14),
(1633, 14),
(1634, 14),
(1635, 14),
(1636, 14),
(1637, 14),
(1639, 14),
(1640, 14),
(1641, 14),
(1642, 14),
(1643, 14),
(1644, 14),
(1645, 14),
(1654, 14),
(1657, 14),
(1670, 14),
(1672, 14),
(1673, 14),
(1675, 14),
(1676, 14),
(1677, 14),
(1678, 14),
(1679, 14),
(1680, 14),
(1682, 14),
(1686, 14),
(1687, 14),
(1688, 14),
(1689, 14),
(1690, 14),
(1691, 14),
(1692, 14),
(1693, 14),
(1694, 14),
(1700, 14),
(1712, 14),
(1713, 14),
(1714, 14),
(1715, 14),
(1717, 14),
(1718, 14),
(1719, 14),
(1742, 14),
(1743, 14),
(1744, 14),
(1754, 14),
(1759, 14),
(1761, 14),
(1762, 14),
(1896, 14),
(1897, 14),
(1898, 14),
(1899, 14),
(1900, 14),
(1901, 14),
(1902, 14),
(1903, 14),
(1904, 14),
(1905, 14),
(1906, 14),
(1907, 14),
(1908, 14),
(1909, 14),
(1910, 14),
(1916, 14),
(1917, 14),
(1924, 14),
(1936, 14),
(1996, 14),
(2000, 14),
(2001, 14),
(2002, 14),
(2003, 14),
(2004, 14),
(2005, 14),
(2006, 14),
(2007, 14),
(2008, 14),
(2009, 14),
(2010, 14),
(2011, 14),
(2012, 14),
(2013, 14),
(2169, 14),
(2170, 14),
(2171, 14),
(2172, 14),
(2173, 14),
(2174, 14),
(2175, 14),
(1, 15),
(2, 15),
(3, 15),
(4, 15),
(5, 15),
(6, 15),
(7, 15),
(8, 15),
(9, 15),
(10, 15),
(11, 15),
(12, 15),
(13, 15),
(29, 15),
(30, 15),
(31, 15),
(32, 15),
(33, 15),
(34, 15),
(75, 15),
(79, 15),
(393, 15),
(394, 15),
(395, 15),
(396, 15),
(397, 15),
(398, 15),
(400, 15),
(401, 15),
(402, 15),
(403, 15),
(404, 15),
(405, 15),
(406, 15),
(407, 15),
(408, 15),
(409, 15),
(410, 15),
(411, 15),
(412, 15),
(451, 15),
(463, 15),
(464, 15),
(465, 15),
(466, 15),
(467, 15),
(468, 15),
(469, 15),
(470, 15),
(471, 15),
(472, 15),
(473, 15),
(474, 15),
(475, 15),
(537, 15),
(538, 15),
(539, 15),
(540, 15),
(541, 15),
(542, 15),
(543, 15),
(544, 15),
(545, 15),
(546, 15),
(547, 15),
(548, 15),
(859, 15),
(861, 15),
(862, 15),
(863, 15),
(864, 15),
(865, 15),
(866, 15),
(900, 15),
(901, 15),
(902, 15),
(903, 15),
(905, 15),
(906, 15),
(907, 15),
(916, 15),
(917, 15),
(918, 15),
(919, 15),
(920, 15),
(921, 15),
(922, 15),
(923, 15),
(924, 15),
(944, 15),
(946, 15),
(947, 15),
(948, 15),
(949, 15),
(950, 15),
(951, 15),
(952, 15),
(953, 15),
(954, 15),
(957, 15),
(959, 15),
(981, 15),
(982, 15),
(983, 15),
(984, 15),
(985, 15),
(986, 15),
(987, 15),
(988, 15),
(1000, 15),
(1001, 15),
(1002, 15),
(1003, 15),
(1004, 15),
(1005, 15),
(1006, 15),
(1013, 15),
(1014, 15),
(1015, 15),
(1016, 15),
(1027, 15),
(1056, 15),
(1057, 15),
(1059, 15),
(1062, 15),
(1063, 15),
(1064, 15),
(1068, 15),
(1070, 15),
(1071, 15),
(1072, 15),
(1073, 15),
(1074, 15),
(1076, 15),
(1078, 15),
(1079, 15),
(1080, 15),
(1081, 15),
(1082, 15),
(1083, 15),
(1084, 15),
(1237, 15),
(1238, 15),
(1239, 15),
(1243, 15),
(1244, 15),
(1245, 15),
(1246, 15),
(1247, 15),
(1248, 15),
(1272, 15),
(1273, 15),
(1277, 15),
(1278, 15),
(1279, 15),
(1282, 15),
(1283, 15),
(1284, 15),
(1299, 15),
(1301, 15),
(1302, 15),
(1303, 15),
(1306, 15),
(1321, 15),
(1322, 15),
(1328, 15),
(1329, 15),
(1330, 15),
(1333, 15),
(1342, 15),
(1395, 15),
(1396, 15),
(1397, 15),
(1398, 15),
(1400, 15),
(1401, 15),
(1402, 15),
(1403, 15),
(1409, 15),
(1410, 15),
(1411, 15),
(1412, 15),
(1413, 15),
(1414, 15),
(1430, 15),
(1431, 15),
(1454, 15),
(1455, 15),
(1459, 15),
(1460, 15),
(1461, 15),
(1462, 15),
(1470, 15),
(1471, 15),
(1472, 15),
(1473, 15),
(1474, 15),
(1475, 15),
(1478, 15),
(1479, 15),
(1480, 15),
(1482, 15),
(1483, 15),
(1485, 15),
(1486, 15),
(1487, 15),
(1490, 15),
(1503, 15),
(1504, 15),
(1505, 15),
(1506, 15),
(1507, 15),
(1508, 15),
(1567, 15),
(1614, 15),
(1616, 15),
(1659, 15),
(1660, 15),
(1683, 15),
(1684, 15),
(1857, 15),
(1859, 15),
(1860, 15),
(1863, 15),
(1872, 15),
(1873, 15),
(1874, 15),
(1875, 15),
(1911, 15),
(1912, 15),
(1913, 15),
(1914, 15),
(1915, 15),
(1918, 15),
(1919, 15),
(1926, 15),
(1929, 15),
(1932, 15),
(1938, 15),
(1943, 15),
(1948, 15),
(1949, 15),
(1955, 15),
(1960, 15),
(1964, 15),
(1969, 15),
(1975, 15),
(1976, 15),
(1993, 15),
(2014, 15),
(2015, 15),
(2016, 15),
(2017, 15),
(2018, 15),
(2019, 15),
(2020, 15),
(2021, 15),
(2022, 15),
(2023, 15),
(2024, 15),
(2081, 15),
(2082, 15),
(2083, 15),
(2089, 15),
(2090, 15),
(2091, 15),
(2092, 15),
(2093, 15),
(2094, 15),
(2101, 15),
(2102, 15),
(2103, 15),
(2115, 15),
(2123, 15),
(2124, 15),
(2125, 15),
(2126, 15),
(2127, 15),
(2128, 15),
(2129, 15),
(2133, 15),
(2134, 15),
(2176, 15),
(286, 16),
(289, 16),
(291, 16),
(294, 16),
(295, 16),
(354, 16),
(880, 16),
(881, 16),
(882, 16),
(1092, 16),
(1423, 16),
(1775, 16),
(2166, 16),
(2167, 16),
(2181, 16),
(2182, 16),
(2183, 16),
(2204, 16),
(2207, 16),
(2208, 16),
(2209, 16),
(2239, 16),
(2240, 16),
(2241, 16),
(2242, 16),
(2245, 16),
(2246, 16),
(2249, 16),
(2250, 16),
(2251, 16),
(2252, 16),
(447, 17),
(448, 17),
(449, 17),
(450, 17),
(452, 17),
(453, 17),
(454, 17),
(455, 17),
(456, 17),
(457, 17),
(458, 17),
(459, 17),
(460, 17),
(461, 17),
(476, 17),
(477, 17),
(478, 17),
(479, 17),
(480, 17),
(481, 17),
(482, 17),
(483, 17),
(484, 17),
(485, 17),
(486, 17),
(487, 17),
(488, 17),
(490, 17),
(491, 17),
(492, 17),
(493, 17),
(494, 17),
(495, 17),
(496, 17),
(514, 17),
(515, 17),
(516, 17),
(517, 17),
(518, 17),
(519, 17),
(520, 17),
(521, 17),
(522, 17),
(523, 17),
(524, 17),
(525, 17),
(526, 17),
(527, 17),
(528, 17),
(529, 17),
(530, 17),
(531, 17),
(532, 17),
(533, 17),
(534, 17),
(535, 17),
(536, 17),
(1242, 17),
(1294, 17),
(1295, 17),
(1297, 17),
(1324, 17),
(1325, 17),
(1334, 17),
(1335, 17),
(1354, 17),
(1355, 17),
(1406, 17),
(1864, 17),
(1865, 17),
(1911, 17),
(1912, 17),
(1913, 17),
(1914, 17),
(1915, 17),
(1971, 17),
(1974, 17),
(1975, 17),
(1984, 17),
(1985, 17),
(2047, 17),
(2048, 17),
(2049, 17),
(2050, 17),
(2051, 17),
(2052, 17),
(2053, 17),
(2054, 17),
(2055, 17),
(2056, 17),
(2059, 17),
(2060, 17),
(2078, 17),
(2079, 17),
(2080, 17),
(2081, 17),
(2082, 17),
(2083, 17),
(2086, 17),
(2087, 17),
(2088, 17),
(2089, 17),
(2090, 17),
(2091, 17),
(2092, 17),
(2093, 17),
(2094, 17),
(2095, 17),
(2096, 17),
(2097, 17),
(2098, 17),
(2099, 17),
(2100, 17),
(2101, 17),
(2103, 17),
(2115, 17),
(2121, 17),
(2124, 17),
(2125, 17),
(2126, 17),
(2127, 17),
(2128, 17),
(2129, 17),
(2130, 17),
(2181, 17),
(2182, 17),
(2183, 17),
(2184, 17),
(636, 18),
(871, 18),
(872, 18),
(873, 18),
(874, 18),
(881, 18),
(882, 18),
(883, 18),
(884, 18),
(889, 18),
(890, 18),
(891, 18),
(892, 18),
(893, 18),
(898, 18),
(899, 18),
(1919, 18),
(1927, 18),
(1929, 18),
(1932, 18),
(1933, 18),
(1935, 18),
(1943, 18),
(1947, 18),
(1948, 18),
(1949, 18),
(1951, 18),
(1957, 18),
(1961, 18),
(1965, 18),
(1969, 18),
(1970, 18),
(1993, 18),
(2123, 18),
(1190, 19),
(1191, 19),
(1192, 19),
(1193, 19),
(1194, 19),
(1195, 19),
(1196, 19),
(1197, 19),
(1198, 19),
(1199, 19),
(1200, 19),
(1201, 19),
(1202, 19),
(1203, 19),
(1204, 19),
(1205, 19),
(1206, 19),
(1207, 19),
(1208, 19),
(1209, 19),
(1210, 19),
(1211, 19),
(1212, 19),
(1213, 19),
(1214, 19),
(1215, 19),
(1216, 19),
(1217, 19),
(1218, 19),
(1219, 19),
(1220, 19),
(1221, 19),
(1222, 19),
(1223, 19),
(1224, 19),
(1225, 19),
(1226, 19),
(1227, 19),
(1228, 19),
(1229, 19),
(1230, 19),
(1231, 19),
(1232, 19),
(1052, 20),
(1053, 20),
(1054, 20),
(1057, 20),
(1059, 20),
(1062, 20),
(1070, 20),
(1071, 20),
(1072, 20),
(1073, 20),
(1074, 20),
(1075, 20),
(1076, 20),
(1078, 20),
(1079, 20),
(1080, 20),
(1081, 20),
(1082, 20),
(1083, 20),
(1084, 20),
(1190, 20),
(1191, 20),
(1192, 20),
(1193, 20),
(1194, 20),
(1195, 20),
(1196, 20),
(1197, 20),
(1198, 20),
(1199, 20),
(1200, 20),
(1201, 20),
(1202, 20),
(1203, 20),
(1204, 20),
(1205, 20),
(1206, 20),
(1207, 20),
(1208, 20),
(1209, 20),
(1210, 20),
(1211, 20),
(1212, 20),
(1213, 20),
(1214, 20),
(1215, 20),
(1216, 20),
(1217, 20),
(1218, 20),
(1219, 20),
(1220, 20),
(1221, 20),
(1222, 20),
(1223, 20),
(1224, 20),
(1225, 20),
(1226, 20),
(1227, 20),
(1228, 20),
(1229, 20),
(1230, 20),
(1231, 20),
(1232, 20),
(1298, 20),
(1299, 20),
(1300, 20),
(1304, 20),
(1305, 20),
(1307, 20),
(1308, 20),
(1309, 20),
(1311, 20),
(1323, 20),
(1333, 20),
(1336, 20),
(1395, 20),
(1396, 20),
(1397, 20),
(1398, 20),
(1404, 20),
(1405, 20),
(1408, 20),
(1409, 20),
(1410, 20),
(1411, 20),
(1412, 20),
(1413, 20),
(1414, 20),
(1416, 20),
(1417, 20),
(1429, 20),
(1430, 20),
(1431, 20),
(1446, 20),
(1447, 20),
(1459, 20),
(1462, 20),
(1466, 20),
(1467, 20),
(1468, 20),
(1469, 20),
(1470, 20),
(1473, 20),
(1474, 20),
(1475, 20),
(1477, 20),
(1478, 20),
(1479, 20),
(1480, 20),
(1485, 20),
(1503, 20),
(1504, 20),
(1505, 20),
(1506, 20),
(1507, 20),
(1508, 20),
(1720, 20),
(1721, 20),
(1731, 20),
(1732, 20),
(1733, 20),
(1734, 20),
(1735, 20),
(1750, 20),
(1751, 20),
(1752, 20),
(1768, 20),
(1769, 20),
(1770, 20),
(1771, 20),
(1772, 20),
(1773, 20),
(1774, 20),
(1898, 20),
(1903, 20),
(1904, 20),
(1905, 20),
(1907, 20),
(1908, 20),
(1909, 20),
(1910, 20),
(1916, 20),
(1917, 20),
(1919, 20),
(1920, 20),
(1924, 20),
(1928, 20),
(1933, 20),
(1934, 20),
(1936, 20),
(1938, 20),
(1949, 20),
(1955, 20),
(1958, 20),
(1962, 20),
(1996, 20),
(2000, 20),
(2001, 20),
(2002, 20),
(2003, 20),
(2004, 20),
(2005, 20),
(2006, 20),
(2007, 20),
(2008, 20),
(2009, 20),
(2010, 20),
(2011, 20),
(2012, 20),
(2013, 20),
(2176, 20),
(365, 21),
(366, 21),
(370, 21),
(371, 21),
(372, 21),
(375, 21),
(385, 21),
(386, 21),
(387, 21),
(691, 21),
(693, 21),
(694, 21),
(695, 21),
(699, 21),
(700, 21),
(703, 21),
(704, 21),
(705, 21),
(706, 21),
(1443, 21),
(1444, 21),
(1445, 21),
(2078, 21),
(2079, 21),
(2080, 21),
(2086, 21),
(2087, 21),
(2097, 21),
(2098, 21),
(2099, 21),
(2100, 21),
(2178, 21),
(2179, 21),
(904, 22),
(908, 22),
(909, 22),
(910, 22),
(911, 22),
(925, 22),
(926, 22),
(927, 22),
(928, 22),
(929, 22),
(960, 22),
(961, 22),
(962, 22),
(963, 22),
(964, 22),
(965, 22),
(966, 22),
(967, 22),
(968, 22),
(969, 22),
(974, 22),
(975, 22),
(976, 22),
(1094, 22),
(1095, 22),
(1096, 22),
(1099, 22),
(1100, 22),
(1101, 22),
(1366, 22),
(1367, 22),
(1368, 22),
(1369, 22),
(1370, 22),
(1371, 22),
(1372, 22),
(1373, 22),
(1374, 22),
(1433, 22),
(1434, 22),
(1435, 22),
(1436, 22),
(1441, 22),
(1442, 22),
(1444, 22),
(1445, 22),
(1502, 22),
(1523, 22),
(1524, 22),
(1525, 22),
(1526, 22),
(1527, 22),
(1528, 22),
(1529, 22),
(1847, 22),
(1850, 22),
(1851, 22),
(2072, 22),
(2073, 22),
(2074, 22),
(2075, 22),
(2076, 22),
(2077, 22),
(2177, 22),
(2178, 22),
(2179, 22),
(606, 23),
(607, 23),
(608, 23),
(609, 23),
(610, 23),
(611, 23),
(612, 23),
(613, 23),
(614, 23),
(615, 23),
(616, 23),
(617, 23),
(618, 23),
(619, 23),
(620, 23),
(621, 23),
(622, 23),
(623, 23),
(627, 23),
(629, 23),
(630, 23),
(632, 23),
(1703, 23),
(1704, 23),
(1705, 23),
(1706, 23),
(1707, 23),
(1708, 23),
(1709, 23),
(1710, 23),
(1711, 23),
(1746, 23),
(1747, 23),
(1748, 23),
(1749, 23),
(1755, 23),
(1756, 23),
(1757, 23),
(1758, 23),
(1760, 23),
(1763, 23),
(1764, 23),
(1765, 23),
(1766, 23),
(1976, 23),
(2229, 23),
(2230, 23),
(2231, 23),
(2232, 23),
(770, 24),
(771, 24),
(772, 24),
(773, 24),
(778, 24),
(779, 24),
(780, 24),
(781, 24),
(782, 24),
(783, 24),
(784, 24),
(785, 24),
(786, 24),
(787, 24),
(788, 24),
(789, 24),
(790, 24),
(791, 24),
(792, 24),
(793, 24),
(794, 24),
(795, 24),
(796, 24),
(797, 24),
(1097, 24),
(1356, 24),
(1357, 24),
(1358, 24),
(1359, 24),
(1375, 24),
(1376, 24),
(1377, 24),
(1378, 24),
(1379, 24),
(1380, 24),
(1520, 24),
(1741, 24),
(1877, 24),
(1978, 24),
(1980, 24),
(2028, 24),
(2029, 24),
(2030, 24),
(2193, 24),
(270, 25),
(271, 25),
(272, 25),
(273, 25),
(274, 25),
(275, 25),
(276, 25),
(277, 25),
(278, 25),
(279, 25),
(280, 25),
(281, 25),
(282, 25),
(283, 25),
(284, 25),
(285, 25),
(357, 25),
(802, 25),
(803, 25),
(806, 25),
(807, 25),
(809, 25),
(810, 25),
(811, 25),
(812, 25),
(813, 25),
(817, 25),
(826, 25),
(827, 25),
(831, 25),
(833, 25),
(835, 25),
(842, 25),
(843, 25),
(850, 25),
(851, 25),
(852, 25),
(853, 25),
(855, 25),
(856, 25),
(2145, 25),
(267, 26),
(269, 26),
(271, 26),
(272, 26),
(273, 26),
(274, 26),
(275, 26),
(276, 26),
(277, 26),
(278, 26),
(279, 26),
(280, 26),
(281, 26),
(282, 26),
(283, 26),
(284, 26),
(285, 26),
(359, 26),
(815, 26),
(816, 26),
(1781, 26),
(1782, 26),
(1784, 26),
(1788, 26),
(1789, 26),
(1792, 26),
(1797, 26),
(1798, 26),
(1800, 26),
(1801, 26),
(1806, 26),
(1807, 26),
(1808, 26),
(1809, 26),
(1817, 26),
(1834, 26),
(1835, 26),
(1836, 26),
(1837, 26),
(1848, 26),
(1919, 26),
(2036, 26),
(2109, 26),
(2110, 26),
(2111, 26),
(2112, 26),
(2136, 26),
(2137, 26),
(2138, 26),
(2139, 26),
(2142, 26),
(2143, 26),
(2146, 26),
(673, 27),
(682, 27),
(683, 27),
(684, 27),
(685, 27),
(686, 27),
(798, 27),
(799, 27),
(800, 27),
(804, 27),
(818, 27),
(836, 27),
(840, 27),
(857, 27),
(858, 27),
(871, 27),
(872, 27),
(873, 27),
(874, 27),
(883, 27),
(884, 27),
(889, 27),
(890, 27),
(891, 27),
(892, 27),
(893, 27),
(898, 27),
(899, 27),
(904, 27),
(908, 27),
(909, 27),
(910, 27),
(911, 27),
(925, 27),
(926, 27),
(927, 27),
(928, 27),
(929, 27),
(960, 27),
(961, 27),
(962, 27),
(963, 27),
(964, 27),
(965, 27),
(966, 27),
(967, 27),
(968, 27),
(969, 27),
(974, 27),
(975, 27),
(976, 27),
(1017, 27),
(1018, 27),
(1019, 27),
(1020, 27),
(1025, 27),
(1026, 27),
(1027, 27),
(1028, 27),
(1029, 27),
(1030, 27),
(1031, 27),
(1032, 27),
(1033, 27),
(1034, 27),
(1035, 27),
(1052, 27),
(1053, 27),
(1054, 27),
(1055, 27),
(1057, 27),
(1058, 27),
(1059, 27),
(1060, 27),
(1061, 27),
(1062, 27),
(1064, 27),
(1065, 27),
(1066, 27),
(1067, 27),
(1068, 27),
(1069, 27),
(1070, 27),
(1071, 27),
(1073, 27),
(1074, 27),
(1233, 27),
(1234, 27),
(1253, 27),
(1254, 27),
(1255, 27),
(1256, 27),
(1262, 27),
(1266, 27),
(1267, 27),
(1268, 27),
(1269, 27),
(1285, 27),
(1286, 27),
(1287, 27),
(1288, 27),
(1289, 27),
(1290, 27),
(1291, 27),
(1292, 27),
(1293, 27),
(1310, 27),
(1312, 27),
(1313, 27),
(1314, 27),
(1315, 27),
(1316, 27),
(1317, 27),
(1318, 27),
(1319, 27),
(1320, 27),
(1334, 27),
(1335, 27),
(1354, 27),
(1355, 27),
(1356, 27),
(1357, 27),
(1358, 27),
(1359, 27),
(1375, 27),
(1376, 27),
(1378, 27),
(1379, 27),
(1380, 27),
(1391, 27),
(1393, 27),
(1406, 27),
(1415, 27),
(1418, 27),
(1419, 27),
(1420, 27),
(1421, 27),
(1422, 27),
(1424, 27),
(1425, 27),
(1426, 27),
(1427, 27),
(1428, 27),
(1437, 27),
(1438, 27),
(1439, 27),
(1440, 27),
(1466, 27),
(1467, 27),
(1468, 27),
(1470, 27),
(1471, 27),
(1472, 27),
(1473, 27),
(1474, 27),
(1475, 27),
(1476, 27),
(1477, 27),
(1478, 27),
(1479, 27),
(1481, 27),
(1483, 27),
(1484, 27),
(1485, 27),
(1487, 27),
(1488, 27),
(1489, 27),
(1491, 27),
(1503, 27),
(1504, 27),
(1505, 27),
(1506, 27),
(1507, 27),
(1509, 27),
(1513, 27),
(1535, 27),
(1551, 27),
(1552, 27),
(1554, 27),
(1555, 27),
(1556, 27),
(1560, 27),
(1561, 27),
(1562, 27),
(1563, 27),
(1564, 27),
(1565, 27),
(1566, 27),
(1567, 27),
(1577, 27),
(1578, 27),
(1579, 27),
(1580, 27),
(1581, 27),
(1582, 27),
(1587, 27),
(1589, 27),
(1595, 27),
(1596, 27),
(1597, 27),
(1598, 27),
(1599, 27),
(1600, 27),
(1601, 27),
(1603, 27),
(1604, 27),
(1605, 27),
(1606, 27),
(1610, 27),
(1611, 27),
(1612, 27),
(1613, 27),
(1614, 27),
(1615, 27),
(1616, 27),
(1617, 27),
(1779, 27),
(1783, 27),
(1786, 27),
(1790, 27),
(1810, 27),
(1811, 27),
(1812, 27),
(1813, 27),
(1814, 27),
(1815, 27),
(1816, 27),
(1822, 27),
(1823, 27),
(1825, 27),
(1826, 27),
(1864, 27),
(1865, 27),
(1922, 27),
(1925, 27),
(1930, 27),
(1937, 27),
(1939, 27),
(1950, 27),
(1956, 27),
(1959, 27),
(1963, 27),
(1968, 27),
(1976, 27),
(1977, 27),
(1984, 27),
(1985, 27),
(1997, 27),
(1998, 27),
(2027, 27),
(2028, 27),
(2029, 27),
(2030, 27),
(2038, 27),
(2039, 27),
(2045, 27),
(2046, 27),
(2047, 27),
(2048, 27),
(2049, 27),
(2050, 27),
(2051, 27),
(2052, 27),
(2053, 27),
(2055, 27),
(2056, 27),
(2104, 27),
(2105, 27),
(2121, 27),
(2157, 27),
(2158, 27),
(2159, 27),
(2160, 27),
(2168, 27),
(2205, 27),
(2206, 27),
(2235, 27),
(2237, 27),
(2244, 27),
(2248, 27),
(598, 28),
(599, 28),
(600, 28),
(601, 28),
(602, 28),
(603, 28),
(604, 28),
(605, 28),
(1360, 28),
(1361, 28),
(1362, 28),
(1363, 28),
(1364, 28),
(1365, 28),
(1391, 28),
(1393, 28),
(1418, 28),
(1437, 28),
(1438, 28),
(1439, 28),
(1701, 28),
(1702, 28),
(1722, 28),
(1723, 28),
(1724, 28),
(1725, 28),
(1726, 28),
(1727, 28),
(1728, 28),
(1736, 28),
(1737, 28),
(1739, 28),
(1740, 28),
(1741, 28),
(1745, 28),
(195, 29),
(828, 29),
(841, 29),
(1294, 29),
(1326, 29),
(1381, 29),
(1382, 29),
(1383, 29),
(1452, 29),
(1463, 29),
(1464, 29),
(1465, 29),
(1469, 29),
(1518, 29),
(1519, 29),
(1539, 29),
(1540, 29),
(1541, 29),
(1547, 29),
(1548, 29),
(1549, 29),
(1571, 29),
(1572, 29),
(1573, 29),
(1574, 29),
(1575, 29),
(1576, 29),
(1584, 29),
(1585, 29),
(1590, 29),
(1591, 29),
(1592, 29),
(1593, 29),
(1594, 29),
(1671, 29),
(1674, 29),
(1862, 29),
(1863, 29),
(1871, 29),
(1872, 29),
(1873, 29),
(1874, 29),
(1875, 29),
(1976, 29),
(1977, 29),
(2133, 29),
(2134, 29),
(1535, 30),
(1555, 30),
(1556, 30),
(1560, 30),
(1561, 30),
(1562, 30),
(1563, 30),
(1577, 30),
(1578, 30),
(1579, 30),
(1587, 30),
(1589, 30),
(1598, 30),
(1599, 30),
(1600, 30),
(1603, 30),
(1604, 30),
(1605, 30),
(1606, 30),
(1613, 30),
(1920, 30),
(1928, 30),
(1958, 30),
(2157, 30),
(2158, 30),
(2159, 30),
(2160, 30),
(2200, 30),
(2202, 30),
(2203, 30),
(2210, 30),
(2243, 30),
(2247, 30),
(287, 31),
(288, 31),
(290, 31),
(292, 31),
(293, 31),
(342, 31),
(343, 31),
(344, 31),
(1075, 31),
(1076, 31),
(1078, 31),
(1079, 31),
(1080, 31),
(1081, 31),
(1082, 31),
(1083, 31),
(1085, 31),
(1087, 31),
(1088, 31),
(1263, 31),
(1617, 31),
(2106, 31),
(2234, 31),
(376, 32),
(377, 32),
(378, 32),
(380, 32),
(393, 32),
(394, 32),
(395, 32),
(396, 32),
(397, 32),
(398, 32),
(400, 32),
(401, 32),
(402, 32),
(403, 32),
(404, 32),
(405, 32),
(406, 32),
(407, 32),
(408, 32),
(409, 32),
(410, 32),
(411, 32),
(412, 32),
(413, 32),
(414, 32),
(415, 32),
(462, 32),
(463, 32),
(464, 32),
(465, 32),
(466, 32),
(467, 32),
(468, 32),
(469, 32),
(470, 32),
(471, 32),
(472, 32),
(473, 32),
(474, 32),
(475, 32),
(537, 32),
(538, 32),
(539, 32),
(540, 32),
(541, 32),
(542, 32),
(543, 32),
(544, 32),
(545, 32),
(546, 32),
(547, 32),
(548, 32),
(549, 32),
(550, 32),
(551, 32),
(552, 32),
(553, 32),
(554, 32),
(555, 32),
(556, 32),
(557, 32),
(558, 32),
(559, 32),
(560, 32),
(561, 32),
(562, 32),
(563, 32),
(564, 32),
(565, 32),
(566, 32),
(567, 32),
(568, 32),
(569, 32),
(570, 32),
(598, 32),
(599, 32),
(600, 32),
(601, 32),
(602, 32),
(603, 32),
(604, 32),
(605, 32),
(691, 32),
(693, 32),
(694, 32),
(695, 32),
(699, 32),
(700, 32),
(703, 32),
(704, 32),
(705, 32),
(706, 32),
(763, 32),
(764, 32),
(765, 32),
(766, 32),
(770, 32),
(771, 32),
(772, 32),
(773, 32),
(774, 32),
(775, 32),
(776, 32),
(777, 32),
(778, 32),
(779, 32),
(780, 32),
(781, 32),
(782, 32),
(783, 32),
(784, 32),
(785, 32),
(786, 32),
(787, 32),
(788, 32),
(789, 32),
(790, 32),
(791, 32),
(792, 32),
(793, 32),
(794, 32),
(795, 32),
(796, 32),
(797, 32),
(900, 32),
(901, 32),
(902, 32),
(903, 32),
(905, 32),
(906, 32),
(907, 32),
(916, 32),
(917, 32),
(918, 32),
(919, 32),
(923, 32),
(924, 32),
(946, 32),
(950, 32),
(951, 32),
(957, 32),
(959, 32),
(1000, 32),
(1001, 32),
(1002, 32),
(1003, 32),
(1004, 32),
(1005, 32),
(1006, 32),
(1013, 32),
(1014, 32),
(1015, 32),
(1016, 32),
(1017, 32),
(1018, 32),
(1019, 32),
(1020, 32),
(1025, 32),
(1026, 32),
(1028, 32),
(1029, 32),
(1030, 32),
(1031, 32),
(1032, 32),
(1033, 32),
(1034, 32),
(1035, 32),
(1089, 32),
(1090, 32),
(1098, 32),
(1103, 32),
(1104, 32),
(1105, 32),
(1106, 32),
(1107, 32),
(1108, 32),
(1109, 32),
(1110, 32),
(1111, 32),
(1112, 32),
(1113, 32),
(1114, 32),
(1115, 32),
(1116, 32),
(1117, 32),
(1118, 32),
(1119, 32),
(1120, 32),
(1121, 32),
(1122, 32),
(1123, 32),
(1124, 32),
(1125, 32),
(1126, 32),
(1127, 32),
(1128, 32),
(1129, 32),
(1130, 32),
(1131, 32),
(1132, 32),
(1133, 32),
(1134, 32),
(1135, 32),
(1136, 32),
(1137, 32),
(1138, 32),
(1139, 32),
(1140, 32),
(1141, 32),
(1142, 32),
(1143, 32),
(1144, 32),
(1145, 32),
(1511, 32),
(1512, 32),
(1514, 32),
(1515, 32),
(1554, 32),
(1613, 32),
(1638, 32),
(1657, 32),
(1670, 32),
(1672, 32),
(1673, 32),
(1678, 32),
(1679, 32),
(1686, 32),
(1687, 32),
(1689, 32),
(1690, 32),
(1693, 32),
(1694, 32),
(1700, 32),
(1701, 32),
(1702, 32),
(1716, 32),
(1720, 32),
(1721, 32),
(1722, 32),
(1723, 32),
(1724, 32),
(1725, 32),
(1726, 32),
(1727, 32),
(1728, 32),
(1729, 32),
(1730, 32),
(1731, 32),
(1732, 32),
(1733, 32),
(1734, 32),
(1735, 32),
(1736, 32),
(1737, 32),
(1739, 32),
(1740, 32),
(1745, 32),
(1750, 32),
(1751, 32),
(1752, 32),
(1768, 32),
(1769, 32),
(1770, 32),
(1771, 32),
(1772, 32),
(1773, 32),
(1774, 32),
(1876, 32),
(1882, 32),
(1883, 32),
(1886, 32),
(1887, 32),
(1888, 32),
(1889, 32),
(2160, 32),
(2170, 32),
(2171, 32),
(2172, 32),
(2173, 32),
(2174, 32),
(2175, 32),
(75, 33),
(79, 33),
(553, 33),
(554, 33),
(555, 33),
(556, 33),
(557, 33),
(558, 33),
(559, 33),
(560, 33),
(561, 33),
(562, 33),
(563, 33),
(564, 33),
(565, 33),
(566, 33),
(567, 33),
(568, 33),
(569, 33),
(570, 33),
(582, 33),
(583, 33),
(584, 33),
(585, 33),
(586, 33),
(587, 33),
(588, 33),
(589, 33),
(590, 33),
(591, 33),
(592, 33),
(593, 33),
(594, 33),
(595, 33),
(596, 33),
(597, 33),
(888, 33),
(1233, 33),
(1234, 33),
(1253, 33),
(1254, 33),
(1255, 33),
(1256, 33),
(1262, 33),
(1263, 33),
(1266, 33),
(1285, 33),
(1286, 33),
(1287, 33),
(1288, 33),
(1289, 33),
(1290, 33),
(1291, 33),
(1292, 33),
(1293, 33),
(1312, 33),
(1313, 33),
(1314, 33),
(1315, 33),
(1316, 33),
(1317, 33),
(1318, 33),
(1319, 33),
(1320, 33),
(1391, 33),
(1393, 33),
(1415, 33),
(1418, 33),
(1419, 33),
(1420, 33),
(1421, 33),
(1422, 33),
(1423, 33),
(1424, 33),
(1425, 33),
(1426, 33),
(1427, 33),
(1428, 33),
(1437, 33),
(1439, 33),
(1440, 33),
(1493, 33),
(1494, 33),
(1495, 33),
(1496, 33),
(1497, 33),
(1498, 33),
(1499, 33),
(1500, 33),
(1530, 33),
(1531, 33),
(1532, 33),
(1533, 33),
(1534, 33),
(1619, 33),
(1620, 33),
(1621, 33),
(1622, 33),
(1623, 33),
(1624, 33),
(1625, 33),
(1627, 33),
(1628, 33),
(1633, 33),
(1634, 33),
(1635, 33),
(1636, 33),
(1637, 33),
(1639, 33),
(1640, 33),
(1641, 33),
(1642, 33),
(1643, 33),
(1644, 33),
(1645, 33),
(1654, 33),
(1655, 33),
(1656, 33),
(1657, 33),
(1670, 33),
(2223, 33),
(393, 34),
(394, 34),
(395, 34),
(396, 34),
(397, 34),
(398, 34),
(400, 34),
(401, 34),
(402, 34),
(403, 34),
(404, 34),
(405, 34),
(406, 34),
(407, 34),
(408, 34),
(409, 34),
(410, 34),
(411, 34),
(412, 34),
(413, 34),
(414, 34),
(415, 34),
(463, 34),
(464, 34),
(465, 34),
(466, 34),
(467, 34),
(468, 34),
(469, 34),
(470, 34),
(471, 34),
(472, 34),
(473, 34),
(474, 34),
(475, 34),
(537, 34),
(538, 34),
(539, 34),
(540, 34),
(541, 34),
(542, 34),
(543, 34),
(544, 34),
(545, 34),
(546, 34),
(547, 34),
(548, 34),
(549, 34),
(550, 34),
(551, 34),
(552, 34),
(904, 34),
(908, 34),
(909, 34),
(910, 34),
(911, 34),
(925, 34),
(926, 34),
(927, 34),
(928, 34),
(929, 34),
(960, 34),
(961, 34),
(962, 34),
(963, 34),
(964, 34),
(965, 34),
(966, 34),
(967, 34),
(968, 34),
(969, 34),
(974, 34),
(975, 34),
(976, 34),
(1000, 34),
(1001, 34),
(1002, 34),
(1003, 34),
(1004, 34),
(1005, 34),
(1006, 34),
(1013, 34),
(1014, 34),
(1015, 34),
(1016, 34),
(1017, 34),
(1018, 34),
(1019, 34),
(1020, 34),
(1025, 34),
(1026, 34),
(1027, 34),
(1028, 34),
(1029, 34),
(1030, 34),
(1031, 34),
(1032, 34),
(1033, 34),
(1034, 34),
(1035, 34),
(1775, 34),
(1779, 34),
(1783, 34),
(1786, 34),
(1790, 34),
(1810, 34),
(1811, 34),
(1812, 34),
(1813, 34),
(1814, 34),
(1815, 34),
(1816, 34),
(1822, 34),
(1823, 34),
(1825, 34),
(1826, 34),
(1997, 34),
(1998, 34),
(2038, 34),
(2039, 34),
(674, 35),
(676, 35),
(677, 35),
(678, 35),
(679, 35),
(680, 35),
(681, 35),
(859, 35),
(861, 35),
(862, 35),
(863, 35),
(864, 35),
(865, 35),
(866, 35),
(1057, 35),
(1233, 35),
(1234, 35),
(1236, 35),
(1251, 35),
(1252, 35),
(1256, 35),
(1263, 35),
(1264, 35),
(1265, 35),
(1296, 35),
(1337, 35),
(1338, 35),
(1339, 35),
(1350, 35),
(1619, 35),
(1621, 35),
(1622, 35),
(1623, 35),
(1624, 35),
(1863, 35),
(1976, 35),
(1977, 35),
(1984, 35),
(2188, 35),
(2189, 35),
(912, 37),
(913, 37),
(930, 37),
(931, 37),
(932, 37),
(933, 37),
(934, 37),
(935, 37),
(936, 37),
(937, 37),
(938, 37),
(941, 37),
(943, 37),
(970, 37),
(971, 37),
(972, 37),
(973, 37),
(977, 37),
(978, 37),
(979, 37),
(980, 37),
(633, 38),
(634, 38),
(635, 38),
(638, 38),
(639, 38),
(640, 38),
(641, 38),
(642, 38),
(643, 38),
(644, 38),
(645, 38),
(646, 38),
(647, 38),
(648, 38),
(649, 38),
(650, 38),
(1103, 39),
(1104, 39),
(1105, 39),
(1106, 39),
(1107, 39),
(1108, 39),
(1109, 39),
(1110, 39),
(1111, 39),
(1112, 39),
(1113, 39),
(1114, 39),
(1115, 39),
(1116, 39),
(1117, 39),
(1118, 39),
(1119, 39),
(1120, 39),
(1121, 39),
(1122, 39),
(1123, 39),
(1124, 39),
(1125, 39),
(1126, 39),
(1127, 39),
(1128, 39),
(1129, 39),
(1130, 39),
(1131, 39),
(1132, 39),
(1133, 39),
(1134, 39),
(1135, 39),
(1136, 39),
(1137, 39),
(1138, 39),
(1139, 39),
(1140, 39),
(1141, 39),
(1142, 39),
(1143, 39),
(1144, 39),
(1145, 39);

-- --------------------------------------------------------

--
-- Table structure for table `contact_numbers`
--

CREATE TABLE `contact_numbers` (
  `id` int(11) NOT NULL,
  `number` varchar(30) NOT NULL,
  `person_id` int(11) DEFAULT NULL
) ENGINE=InnoDB DEFAULT CHARSET=latin1;

--
-- Dumping data for table `contact_numbers`
--

INSERT INTO `contact_numbers` (`id`, `number`, `person_id`) VALUES
(1, '09209647632', 1),
(2, '09177021092', 2),
(3, '09214442132', 2),
(4, '09064999059', 3),
(5, '09065619965', 4),
(6, '09175005328', 5),
(7, '09065653712', 6),
(8, '09755241067', 7),
(9, '09420948765', 7),
(10, '09219361594', 7),
(11, '09177699912', 8),
(12, '09268199760', 9),
(13, '09067622636', 10),
(14, '09266684954', 11),
(15, '09169141571', 12),
(16, '09168606479', 13),
(17, '09778308547', 14),
(18, '09287155877', 15),
(19, '09629851740', 16),
(20, '09392204390', 16),
(21, '09494494591', 17),
(22, '09163571883', 18),
(23, '09203375863', 19),
(24, '09154382970', 20),
(25, '09152147534', 21),
(26, '09159121087', 22),
(27, '0906898297', 23),
(28, '09214408764', 24),
(29, '09174422952', 25),
(30, '09085334194', 26),
(31, '09955559284', 26),
(32, '09186008331', 27),
(33, '09186008331', 27),
(34, '09056006821', 28),
(35, '09154985767', 29),
(36, '09182046263', 29),
(37, '09068935838', 30),
(38, '09309900683', 31),
(39, '09426544702', 32),
(40, '09297275495', 33),
(41, '09219588822', 34),
(42, '09162711598', 35),
(43, '09063476052', 36),
(44, '09987211247', 37),
(45, '09236922204', 38);

-- --------------------------------------------------------

--
-- Table structure for table `continuous_logsheets`
--

CREATE TABLE `continuous_logsheets` (
  `id` int(11) NOT NULL,
  `is_power_on` int(1) NOT NULL,
  `date` datetime NOT NULL,
  `battery_condition` varchar(1024) DEFAULT NULL,
  `charger_condition` varchar(1024) DEFAULT NULL,
  `other_notes` varchar(1024) DEFAULT NULL,
  `createdAt` datetime NOT NULL,
  `site_id` int(11) DEFAULT NULL,
  `antenna_id` int(11) DEFAULT NULL,
  `receiver_id` int(11) DEFAULT NULL
) ENGINE=InnoDB DEFAULT CHARSET=latin1;

-- --------------------------------------------------------

--
-- Table structure for table `continuous_observers`
--

CREATE TABLE `continuous_observers` (
  `continuous_logsheet_id` int(11) NOT NULL,
  `person_id` int(11) NOT NULL
) ENGINE=InnoDB DEFAULT CHARSET=latin1;

-- --------------------------------------------------------

--
-- Table structure for table `divisions`
--

CREATE TABLE `divisions` (
  `id` int(11) NOT NULL,
  `name` varchar(100) NOT NULL
) ENGINE=InnoDB DEFAULT CHARSET=latin1;

--
-- Dumping data for table `divisions`
--

INSERT INTO `divisions` (`id`, `name`) VALUES
(1, 'GGRDD'),
(2, 'SOEPD'),
(3, 'VMEPD'),
(4, 'ADMIN/SCIENCE AIDE');

-- --------------------------------------------------------

--
-- Table structure for table `emails`
--

CREATE TABLE `emails` (
  `id` int(11) NOT NULL,
  `address` varchar(255) NOT NULL,
  `person_id` int(11) DEFAULT NULL
) ENGINE=InnoDB DEFAULT CHARSET=latin1;

--
-- Dumping data for table `emails`
--

INSERT INTO `emails` (`id`, `address`, `person_id`) VALUES
(1, 'tbacolcol@yahoo.com', 1),
(2, 'apelicano@gmail.com', 2),
(3, 'alfie.pelicano@phivolcs.dost.gov.ph', 2),
(4, 'genesissaplajr@gmail.com', 3),
(5, 'bryan.marfito@gmail.com', 4),
(6, 'yonparas@gmail.com', 5),
(7, 'ragadiozach@gmail.com', 6),
(8, 'albert.baloto19@gmail.com', 7),
(9, 'kathleencrizeldamon@gmail.com', 8),
(10, 'oriel.absin@gmail.com', 9),
(11, 'lafradesruescelle@gmail.com', 10),
(12, 'deollamas08@gmail.com', 11),
(13, 'robelynmangahas@gmail.com', 12),
(14, 'kmvitto@gmail.com', 13),
(15, ' mmpronald@yahoo.com.ph', 14),
(16, 'rjorgio@yahoo.com', 15),
(17, 'rlabayog@yahoo.com', 16),
(18, 'esplidar@yahoo.com.ph', 17),
(19, 'marjesjaime@yahoo.com', 18),
(20, 'wilmeral2000@yahoo.com', 19),
(21, 'laicramv2@yahoo.com', 20),
(22, 'nolanbohol@yahoo.com', 21),
(23, 'milotabigue@yahoo.com', 22),
(24, 'elauron@yahoo.com', 23),
(25, 'rainer_amilbahar@yahoo.com', 24),
(26, 'rudylacson@yahoo.com', 25),
(27, 'lumbar99@yahoo.com', 26),
(28, 'bong_luis@yahoo.com', 27),
(29, 'lsalugsugan@yahoo.com', 28),
(30, 'r_pigtain@yahoo.com', 29),
(31, 'angelo.abang@philvolcs.dost.gov.ph', 30);

-- --------------------------------------------------------

--
-- Table structure for table `equipment_brands`
--

CREATE TABLE `equipment_brands` (
  `id` int(11) NOT NULL,
  `name` varchar(200) NOT NULL
) ENGINE=InnoDB DEFAULT CHARSET=latin1;

--
-- Dumping data for table `equipment_brands`
--

INSERT INTO `equipment_brands` (`id`, `name`) VALUES
(1, 'Trimble'),
(2, 'Leica');

-- --------------------------------------------------------

--
-- Table structure for table `markers`
--

CREATE TABLE `markers` (
  `id` int(11) NOT NULL,
  `name` varchar(20) NOT NULL,
  `description` varchar(1024) NOT NULL
) ENGINE=InnoDB DEFAULT CHARSET=latin1;

-- --------------------------------------------------------

--
-- Table structure for table `non_staff_positions`
--

CREATE TABLE `non_staff_positions` (
  `id` int(11) NOT NULL,
  `name` varchar(100) NOT NULL,
  `description` varchar(1024) NOT NULL
) ENGINE=InnoDB DEFAULT CHARSET=latin1;

-- --------------------------------------------------------

--
-- Table structure for table `office_locations`
--

CREATE TABLE `office_locations` (
  `id` int(11) NOT NULL,
  `name` varchar(255) NOT NULL
) ENGINE=InnoDB DEFAULT CHARSET=latin1;

-- --------------------------------------------------------

--
-- Table structure for table `people`
--

CREATE TABLE `people` (
  `id` int(11) NOT NULL,
  `first_name` varchar(35) NOT NULL,
  `last_name` varchar(35) NOT NULL,
  `nick_name` varchar(35) NOT NULL,
  `birthdate` datetime DEFAULT NULL,
  `profile_photo` blob,
  `position_id` int(11) DEFAULT NULL,
  `division_id` int(11) DEFAULT NULL,
  `site_id` int(11) DEFAULT NULL,
  `person_type_id` int(11) DEFAULT NULL,
  `non_staff_position_id` int(11) DEFAULT NULL,
  `office_location_id` int(11) DEFAULT NULL
) ENGINE=InnoDB DEFAULT CHARSET=latin1;

--
-- Dumping data for table `people`
--

INSERT INTO `people` (`id`, `first_name`, `last_name`, `nick_name`, `birthdate`, `profile_photo`, `position_id`, `division_id`, `site_id`, `person_type_id`, `non_staff_position_id`, `office_location_id`) VALUES
(1, 'Teresito', 'Bacolcol ', 'Toto', '1973-03-30 16:00:00', NULL, 1, 1, NULL, NULL, NULL, NULL),
(2, 'Alfie', 'Pelicano', 'Alfie', '1982-11-02 16:00:00', NULL, 4, 1, NULL, NULL, NULL, NULL),
(3, 'Genesis', 'Sapla', 'Geno', '1987-11-18 16:00:00', NULL, 5, 1, NULL, NULL, NULL, NULL),
(4, 'Bryan', 'Marfito', 'Bryan', '1993-07-20 16:00:00', NULL, 5, 1, NULL, NULL, NULL, NULL),
(5, 'Marion', 'Paras', 'Marion', '1994-08-09 16:00:00', NULL, 7, 1, NULL, NULL, NULL, NULL),
(6, 'Zachary', 'Ragadio', 'Zach', '1990-09-20 16:00:00', NULL, 7, 1, NULL, NULL, NULL, NULL),
(7, 'Alberto', 'Baloto', 'Albert', '1972-06-18 16:00:00', NULL, 7, 1, NULL, NULL, NULL, NULL),
(8, 'Kathleen Crizelda', 'Guillo', 'KayCee', '1989-03-31 16:00:00', NULL, 7, 1, NULL, NULL, NULL, NULL),
(9, 'Oriel Vinci', 'Absin', 'Oriel', '1989-12-02 16:00:00', NULL, 7, 1, NULL, NULL, NULL, NULL),
(10, 'Reuscelle', 'Lafrades', 'Celle', '1994-06-01 16:00:00', NULL, 7, 1, NULL, NULL, NULL, NULL),
(11, 'Deo', 'Llamas', 'Deo', '1993-10-08 16:00:00', NULL, 5, 1, NULL, NULL, NULL, NULL),
(12, 'Robelyn', 'Mangahas', 'Robelyn', '1992-10-07 16:00:00', NULL, 5, 1, NULL, NULL, NULL, NULL),
(13, 'Kimberly', 'Vitto', 'Kim', '1992-04-27 16:00:00', NULL, 5, 1, NULL, NULL, NULL, NULL),
(14, 'Ronald', 'Dela Cruz', 'Ronald', '1969-09-09 16:00:00', NULL, 2, 2, NULL, NULL, NULL, NULL),
(15, 'Robinson', 'Jorgio', 'Bombom', '1967-04-27 16:00:00', NULL, 5, 2, NULL, NULL, NULL, NULL),
(16, 'Allan', 'Labayog', 'Allan', '1979-04-20 16:00:00', NULL, 2, 2, NULL, NULL, NULL, NULL),
(17, 'Roberto', 'Esplida', 'Robert', '1972-06-12 16:00:00', NULL, 2, 2, NULL, NULL, NULL, NULL),
(18, 'Jaime', 'Marjes', 'Jaime', '1957-04-12 16:00:00', NULL, 5, 2, NULL, NULL, NULL, NULL),
(19, 'Wilmer ', 'Legaspi', 'Wilmer', '1967-02-09 16:00:00', NULL, 2, 2, NULL, NULL, NULL, NULL),
(20, 'Maricial', 'Vito', 'Maricial', '1967-11-01 16:00:00', NULL, 3, 2, NULL, NULL, NULL, NULL),
(21, 'Nolan', 'Evangelista', 'Nolan', '1968-10-27 16:00:00', NULL, 2, 2, NULL, NULL, NULL, NULL),
(22, 'Milo', 'Tabigue', 'Milo', '1970-03-22 16:00:00', NULL, 2, 2, NULL, NULL, NULL, NULL),
(23, 'Eduardo', 'Lauron', 'Bong', '1968-04-22 16:00:00', NULL, 2, 2, NULL, NULL, NULL, NULL),
(24, 'Rainier', 'Amilbahar', 'Rainer', '1971-06-23 16:00:00', NULL, 2, 2, NULL, NULL, NULL, NULL),
(25, 'Rudy', 'Lacson', 'Rudy', '1971-04-25 16:00:00', NULL, 6, 3, NULL, NULL, NULL, NULL),
(26, 'Rey', 'Lumbag', 'Rey', '1971-09-20 16:00:00', NULL, 5, 3, NULL, NULL, NULL, NULL),
(27, 'Artemio', 'Luis', 'Bong', '1971-04-14 16:00:00', NULL, 4, 3, NULL, NULL, NULL, NULL),
(28, 'Luisito', 'Salugsugan', 'Diding', '1957-07-23 16:00:00', NULL, 2, 3, NULL, NULL, NULL, NULL),
(29, 'Ronald', 'Pigtain', 'Ronald', '1964-09-15 16:00:00', NULL, 4, 3, NULL, NULL, NULL, NULL),
(30, 'Angelo', 'Abang', 'Angelo', '1964-10-13 16:00:00', NULL, 3, 3, NULL, NULL, NULL, NULL),
(31, 'Allan ', 'Loza', 'Allan', '1972-04-13 16:00:00', NULL, 5, 3, NULL, NULL, NULL, NULL),
(32, 'Renato', 'Garduque', 'Atoy', '1968-08-02 16:00:00', NULL, 8, 4, NULL, NULL, NULL, NULL),
(33, 'Edwin', 'Ariola', 'Nono', '1959-08-03 16:00:00', NULL, 9, 4, NULL, NULL, NULL, NULL),
(34, 'Manolito', 'Begonia', 'Lito', '1963-01-27 16:00:00', NULL, 9, 4, NULL, NULL, NULL, NULL),
(35, 'Eric', 'Tejerero', 'Eric', '1978-03-04 16:00:00', NULL, 10, 4, NULL, NULL, NULL, NULL),
(36, 'Noah', 'Reblora', 'Noah', '1972-12-10 16:00:00', NULL, 7, 4, NULL, NULL, NULL, NULL),
(37, 'Roderick', 'Ramos', 'Deck', '1973-11-23 16:00:00', NULL, 7, 4, NULL, NULL, NULL, NULL),
(38, 'Jay', 'Gusi', 'Jay', '1973-05-30 16:00:00', NULL, 7, 4, NULL, NULL, NULL, NULL),
(39, 'Norberto', 'Salili', 'Bert', '1959-02-14 16:00:00', NULL, 9, 4, NULL, NULL, NULL, NULL);

-- --------------------------------------------------------

--
-- Table structure for table `person_types`
--

CREATE TABLE `person_types` (
  `id` int(11) NOT NULL,
  `type` varchar(20) NOT NULL,
  `description` varchar(300) NOT NULL
) ENGINE=InnoDB DEFAULT CHARSET=latin1;

-- --------------------------------------------------------

--
-- Table structure for table `positions`
--

CREATE TABLE `positions` (
  `id` int(11) NOT NULL,
  `name` varchar(100) NOT NULL
) ENGINE=InnoDB DEFAULT CHARSET=latin1;

--
-- Dumping data for table `positions`
--

INSERT INTO `positions` (`id`, `name`) VALUES
(1, 'Associate Scientist'),
(2, 'SR Analyst'),
(3, 'SR Assistant'),
(4, 'SRS II'),
(5, 'SRS I'),
(6, 'Senior SRS'),
(7, 'Job Order'),
(8, 'Science Aide'),
(9, 'Admin Aide IV'),
(10, 'Admin Aide III');

-- --------------------------------------------------------

--
-- Table structure for table `receivers`
--

CREATE TABLE `receivers` (
  `id` int(11) NOT NULL,
  `serial_number` varchar(150) NOT NULL,
  `part_number` varchar(150) NOT NULL,
  `retirement_date` datetime DEFAULT NULL,
  `createdAt` datetime NOT NULL DEFAULT CURRENT_TIMESTAMP,
  `updatedAt` datetime NOT NULL DEFAULT CURRENT_TIMESTAMP ON UPDATE CURRENT_TIMESTAMP,
  `receiver_model_id` int(11) DEFAULT NULL
) ENGINE=InnoDB DEFAULT CHARSET=latin1;

--
-- Dumping data for table `receivers`
--

INSERT INTO `receivers` (`id`, `serial_number`, `part_number`, `retirement_date`, `createdAt`, `updatedAt`, `receiver_model_id`) VALUES
(1, 'Test Receiver SN', 'test receiver PN', NULL, '2017-10-26 10:08:34', '2017-10-26 10:08:34', NULL),
(2, '3551A13863', '24840-41', NULL, '2017-10-26 10:08:34', '2017-10-26 10:08:34', NULL),
(3, '3551A13917', '24840-41', NULL, '2017-10-26 10:08:34', '2017-10-26 10:08:34', NULL),
(4, '3905A25361', '24840-41', NULL, '2017-10-26 10:08:34', '2017-10-26 10:08:34', NULL),
(5, '3906A25428', '24840-41', NULL, '2017-10-26 10:08:34', '2017-10-26 10:08:34', NULL),
(6, '3941A26962', '24840-41', NULL, '2017-10-26 10:08:34', '2017-10-26 10:08:34', NULL),
(7, '4017A28158', '24840-41', NULL, '2017-10-26 10:08:34', '2017-10-26 10:08:34', NULL),
(8, '4023A28515', '24840-41', NULL, '2017-10-26 10:08:34', '2017-10-26 10:08:34', NULL),
(9, '4906165518', '65873-00', NULL, '2017-10-26 10:08:34', '2017-10-26 10:08:34', NULL),
(10, '4906165602', '65873-00', NULL, '2017-10-26 10:08:34', '2017-10-26 10:08:34', NULL),
(11, '4911166850', '65873-00', NULL, '2017-10-26 10:08:34', '2017-10-26 10:08:34', NULL),
(12, '4911166851', '65873-00', NULL, '2017-10-26 10:08:34', '2017-10-26 10:08:34', NULL),
(13, '4912167239', '65873-00', NULL, '2017-10-26 10:08:34', '2017-10-26 10:08:34', NULL),
(14, '4912167244', '65873-00', NULL, '2017-10-26 10:08:34', '2017-10-26 10:08:34', NULL),
(15, '4912167254', '65873-00', NULL, '2017-10-26 10:08:34', '2017-10-26 10:08:34', NULL),
(16, '4912167255', '65873-00', NULL, '2017-10-26 10:08:34', '2017-10-26 10:08:34', NULL),
(17, '4935400803', '65873-00', NULL, '2017-10-26 10:08:34', '2017-10-26 10:08:34', NULL),
(18, '0220294779', '40406-00', NULL, '2017-10-26 10:08:34', '2017-10-26 10:08:34', NULL),
(19, '0220358872', '40406-00', NULL, '2017-10-26 10:08:34', '2017-10-26 10:08:34', NULL),
(20, '0220281552', '40406-32', NULL, '2017-10-26 10:08:34', '2017-10-26 10:08:34', NULL),
(21, '0220294778', '40406-32', NULL, '2017-10-26 10:08:34', '2017-10-26 10:08:34', NULL),
(22, '0220294780', '40406-32', NULL, '2017-10-26 10:08:34', '2017-10-26 10:08:34', NULL),
(23, '0220294782', '40406-32', NULL, '2017-10-26 10:08:34', '2017-10-26 10:08:34', NULL),
(24, '0220294783', '40406-32', NULL, '2017-10-26 10:08:34', '2017-10-26 10:08:34', NULL),
(25, '0220294794', '40406-32', NULL, '2017-10-26 10:08:34', '2017-10-26 10:08:34', NULL),
(26, '0440100597', '40406-32', NULL, '2017-10-26 10:08:34', '2017-10-26 10:08:34', NULL),
(27, '4814149941', '63592-00', NULL, '2017-10-26 10:08:34', '2017-10-26 10:08:34', NULL),
(28, '4814149946', '63592-00', NULL, '2017-10-26 10:08:34', '2017-10-26 10:08:34', NULL),
(29, '5035K69803', '67668-10', NULL, '2017-10-26 10:08:34', '2017-10-26 10:08:34', NULL),
(30, '5035K69860', '67668-10', NULL, '2017-10-26 10:08:34', '2017-10-26 10:08:34', NULL),
(31, '5503R50022', '67668-10', NULL, '2017-10-26 10:08:34', '2017-10-26 10:08:34', NULL),
(32, '5035K69861', '67668-10', NULL, '2017-10-26 10:08:34', '2017-10-26 10:08:34', NULL),
(33, '5049K72284', '67668-10', NULL, '2017-10-26 10:08:34', '2017-10-26 10:08:34', NULL),
(34, '5116K75192', '67668-10', NULL, '2017-10-26 10:08:34', '2017-10-26 10:08:34', NULL),
(35, '4450241606', '', NULL, '2017-10-26 10:08:34', '2017-10-26 10:08:34', NULL),
(36, '4409232263', '45905-00', NULL, '2017-10-26 10:08:34', '2017-10-26 10:08:34', NULL),
(37, '4409232247', '45905-00', NULL, '2017-10-26 10:08:34', '2017-10-26 10:08:34', NULL),
(38, '0220306511', '40406-32', NULL, '2017-10-26 10:08:34', '2017-10-26 10:08:34', NULL),
(39, '4935400802', '65873-00', NULL, '2017-10-26 10:08:34', '2017-10-26 10:08:34', NULL),
(41, '0220297102', '40406-32', NULL, '2017-10-26 10:08:34', '2017-10-26 10:08:34', NULL),
(42, '5705R51304', '67668-10', NULL, '2017-10-26 10:08:34', '2017-10-26 10:08:34', NULL),
(43, '0220294786', '40406-32', NULL, '2017-10-26 10:08:34', '2017-10-26 10:08:34', NULL),
(45, 'Not Indicated', 'Not Indicated', NULL, '2017-10-26 10:08:34', '2017-10-26 10:08:34', NULL),
(46, '22069', 'Not Indicated', NULL, '2017-10-26 10:08:34', '2017-10-26 10:08:34', NULL),
(47, '0220353627', '53592-31', NULL, '2017-10-26 10:08:34', '2017-10-26 10:08:34', NULL);

-- --------------------------------------------------------

--
-- Table structure for table `receiver_models`
--

CREATE TABLE `receiver_models` (
  `id` int(11) NOT NULL,
  `name` varchar(200) NOT NULL,
  `equipment_brand_id` int(11) DEFAULT NULL
) ENGINE=InnoDB DEFAULT CHARSET=latin1;

-- --------------------------------------------------------

--
-- Table structure for table `sites`
--

CREATE TABLE `sites` (
  `id` int(11) NOT NULL,
  `name` char(4) NOT NULL,
  `date_established` datetime DEFAULT NULL,
  `latitude` double DEFAULT NULL,
  `longitude` double DEFAULT NULL,
  `location` varchar(300) DEFAULT NULL,
  `description` varchar(1024) DEFAULT NULL,
  `createdAt` datetime NOT NULL DEFAULT CURRENT_TIMESTAMP,
  `updatedAt` datetime NOT NULL DEFAULT CURRENT_TIMESTAMP,
  `survey_type_id` int(1) DEFAULT NULL,
  `marker_id` int(11) DEFAULT NULL
) ENGINE=InnoDB DEFAULT CHARSET=latin1;

--
-- Dumping data for table `sites`
--

INSERT INTO `sites` (`id`, `name`, `date_established`, `latitude`, `longitude`, `location`, `description`, `createdAt`, `updatedAt`, `survey_type_id`, `marker_id`) VALUES
(1, 'AB14', NULL, 17.53837081, 120.7184678, 'Brgy. Poblacion, Bucay, Abra', NULL, '2017-10-24 20:47:50', '2017-10-24 20:47:50', 2, NULL),
(2, 'ABLA', NULL, 13.4452747, 120.7284352, 'Abra de Ilog Catholic Church, Occidental Mindoro', NULL, '2017-10-24 20:47:50', '2017-10-24 20:47:50', 1, NULL),
(3, 'ADMI', NULL, 11.1470564, 124.6383871, 'NOC-EDC Administration Building, Tongonan, Ormoc City', NULL, '2017-10-24 20:47:50', '2017-10-24 20:47:50', 2, NULL),
(4, 'ALAB', NULL, 14.1024228, 122.0134832, 'Sangguniang Bayan Session Hall, Alabat Municipal Hall, Alabat, Quezon', NULL, '2017-10-24 20:47:50', '2017-10-24 20:47:50', 1, NULL),
(5, 'ALBU', NULL, 10.9166844, 124.6941344, 'NCKU: Albuera Municipal Hall, Municipal Trial Court (2nd Floor), Leyte', NULL, '2017-10-24 20:47:50', '2017-10-24 20:47:50', 1, NULL),
(6, 'ALIC', NULL, 23.6701143, 133.8855175, NULL, NULL, '2017-10-24 20:47:50', '2017-10-24 20:47:50', NULL, NULL),
(7, 'ANGT', NULL, 14.9306337, 121.0268617, 'Matias A. Fernando Memorial School (formerly Angat Elementary School), Bulacan (2017) | Angat Municipal Hall, San Roque Angat, Bulacan', NULL, '2017-10-24 20:47:50', '2017-10-24 20:47:50', 1, NULL),
(8, 'ANQ0', NULL, 16.2603114, 121.6494068, '[Nearby QRN16 (Destroyed) and QRN17] DENR Cenro, Abbag Nagtipunan,Quirino', NULL, '2017-10-24 20:47:50', '2017-10-24 20:47:50', 2, NULL),
(9, 'ANTP', NULL, 14.6259637, 121.1684136, 'Bagong Nayon Barangay Hall, Antipolo City, Rizal', NULL, '2017-10-24 20:47:50', '2017-10-24 20:47:50', 1, NULL),
(10, 'APAR', NULL, 18.3553058, 121.6472913, 'SSG office, 2nd floor, Aparri School of Arts and Trades (ASAT) DepED, Aparri Cagayan', NULL, '2017-10-24 20:47:50', '2017-10-24 20:47:50', 1, NULL),
(11, 'AR17', NULL, 15.73977397, 121.3888477, 'Dianawa, Francisco Q dagyapen Memorial Elementary School, Maria Aurora, Aurora', NULL, '2017-10-24 20:47:50', '2017-10-24 20:47:50', 2, NULL),
(12, 'AR30', NULL, 15.3329749, 121.3725308, 'Paaralang Elementarya ng Cabog, Cabog, Matawe Dingalan, Aurora', NULL, '2017-10-24 20:47:50', '2017-10-24 20:47:50', 2, NULL),
(13, 'AROY', NULL, 12.5117133, 123.3986397, 'Aroroy, Masbate', NULL, '2017-10-24 20:47:50', '2017-10-24 20:47:50', 1, NULL),
(14, 'ATIM', NULL, 13.9961616, 121.9122135, 'Municipio ng atimonan, Tagbakin Manggalayan Labak, Atimonan, Quezon', NULL, '2017-10-24 20:47:50', '2017-10-24 20:47:50', 1, NULL),
(15, 'AUR1', NULL, NULL, NULL, '(Unknown Status last data 2008) Barangay 4, Poblacion, Baler, Aurora, Philippines', NULL, '2017-10-24 20:47:50', '2017-10-24 20:47:50', 2, NULL),
(16, 'AURA', NULL, 15.7470585, 121.5323561, 'DepED Schools Division of Aurora, San luis, Aurora , Baler', NULL, '2017-10-24 20:47:50', '2017-10-24 20:47:50', 1, NULL),
(17, 'AURO', NULL, 15.7571605, 121.5629633, '(Unknown Status last data 2010)Baler Elementary School, Aurora, Baler Bagbaguin', NULL, '2017-10-24 20:47:50', '2017-10-24 20:47:50', 2, NULL),
(18, 'BACO', NULL, 13.3593457, 121.096718, '2nd floor, Solid Waste Management Office, Baco Municipal Hall, Baco, Oriental Mindoro', NULL, '2017-10-24 20:47:50', '2017-10-24 20:47:50', 1, NULL),
(19, 'BAGB', NULL, 14.7178095, 121.0041737, 'Barangay Hall, Barangay 165, Zone 15, District 1, Bagbaguin, Caloocan City', NULL, '2017-10-24 20:47:50', '2017-10-24 20:47:50', 1, NULL),
(20, 'BAGU', NULL, 16.4610586, 120.5884682, 'Bagio DOST office, La Trinidad, Benguet', NULL, '2017-10-24 20:47:50', '2017-10-24 20:47:50', 1, NULL),
(21, 'BAKO', NULL, 6.4910545, 106.8489104, NULL, NULL, '2017-10-24 20:47:50', '2017-10-24 20:47:50', NULL, NULL),
(22, 'BALA', NULL, 14.6748317, 120.5303655, 'Provincial Capitol, Tenejero Fourlane Commercial, Balanga Bataan', NULL, '2017-10-24 20:47:50', '2017-10-24 20:47:50', 1, NULL),
(23, 'BALU', NULL, 12.0391613, 123.19218, 'Balud, Masbate', NULL, '2017-10-24 20:47:50', '2017-10-24 20:47:50', 1, NULL),
(24, 'BANI', NULL, 7.50562752, 124.6950133, 'Banisilan Municipal Hall, North Cotabato', NULL, '2017-10-24 20:47:50', '2017-10-24 20:47:50', 2, NULL),
(25, 'BARB', NULL, 15.9744285, 120.4726615, 'Minien West, Brgy. Oraan East, Santa Barbara, Pangasinan', NULL, '2017-10-24 20:47:50', '2017-10-24 20:47:50', 2, NULL),
(26, 'BASC', NULL, 20.4500633, 121.969457, 'Provincial Capitol, Assesors office Bldg., Provincial Capital of Batanes, Basco, Batanes', NULL, '2017-10-24 20:47:50', '2017-10-24 20:47:50', 1, NULL),
(27, 'BATC', NULL, 18.0635916, 120.5595521, 'DOST Ilocos norte Science and Technology Center, National Highway Batac CIty, Ilocos Norte', NULL, '2017-10-24 20:47:50', '2017-10-24 20:47:50', 1, NULL),
(28, 'BAYB', NULL, 10.67701583, 124.7981036, 'NCKU: City Hall Compound of Baybay, Baybay City, Leyte', NULL, '2017-10-24 20:47:50', '2017-10-24 20:47:50', 1, NULL),
(29, 'BGB1', NULL, 15.6560544, 121.2144075, 'Private land Brgy. Calaanan, Bongabon, Nueva Ejica', NULL, '2017-10-24 20:47:50', '2017-10-24 20:47:50', 2, NULL),
(30, 'BICA', NULL, 13.2397021, 123.8222801, 'Salvacion, Santo Domingo, Albay', NULL, '2017-10-24 20:47:50', '2017-10-24 20:47:50', NULL, NULL),
(31, 'BLNA', NULL, 16.3786876, 119.9146828, 'Bolinao seismic station, Bolinao, Pangasinan', NULL, '2017-10-24 20:47:50', '2017-10-24 20:47:50', 1, NULL),
(32, 'BNBA', NULL, 15.8337086, 120.9597474, 'Sto. nio, Zone 7, San Jose City, Nueva Ecija', NULL, '2017-10-24 20:47:50', '2017-10-24 20:47:50', 2, NULL),
(33, 'BNOR', NULL, NULL, NULL, 'Negros Oriental State University, Bais City', NULL, '2017-10-24 20:47:50', '2017-10-24 20:47:50', 2, NULL),
(34, 'BOLI', NULL, 16.3856034, 119.8939018, 'Bolinao Central School, Bolinao, Pangasinan', NULL, '2017-10-24 20:47:50', '2017-10-24 20:47:50', 2, NULL),
(35, 'BONG', NULL, 9.362423, 122.8083838, 'Bayawan City East Central School (BCECS), Telesforo Diao St., Bayawan, Negros Oriental', NULL, '2017-10-24 20:47:50', '2017-10-24 20:47:50', 2, NULL),
(36, 'BONT', NULL, 17.0907531, 120.9779419, 'Provincial Engineering Office, Mount Province Tabuk Enrile, Cagayan Rd Bontoc, Mountain Province, Cordillera ', NULL, '2017-10-24 20:47:50', '2017-10-24 20:47:50', 1, NULL),
(37, 'BRG1', NULL, 18.5203399, 120.6007594, 'Brgy. Ablan, Burgos, Ilocos Norte', NULL, '2017-10-24 20:47:50', '2017-10-24 20:47:50', 2, NULL),
(38, 'BRGC', NULL, 18.520349, 120.6007455, 'Pan-Philippine Hi-way, Burgos, Ilocos Norte', NULL, '2017-10-24 20:47:50', '2017-10-24 20:47:50', 1, NULL),
(39, 'BSCS', NULL, 16.98654364, 121.9587723, 'Benito Soliven Central Elementary School, Benito Soliven, Isabela', NULL, '2017-10-24 20:47:50', '2017-10-24 20:47:50', 2, NULL),
(40, 'BTS3', NULL, 20.4383143, 121.9628131, 'Chanarian, Basco, Batanes', NULL, '2017-10-24 20:47:50', '2017-10-24 20:47:50', 2, NULL),
(41, 'BTUN', NULL, 8.9530625, 125.5979939, 'DOST Butuan, Caraga State University, Butuan City, Agusan del Norte', NULL, '2017-10-24 20:47:50', '2017-10-24 20:47:50', 1, NULL),
(42, 'BUCA', NULL, 13.9126994, 121.5447799, 'Bucal Elementary School, Brgy. Bucal, Sariaya, Quezon', NULL, '2017-10-24 20:47:50', '2017-10-24 20:47:50', 2, NULL),
(43, 'BUGS', NULL, 16.8000614, 120.8221146, 'Buguias Town Hall, Abatan, Buguias, Benguet', NULL, '2017-10-24 20:47:50', '2017-10-24 20:47:50', 1, NULL),
(44, 'BULA', NULL, 12.3253948, 121.3439113, 'Bulalacao Municipal Hall, Bulalacao Oriental Mindoro', NULL, '2017-10-24 20:47:50', '2017-10-24 20:47:50', 1, NULL),
(45, 'BURG', NULL, 13.9178117, 121.8178012, 'Padre Burgos Central School, Padre Burgos, Quezon', NULL, '2017-10-24 20:47:50', '2017-10-24 20:47:50', 2, NULL),
(46, 'BURN', NULL, 10.97430382, 124.8923936, 'NCKU: Burauen, Leyte', NULL, '2017-10-24 20:47:50', '2017-10-24 20:47:50', 1, NULL),
(47, 'CABN', NULL, 15.4796009, 120.9602327, '6 Pan-Philippine High way, Cabanatuan City, 3100 Nueva Ecija', NULL, '2017-10-24 20:47:50', '2017-10-24 20:47:50', 1, NULL),
(48, 'CACA', NULL, 13.9303073, 120.8127971, 'Calaca Municipal Hall, Calaca, Batangas', NULL, '2017-10-24 20:47:50', '2017-10-24 20:47:50', 1, NULL),
(49, 'CALA', NULL, 13.4115063, 121.1797421, 'PDIC Building Calapan, Oriental Mindoro', NULL, '2017-10-24 20:47:50', '2017-10-24 20:47:50', 1, NULL),
(50, 'CALB', NULL, 13.28915297, 123.7282787, 'VMEPD: Mayon cGPS', NULL, '2017-10-24 20:47:50', '2017-10-24 20:47:50', NULL, NULL),
(51, 'CALC', NULL, 14.7178096, 121.0041737, NULL, NULL, '2017-10-24 20:47:50', '2017-10-24 20:47:50', NULL, NULL),
(52, 'CALI', NULL, 11.1224904, 122.5373974, 'Town Plaza, Calinog, Iloilo', NULL, '2017-10-24 20:47:50', '2017-10-24 20:47:50', 2, NULL),
(53, 'CARI', NULL, 11.3006865, 124.6866773, 'Town Plaza fronting catholic church, brgy. Ponog, Carigara Leyte', NULL, '2017-10-24 20:47:50', '2017-10-24 20:47:50', 2, NULL),
(54, 'CATA', NULL, 13.5865324, 124.2358596, 'Poblacion, Cataingan, Masbate', NULL, '2017-10-24 20:47:50', '2017-10-24 20:47:50', 1, NULL),
(55, 'CATM', NULL, 8.6461533, 125.7066191, 'Catmonon Elementary School, Catmonon, Esperanza, Agusan del Sur', NULL, '2017-10-24 20:47:50', '2017-10-24 20:47:50', 2, NULL),
(56, 'CEA1', NULL, 10.382953, 123.6571769, NULL, NULL, '2017-10-24 20:47:50', '2017-10-24 20:47:50', NULL, NULL),
(57, 'CEB1', NULL, 10.7285052, 124.0128965, 'Catmon Central Elementary School, Cebu', NULL, '2017-10-24 20:47:50', '2017-10-24 20:47:50', 2, NULL),
(58, 'CEBA', NULL, 10.3829549, 123.6571761, '[Auxiliary CEA1] Middle of the oval, Toledo Vocational National High School Toledo City, Cebu', NULL, '2017-10-24 20:47:50', '2017-10-24 20:47:50', 2, NULL),
(59, 'CEBB', NULL, 9.9388347, 123.3925638, 'Moalboal Central Elementary School, Moalboal, Cebu', NULL, '2017-10-24 20:47:50', '2017-10-24 20:47:50', 2, NULL),
(60, 'CEBC', NULL, 11.08148285, 123.9378031, 'San Remegio Central Elementary School, M. Quezon Street, San Remegio, Cebu', NULL, '2017-10-24 20:47:50', '2017-10-24 20:47:50', 2, NULL),
(61, 'CEBD', NULL, 10.9415456, 124.0279516, 'Tabogon Central Elementary school, Tabogon, Cebu Province', NULL, '2017-10-24 20:47:50', '2017-10-24 20:47:50', 2, NULL),
(62, 'CEBU', NULL, 10.31688257, 123.9661401, NULL, NULL, '2017-10-24 20:47:50', '2017-10-24 20:47:50', NULL, NULL),
(63, 'CG95', NULL, NULL, NULL, 'Appari, Bangag, Cagayan', NULL, '2017-10-24 20:47:50', '2017-10-24 20:47:50', 2, NULL),
(64, 'CLAV', NULL, 18.6069283, 121.083895, '(Claveria Grassroots Multi- Purpose Cooperative) Centro 3, Claveria, Cagayan 3519 Nangasangan St. Claveria, Cagayan', NULL, '2017-10-24 20:47:50', '2017-10-24 20:47:50', 1, NULL),
(65, 'CLYN', NULL, 19.2617882, 121.475183, 'Municipal Hall of Calayan, Calayan Island, Cagayan', NULL, '2017-10-24 20:47:50', '2017-10-24 20:47:50', 1, NULL),
(66, 'CMGN', NULL, 18.9070999, 121.8672626, 'Lyceum of Camiguin Church, Camiguin Island, Cagayan', NULL, '2017-10-24 20:47:50', '2017-10-24 20:47:50', 1, NULL),
(67, 'CMN2', NULL, 14.1344237, 122.982716, 'Barangay Bagasbas, Daet City, Camarines Norte', NULL, '2017-10-24 20:47:50', '2017-10-24 20:47:50', 2, NULL),
(68, 'CMS2', NULL, 13.7608793, 123.2861196, 'Brgy. Sibobo, Calabanga, Camarines Sur', NULL, '2017-10-24 20:47:50', '2017-10-24 20:47:50', 2, NULL),
(69, 'CNTA', NULL, 14.5796656, 121.1148132, 'Cainta People Center, Sto. Domingo, Cainta, Rizal', NULL, '2017-10-24 20:47:50', '2017-10-24 20:47:50', 1, NULL),
(70, 'COTA', NULL, 7.854524, 125.0492082, 'Central Mindanao University, Musuan Campus, Maramag, Bukidnon', NULL, '2017-10-24 20:47:50', '2017-10-24 20:47:50', 2, NULL),
(71, 'COTB', NULL, 7.00634053, 125.0900923, 'Kidapawan COty Pilot School, Kidapawan City, Cotabatao', NULL, '2017-10-24 20:47:50', '2017-10-24 20:47:50', 2, NULL),
(72, 'COTC', NULL, 6.750466, 125.3575165, 'Digos City National High School, Digos City, Davao Del Sur', NULL, '2017-10-24 20:47:50', '2017-10-24 20:47:50', 2, NULL),
(73, 'COTD', NULL, 6.06684688, 125.1254645, 'Mindanao State University, Tambler Campus, Gen. Santos City', NULL, '2017-10-24 20:47:50', '2017-10-24 20:47:50', 2, NULL),
(74, 'COTE', NULL, 6.63532756, 124.5995237, '(Nearby CTE1) Isulan Central School, Isulan, Sultan Kudarat', NULL, '2017-10-24 20:47:50', '2017-10-24 20:47:50', 2, NULL),
(75, 'COTF', NULL, 5.99245822, 124.6219092, 'Kiamba National High School, Kiamba, Saranggani', NULL, '2017-10-24 20:47:50', '2017-10-24 20:47:50', 2, NULL),
(76, 'COTG', NULL, 7.2225326, 124.2457335, 'Cotabato City Central Pilot School, Sinsuat Avenue, Cotabato City', NULL, '2017-10-24 20:47:50', '2017-10-24 20:47:50', 2, NULL),
(77, 'COTH', NULL, 7.99538553, 124.2581582, '(MSU Open Field) Mindanao State University, Lanao Del Sur, Marawi', NULL, '2017-10-24 20:47:50', '2017-10-24 20:47:50', 2, NULL),
(78, 'CRIS', NULL, 15.7829321, 121.0595317, 'Brgy. San Juan, San jose city, Nueva Ecija', NULL, '2017-10-24 20:47:50', '2017-10-24 20:47:50', 2, NULL),
(79, 'CRLN', NULL, 15.9596132, 121.0640068, 'Carangalan Central Elementary School, Carangalan, Nueva Ecija', NULL, '2017-10-24 20:47:50', '2017-10-24 20:47:50', 2, NULL),
(80, 'CTE1', NULL, 6.63531556, 124.5995666, '(Nearby COTE) Isulan Central School, Isulan, Sultan Kudarat', NULL, '2017-10-24 20:47:50', '2017-10-24 20:47:50', 2, NULL),
(81, 'CUSV', NULL, 13.735914, 100.5339205, NULL, NULL, '2017-10-24 20:47:50', '2017-10-24 20:47:50', NULL, NULL),
(82, 'CUYP', NULL, 15.8120983, 120.6774886, 'Cuyapo Reststop and Resturant, Barangay Sabit, Cuyapo, Nueva Ecija', NULL, '2017-10-24 20:47:50', '2017-10-24 20:47:50', 2, NULL),
(83, 'DAEJ', NULL, 36.3994288, 127.3744791, NULL, NULL, '2017-10-24 20:47:50', '2017-10-24 20:47:50', NULL, NULL),
(84, 'DARW', NULL, 12.8437028, 131.1327404, NULL, NULL, '2017-10-24 20:47:50', '2017-10-24 20:47:50', NULL, NULL),
(85, 'DIMA', NULL, 12.1922693, 123.8570701, 'Dimasalang, Masbate', NULL, '2017-10-24 20:47:50', '2017-10-24 20:47:50', 1, NULL),
(86, 'DINA', NULL, 16.1396539, 121.9524092, 'Juan C. Angara Memorial National High School, Dinalungan, Aurora', NULL, '2017-10-24 20:47:50', '2017-10-24 20:47:50', 2, NULL),
(87, 'DIPA', NULL, 15.9225982, 121.5739335, 'Brgy. Ditale, Paaralang Elementarya ng Ditale, Dipaculao, Aurora', NULL, '2017-10-24 20:47:50', '2017-10-24 20:47:50', 2, NULL),
(88, 'DULA', NULL, 8.82452525, 125.5347508, 'Dulag Elementary School, Brgy. Dulag, Butuan City', NULL, '2017-10-24 20:47:50', '2017-10-24 20:47:50', 2, NULL),
(89, 'ELNA', NULL, 14.1803529, 122.3909672, 'Santa Elena Municipal Elna, Camarines Norte', NULL, '2017-10-24 20:47:50', '2017-10-24 20:47:50', 1, NULL),
(90, 'GABU', NULL, 17.96479918, 120.4743705, 'Replaced ILN5(Destroyed) Gabut Norte, Badoc, Ilocos Norte', NULL, '2017-10-24 20:47:50', '2017-10-24 20:47:50', 2, NULL),
(91, 'GONZ', NULL, 18.26117298, 121.9969164, 'Gonzaga Town Hall, Gonzaga, Cagayan', NULL, '2017-10-24 20:47:50', '2017-10-24 20:47:50', 2, NULL),
(92, 'GUAM', NULL, 13.5893293, 144.8683612, NULL, NULL, '2017-10-24 20:47:50', '2017-10-24 20:47:50', NULL, NULL),
(93, 'GUIN', NULL, 13.9070456, 122.4448599, 'Calimpak, Guinayangan, Quezon', NULL, '2017-10-24 20:47:50', '2017-10-24 20:47:50', NULL, NULL),
(94, 'GUMA', NULL, 13.9215028, 122.0984972, 'umaca Municipal Agriculture Office, Municipal Hall Gumaca, Quezon', NULL, '2017-10-24 20:47:50', '2017-10-24 20:47:50', 1, NULL),
(95, 'GUNG', NULL, 13.906435, 122.4453492, 'Guinayangan Seismic Station (GQP), Quezon', NULL, '2017-10-24 20:47:50', '2017-10-24 20:47:50', 1, NULL),
(96, 'GUNY', NULL, 13.89482896, 122.4539262, 'Guinayangan Elementary School, Roldan Avenue, Guinayangan, Quezon', NULL, '2017-10-24 20:47:50', '2017-10-24 20:47:50', 2, NULL),
(97, 'HINA', NULL, 11.7020809, 125.067095, NULL, NULL, '2017-10-24 20:47:50', '2017-10-24 20:47:50', NULL, NULL),
(98, 'IBAZ', NULL, 15.3218358, 119.9850959, '2nd flr. Boy Scott Bldg., Ramon Magsaysay Tech. Universtiy Iba, Zambales / 2nd flr. Estrada Bldg. Brgy Zone 6, Iba, Zambales at Ramon Magsaysay Tech. University', NULL, '2017-10-24 20:47:50', '2017-10-24 20:47:50', 1, NULL),
(99, 'IFG1', NULL, 16.92058941, 121.0515322, '[Auxiliary IFR3] Private lot, Brgy. Gohang, Banaue, Mt. Hiwang, Ifugao', NULL, '2017-10-24 20:47:50', '2017-10-24 20:47:50', 2, NULL),
(100, 'IFR3', NULL, NULL, NULL, 'Banaue, Ifugao', NULL, '2017-10-24 20:47:50', '2017-10-24 20:47:50', 2, NULL),
(101, 'ILN3', NULL, 18.08462281, 120.8146969, 'Brgy. Manalpac, Solsona, Ilocos Norte', NULL, '2017-10-24 20:47:50', '2017-10-24 20:47:50', 2, NULL),
(102, 'ILO1', NULL, 10.96815, 122.7322764, 'Anilao National High School, Anilao, Iloilo', NULL, '2017-10-24 20:47:50', '2017-10-24 20:47:50', 2, NULL),
(103, 'ILO2', NULL, 10.9681499, 122.7322772, 'Anilao National High School, Anilao, Iloilo', NULL, '2017-10-24 20:47:50', '2017-10-24 20:47:50', 2, NULL),
(104, 'INFA', NULL, 14.7464619, 121.648731, 'Infanta Municipal Hall, Infanta Quezon', NULL, '2017-10-24 20:47:50', '2017-10-24 20:47:50', 1, NULL),
(105, 'IS26', NULL, NULL, NULL, 'Quinabalangayan, Sta. Lucia, Ilocos Sur', NULL, '2017-10-24 20:47:50', '2017-10-24 20:47:50', 2, NULL),
(106, 'IS31', NULL, 16.98800777, 120.7362885, 'Brgy. Poblacion / Rosario, Cervantes, Ilocos Sur', NULL, '2017-10-24 20:47:50', '2017-10-24 20:47:50', 2, NULL),
(107, 'ISAB', NULL, 10.9266385, 124.4346219, 'sabel Municipal Hall, Leyte', NULL, '2017-10-24 20:47:50', '2017-10-24 20:47:50', 1, NULL),
(108, 'ISB4', NULL, 16.5035901, 121.7370363, 'Brgy. Masaya Centro, San Agustin, Isabela', NULL, '2017-10-24 20:47:50', '2017-10-24 20:47:50', 2, NULL),
(109, 'ITBA', NULL, 20.7879413, 121.8418275, 'Itbayat Town Hall, Itbayat Island, Batanes', NULL, '2017-10-24 20:47:50', '2017-10-24 20:47:50', 1, NULL),
(110, 'ITGN', NULL, 16.40040034, 120.6462142, 'Pacalso Elementary School, Bua Tuding, Itogon, Benguet', NULL, '2017-10-24 20:47:50', '2017-10-24 20:47:50', 2, NULL),
(111, 'JOSE', NULL, 12.3525422, 121.067505, 'San Jose Municipal Hall, San Jose, Occidental Mindoro', NULL, '2017-10-24 20:47:50', '2017-10-24 20:47:50', 1, NULL),
(112, 'KA08', NULL, 17.40350218, 121.3647726, 'Bantay Elementary School, Brgy. Bantay, Tabuk City, Kalinga', NULL, '2017-10-24 20:47:50', '2017-10-24 20:47:50', 2, NULL),
(113, 'KAYT', NULL, 13.9868804, 120.9777398, 'San Nicolas, Batangas, (Kaygabak Taal)', NULL, '2017-10-24 20:47:50', '2017-10-24 20:47:50', 2, NULL),
(114, 'KIBU', NULL, 7.30869206, 124.7803828, 'Kibudtungan Cenrtral Elementary School, Carmen, North Cotabato', NULL, '2017-10-24 20:47:50', '2017-10-24 20:47:50', 2, NULL),
(115, 'KUNM', NULL, 25.0295389, 102.7971955, NULL, NULL, '2017-10-24 20:47:50', '2017-10-24 20:47:50', NULL, NULL),
(116, 'KVMN', NULL, 10.3864214, 123.1708647, 'Mananauin, Canlaon, Negros, Oriental', NULL, '2017-10-24 20:47:50', '2017-10-24 20:47:50', 2, NULL),
(117, 'LABO', NULL, 14.1541714, 122.8301474, 'MDRRMC operation center, Labo Municipal Hall, Labo, Camarines Norte', NULL, '2017-10-24 20:47:50', '2017-10-24 20:47:50', 1, NULL),
(118, 'LAGW', NULL, 16.7973825, 121.1228542, 'Provincial Capital of Ifugao, Lagawe, Ifugao', NULL, '2017-10-24 20:47:50', '2017-10-24 20:47:50', 1, NULL),
(119, 'LAPS', NULL, 10.89096315, 124.9579642, 'NCKU: La Paz, Leyte', NULL, '2017-10-24 20:47:50', '2017-10-24 20:47:50', 1, NULL),
(120, 'LAPU', NULL, 10.31688255, 123.9661407, 'CEBU]: Lapu Lapu Seismic Station, Lapu-Lapu City, Cebu', NULL, '2017-10-24 20:47:50', '2017-10-24 20:47:50', 1, NULL),
(121, 'LBAN', NULL, 13.863678, 120.0941739, 'Lubang Tsunami station, Lubang Island, Occidental Mindoro', NULL, '2017-10-24 20:47:50', '2017-10-24 20:47:50', 1, NULL),
(122, 'LEA1', NULL, 11.0775761, 124.3888092, NULL, NULL, '2017-10-24 20:47:50', '2017-10-24 20:47:50', NULL, NULL),
(123, 'LEB1', NULL, 11.2149215, 124.3926888, 'Villaba South Central School, Villaba, Leyte', NULL, '2017-10-24 20:47:50', '2017-10-24 20:47:50', 2, NULL),
(124, 'LEB2', NULL, 11.2111632, 124.3893269, NULL, NULL, '2017-10-24 20:47:50', '2017-10-24 20:47:50', NULL, NULL),
(125, 'LEC1', NULL, 11.3026939, 124.5679697, 'old Auxiliary LEC2] Ansubas, Cabul an,  Capoocan, Leyte', NULL, '2017-10-24 20:47:50', '2017-10-24 20:47:50', 2, NULL),
(126, 'LEC2', NULL, 11.3028312, 124.5671593, NULL, NULL, '2017-10-24 20:47:50', '2017-10-24 20:47:50', NULL, NULL),
(127, 'LED1', NULL, NULL, NULL, NULL, NULL, '2017-10-24 20:47:50', '2017-10-24 20:47:50', NULL, NULL),
(128, 'LEF1', NULL, 11.4542909, 124.4761908, NULL, NULL, '2017-10-24 20:47:50', '2017-10-24 20:47:50', NULL, NULL),
(129, 'LEH1', NULL, 11.4221167, 124.8435614, NULL, NULL, '2017-10-24 20:47:50', '2017-10-24 20:47:50', NULL, NULL),
(130, 'LEYA', NULL, 11.0775759, 124.3888092, '[Auxiliary LEA1]  Sabang Elementary School, Palompon, Leyte', NULL, '2017-10-24 20:47:50', '2017-10-24 20:47:50', 2, NULL),
(131, 'LEYB', NULL, 11.2111947, 124.3892917, '[Auxiliary LEB2] Pier Site, Poblacion del Sur, Villaba, Southern Leyte', NULL, '2017-10-24 20:47:50', '2017-10-24 20:47:50', 2, NULL),
(132, 'LEYC', NULL, 11.3026941, 124.5679698, 'new Auxiliary LEC2]  Ansubas, Cabul an,  Capoocan, Leyte', NULL, '2017-10-24 20:47:50', '2017-10-24 20:47:50', 2, NULL),
(133, 'LEYD', NULL, 11.3298578, 124.4802752, '[Auxiliary LED1] Gibacungan, Tabango, Northern Leyte', NULL, '2017-10-24 20:47:50', '2017-10-24 20:47:50', 2, NULL),
(134, 'LEYE', NULL, 11.4283044, 124.4372962, 'Calubian cemetery, Brgy Herrera, Calubian Northern Leyte', NULL, '2017-10-24 20:47:50', '2017-10-24 20:47:50', 2, NULL),
(135, 'LEYF', NULL, 11.4542694, 124.476228, '[Auxiliary LEF1] Poblacion, Biliran, Leyte', NULL, '2017-10-24 20:47:50', '2017-10-24 20:47:50', 2, NULL),
(136, 'LEYG', NULL, 11.1717513, 125.0116453, 'MacArthur Park, Palo, Leyte', NULL, '2017-10-24 20:47:50', '2017-10-24 20:47:50', 2, NULL),
(137, 'LEYH', NULL, 11.4221225, 124.8435575, '(AKA LEH1) Babatngon Elementary School, Babatngon Northern, Leyte', NULL, '2017-10-24 20:47:50', '2017-10-24 20:47:50', 2, NULL),
(138, 'LEYJ', NULL, 11.9037282, 125.4188727, '[Auxiliary TAFT] Front of Municipal Hall, Taft, Eastern Samar', NULL, '2017-10-24 20:47:50', '2017-10-24 20:47:50', 2, NULL),
(139, 'LEYM', NULL, 11.406705, 124.3539465, '(Nearby NLSI) San Isidro Central School, Math Park, Northern Leyte', NULL, '2017-10-24 20:47:50', '2017-10-24 20:47:50', 2, NULL),
(140, 'LEYO', NULL, 11.8167542, 125.2278241, NULL, NULL, '2017-10-24 20:47:50', '2017-10-24 20:47:50', 2, NULL),
(141, 'LGYE', NULL, 16.032589, 120.2344773, 'DOST office, Provincial Science And Technology Center (DOST-PSTC), Alvear St., Maniboc, Lingayen, Pangasinan', NULL, '2017-10-24 20:47:50', '2017-10-24 20:47:50', 1, NULL),
(142, 'LGYN', NULL, NULL, NULL, 'DOST office, Provincial Science And Technology Center (DOST-PSTC), Alvear St., Maniboc, Lingayen, Pangasinan', NULL, '2017-10-24 20:47:50', '2017-10-24 20:47:50', 1, NULL),
(143, 'LHOV', NULL, 13.15957463, 123.7279268, 'VMEPD: Mayon cGPS', NULL, '2017-10-24 20:47:50', '2017-10-24 20:47:50', 1, NULL),
(144, 'LIBA', NULL, 11.48205536, 122.305217, NULL, NULL, '2017-10-24 20:47:50', '2017-10-24 20:47:50', NULL, NULL),
(145, 'LIDO', NULL, 13.2189788, 123.7569904, NULL, NULL, '2017-10-24 20:47:50', '2017-10-24 20:47:50', NULL, NULL),
(146, 'LOPE', NULL, 13.9146109, 122.2761697, 'Pulong Central, Canda Ibaba, Lopez, Quezon', NULL, '2017-10-24 20:47:50', '2017-10-24 20:47:50', 2, NULL),
(147, 'LUBU', NULL, 17.35503545, 121.1789179, 'Lubuagan Central School, Lubuagan, Kalinga', NULL, '2017-10-24 20:47:50', '2017-10-24 20:47:50', 2, NULL),
(148, 'LUCB', NULL, 25.0404519, 121.6138582, 'Lucban Municipal Hall, Majayjay-Lucban Rd-Recelis Ave. Lucban, Quezon', NULL, '2017-10-24 20:47:50', '2017-10-24 20:47:50', 1, NULL),
(149, 'LUN1', NULL, 16.58255748, 120.3044237, 'Brgy. San Vicente, SanFernando, La Union', NULL, '2017-10-24 20:47:50', '2017-10-24 20:47:50', 2, NULL),
(150, 'LUN2', NULL, 16.36065438, 120.3601135, 'Brgy. Sta. Ana, Agoo, La Union', NULL, '2017-10-24 20:47:50', '2017-10-24 20:47:50', 2, NULL),
(151, 'LUZA', NULL, 14.8775471, 120.1952802, 'Brgy. Cauag, Subic, Zambales', NULL, '2017-10-24 20:47:50', '2017-10-24 20:47:50', 2, NULL),
(152, 'LUZB', NULL, 15.3727706, 120.5171147, 'Lawy, Capaz', NULL, '2017-10-24 20:47:50', '2017-10-24 20:47:50', 2, NULL),
(153, 'LUZC', NULL, 16.3879592, 120.5682047, '(Near by LZC1) Benguet, Baguio PHIVOLCS Seismic staion', NULL, '2017-10-24 20:47:50', '2017-10-24 20:47:50', 2, NULL),
(154, 'LUZD', NULL, 17.5509283, 120.4555575, 'Santa, Ilocos Sur', NULL, '2017-10-24 20:47:50', '2017-10-24 20:47:50', 2, NULL),
(155, 'LUZE', NULL, 15.5610444, 121.0969644, 'Palayan Seismic Station, Palayan City, Nueva Ecija', NULL, '2017-10-24 20:47:50', '2017-10-24 20:47:50', 2, NULL),
(156, 'LUZF', NULL, 15.8135559, 121.1131018, 'Pantabangan Dam, Nueva Ejica', NULL, '2017-10-24 20:47:50', '2017-10-24 20:47:50', 2, NULL),
(157, 'LUZG', NULL, 16.6075358, 121.482136, 'Brgy. Gabriela, Diffun, Quirino', NULL, '2017-10-24 20:47:50', '2017-10-24 20:47:50', 2, NULL),
(158, 'LUZH', NULL, 17.7174053, 121.8038381, 'Brgy Quibal, Penablanca, Cagayan, Tuguegarao', NULL, '2017-10-24 20:47:50', '2017-10-24 20:47:50', 2, NULL),
(159, 'LUZI', NULL, 18.2458455, 121.9279389, 'Brgy. Mission, Sta. Teresita, Cagayan', NULL, '2017-10-24 20:47:50', '2017-10-24 20:47:50', 2, NULL),
(160, 'LUZL', NULL, 14.6201245, 121.2080053, 'Bosoboso, Baras, Rizal / San Jose Antipolo, Rizal', NULL, '2017-10-24 20:47:50', '2017-10-24 20:47:50', 2, NULL),
(161, 'LUZN', NULL, 13.786053, 122.0605411, '(QZN-9) Brgy. Sumag Este, Pitogo, Quezon', NULL, '2017-10-24 20:47:50', '2017-10-24 20:47:50', 2, NULL),
(162, 'LUZP', NULL, 13.8145055, 120.9753002, '(BTG-1) Durungao Elementary School, Brgy. Durangao, Bauan, Batangas', NULL, '2017-10-24 20:47:50', '2017-10-24 20:47:50', 2, NULL),
(163, 'LUZR', NULL, NULL, NULL, '(Unknown Status last data 2006) Baguio, Benguet', NULL, '2017-10-24 20:47:50', '2017-10-24 20:47:50', 2, NULL),
(164, 'LZA1', NULL, NULL, NULL, '(Unknown Status) Subic, Zambales', NULL, '2017-10-24 20:47:50', '2017-10-24 20:47:50', 2, NULL),
(165, 'LZC1', NULL, NULL, NULL, '(Near by LUZC / Auxiliary of LUZC) Benguet, Baguio PHIVOLCS Seismic staion', NULL, '2017-10-24 20:47:50', '2017-10-24 20:47:50', 2, NULL),
(166, 'MAA1', NULL, 12.8407044, 123.2234767, 'Manapao Elementary School, Manapao, Claveria, Masbate', NULL, '2017-10-24 20:47:50', '2017-10-24 20:47:50', 2, NULL),
(167, 'MAB1', NULL, 12.5026265, 123.4001341, 'GK Housing, Sitio Hill Top, Brgy.Ambulong, Aroroy, Masbate', NULL, '2017-10-24 20:47:50', '2017-10-24 20:47:50', 2, NULL),
(168, 'MAB2', NULL, 12.5080218, 123.3969048, '(No recent data) Poblacion, Aroroy, Masbate', NULL, '2017-10-24 20:47:50', '2017-10-24 20:47:50', 2, NULL),
(169, 'MABN', NULL, 16.0692302, 119.940621, 'Mabini Town Hall, 3rd floor kitchen, Mabini Municipal Hall, Mabini Pangasinan', NULL, '2017-10-24 20:47:50', '2017-10-24 20:47:50', 1, NULL),
(170, 'MAC2', NULL, 12.60296528, 123.5999628, 'Sto. Nino Elementary School, Monreal, Ticao, Masbate', NULL, '2017-10-24 20:47:50', '2017-10-24 20:47:50', 2, NULL),
(171, 'MACR', NULL, 16.01066007, 120.8201416, 'Sitio Malasin, Sn. Macario Sur Natividad Pangasinan', NULL, '2017-10-24 20:47:50', '2017-10-24 20:47:50', 2, NULL),
(172, 'MAD1', NULL, 12.403095, 123.72813, NULL, NULL, '2017-10-24 20:47:50', '2017-10-24 20:47:50', NULL, NULL),
(173, 'MAD2', NULL, 12.40287828, 123.7281192, '[Nearby MASD and MAD1]Ticao, Brgy. Danao, Batuan, Masbate', NULL, '2017-10-24 20:47:50', '2017-10-24 20:47:50', 2, NULL),
(174, 'MAE1', NULL, 12.36815859, 123.6258117, 'Provincial Athletic Ground (Oval), Masbate City', NULL, '2017-10-24 20:47:50', '2017-10-24 20:47:50', 2, NULL),
(175, 'MAF1', NULL, 12.1459164, 123.9235034, NULL, NULL, '2017-10-24 20:47:50', '2017-10-24 20:47:50', NULL, NULL),
(176, 'MAGA', NULL, 15.2200031, 120.6957172, 'Pampanga Agricultural College (Institute of Arts and Sciences), Magalang, Pampanga', NULL, '2017-10-24 20:47:50', '2017-10-24 20:47:50', 2, NULL),
(177, 'MAL1', NULL, 12.66736293, 123.8819515, NULL, NULL, '2017-10-24 20:47:50', '2017-10-24 20:47:50', NULL, NULL),
(178, 'MALA', NULL, 14.1637952, 122.6171685, 'Malatap Barangay Hall, Labo Camarines Norte', NULL, '2017-10-24 20:47:50', '2017-10-24 20:47:50', 1, NULL),
(179, 'MALG', NULL, 17.2051042, 121.6067675, 'Room 305, 3rd floor Mallig Plains College, Isabela, Quezon', NULL, '2017-10-24 20:47:50', '2017-10-24 20:47:50', 1, NULL),
(180, 'MALS', NULL, 14.856731, 120.8142776, 'Bulacan GIS Center, Provincial Capital of Bulacan, Malolos Bulacan', NULL, '2017-10-24 20:47:50', '2017-10-24 20:47:50', 1, NULL),
(181, 'MALY', NULL, 14.708615, 121.1314587, 'Maly Elementary School, Gen. Luna St., SAN MATEO, RIZAL, Region IV-A', NULL, '2017-10-24 20:47:50', '2017-10-24 20:47:50', 1, NULL),
(182, 'MAMB', NULL, 13.2223233, 120.6078939, '2nd Floor, Provincial Engineers Office, Capitol W Rd. Mamburao, Occidental, Mindoro', NULL, '2017-10-24 20:47:50', '2017-10-24 20:47:50', 1, NULL),
(183, 'MAR2', NULL, NULL, NULL, 'Marilao Municipal Hall, Bulacan', NULL, '2017-10-24 20:47:50', '2017-10-24 20:47:50', 1, NULL),
(184, 'MARI', NULL, NULL, NULL, NULL, NULL, '2017-10-24 20:47:50', '2017-10-24 20:47:50', NULL, NULL),
(185, 'MARK', NULL, 14.6290988, 121.0984429, 'San Roque Baragay Hall, Marikina, Metro Manila', NULL, '2017-10-24 20:47:50', '2017-10-24 20:47:50', 1, NULL),
(186, 'MARL', NULL, 14.7682417, 120.9477759, 'Tabing Ilog, Marilao, Bulacan', NULL, '2017-10-24 20:47:50', '2017-10-24 20:47:50', NULL, NULL),
(187, 'MASA', NULL, 12.8377225, 123.2305899, 'Borobantique, Mabitan, Claveria, Masbate', NULL, '2017-10-24 20:47:50', '2017-10-24 20:47:50', 2, NULL),
(188, 'MASB', NULL, 12.5079069, 123.3970675, '(No recent data) Poblacion, Aroroy, Masbate', NULL, '2017-10-24 20:47:50', '2017-10-24 20:47:50', 2, NULL),
(189, 'MASC', NULL, 12.600846, 123.5995569, 'Sto. Nino, Monreal, Ticao, Masbate', NULL, '2017-10-24 20:47:50', '2017-10-24 20:47:50', 2, NULL),
(190, 'MASD', NULL, 12.4026801, 123.7282232, '[Nearby MAD2] Danao, Ticao, Masbate', NULL, '2017-10-24 20:47:50', '2017-10-24 20:47:50', 2, NULL),
(191, 'MASE', NULL, 12.371401, 123.6233458, NULL, NULL, '2017-10-24 20:47:50', '2017-10-24 20:47:50', NULL, NULL),
(192, 'MASF', NULL, 12.1459556, 123.9236208, '[Auxiliary MAF1]  Palanas Central School, Sto. Nino St., Poblacion, Palanas, Masbate', NULL, '2017-10-24 20:47:50', '2017-10-24 20:47:50', 2, NULL),
(193, 'MASG', NULL, 12.1786678, 123.7920197, 'Buenavista National High School, Buenavista, Uson, Masbate', NULL, '2017-10-24 20:47:50', '2017-10-24 20:47:50', 2, NULL),
(194, 'MASH', NULL, 12.2113115, 123.8139861, 'Badjang/Crossing Dungon, Uson, Masbate', NULL, '2017-10-24 20:47:50', '2017-10-24 20:47:50', 2, NULL),
(195, 'MASI', NULL, 12.224617, 123.5085396, 'Milagros West Central School, Brgy. Bacolod, Milagros, Masbate', NULL, '2017-10-24 20:47:50', '2017-10-24 20:47:50', 2, NULL),
(196, 'MASJ', NULL, 12.0400078, 123.1927173, '[Auxiliary MSJ1]Balud Central School, Balud, Masbate', NULL, '2017-10-24 20:47:50', '2017-10-24 20:47:50', 2, NULL),
(197, 'MASK', NULL, 11.8837085, 124.0501086, 'Pio V Corpus Municipal Hall grounds, Pio V. Corpus, Masbate', NULL, '2017-10-24 20:47:50', '2017-10-24 20:47:50', 2, NULL),
(198, 'MASL', NULL, 12.66736017, 123.881953, 'orsogon State College, Bulan, Sorsogon', NULL, '2017-10-24 20:47:50', '2017-10-24 20:47:50', 2, NULL),
(199, 'MATA', NULL, 7.04680704, 124.8966402, 'Dalapitan Elementary School, Matalam, Cotabato', NULL, '2017-10-24 20:47:50', '2017-10-24 20:47:50', 2, NULL),
(200, 'MAUB', NULL, 14.1899713, 121.7316475, 'Mauban Municipal Hall, Mauban, Quezon', NULL, '2017-10-24 20:47:50', '2017-10-24 20:47:50', 1, NULL),
(201, 'MAYA', NULL, 15.5249315, 120.9553995, 'Mayapyap National High School, Maypyap Norte, Cabanatuan', NULL, '2017-10-24 20:47:50', '2017-10-24 20:47:50', 2, NULL),
(202, 'MDQT', NULL, 13.2842065, 122.0543162, 'Cabuyo Elementary School, Brgy. Cabuyo, Torrijos, Marinduque ', NULL, '2017-10-24 20:47:50', '2017-10-24 20:47:50', 2, NULL),
(203, 'MDVS', NULL, 6.7823096, 125.1720207, 'Barayong Nat\'l HS, Barayong, Magsaysay, Davao Del Sur', NULL, '2017-10-24 20:47:50', '2017-10-24 20:47:50', 2, NULL),
(204, 'MNAY', NULL, 7.2103223, 126.5391751, '2nd Floor Manay Municipal Hall (KALHI-CIDSS : NCDDP Office), Manay', NULL, '2017-10-24 20:47:50', '2017-10-24 20:47:50', 1, NULL),
(205, 'MPCK', NULL, 11.8842851, 124.0473377, 'Pio V. Corpus Central Elementary School, Poblacion, Pio V. Corpus, Masbate', NULL, '2017-10-24 20:47:50', '2017-10-24 20:47:50', 2, NULL),
(206, 'MPV1', NULL, NULL, NULL, 'Town Proper, Bontoc, Mountain Province', NULL, '2017-10-24 20:47:50', '2017-10-24 20:47:50', NULL, NULL),
(207, 'MRHO', NULL, 13.2844869, 123.6711093, NULL, NULL, '2017-10-24 20:47:50', '2017-10-24 20:47:50', NULL, NULL),
(208, 'MRIK', NULL, 15.79975998, 121.2482956, 'Purok 7, Cadaclan, Marikit, Pantabangan', NULL, '2017-10-24 20:47:50', '2017-10-24 20:47:50', 2, NULL),
(209, 'MRK1', NULL, 14.7470847, 121.1211268, NULL, NULL, '2017-10-24 20:47:50', '2017-10-24 20:47:50', NULL, NULL),
(210, 'MRK5', NULL, 14.6413558, 121.2205153, NULL, NULL, '2017-10-24 20:47:50', '2017-10-24 20:47:50', NULL, NULL),
(211, 'MSW3', NULL, 8.2911044, 123.8434232, 'Hilarion ramiro Infirmary, Sinacaban, Misamis Occidental', NULL, '2017-10-24 20:47:50', '2017-10-24 20:47:50', 2, NULL),
(212, 'MUNT', NULL, 14.4034506, 121.0510047, 'Muntinlupa, Metro Manila', NULL, '2017-10-24 20:47:50', '2017-10-24 20:47:50', 1, NULL),
(213, 'MUNZ', NULL, 15.7441984, 120.9430044, '4th floor near rooftop door Main Bldg. Philippine Carabao Center Science City of Muoz, 3120 Munoz, Nueva Ecija', NULL, '2017-10-24 20:47:50', '2017-10-24 20:47:50', 1, NULL),
(214, 'MVBM', NULL, 10.3717356, 123.2816194, 'Bapor Mayon, Brgy Tagbino, Vallehermoso, Negros Oriental', NULL, '2017-10-24 20:47:50', '2017-10-24 20:47:50', 2, NULL),
(215, 'MVCH', NULL, 10.4004679, 123.213112, 'Canlaon City District Hospital, Negros', NULL, '2017-10-24 20:47:50', '2017-10-24 20:47:50', 2, NULL),
(216, 'MVIC', NULL, 10.4674449, 123.2245248, 'Sitio Iliranan, Brgy. Codcod, San Carlos City, Iliranan,  Negros Occidental', NULL, '2017-10-24 20:47:50', '2017-10-24 20:47:50', 2, NULL),
(217, 'MVLC', NULL, 10.41514686, 122.9617103, 'La Carlota, La Carlota City, Kanlaon Volcano Observatory', NULL, '2017-10-24 20:47:50', '2017-10-24 20:47:50', 2, NULL),
(218, 'MVMH', NULL, 10.35838833, 123.1077362, 'Mansalanao, La Castellana, Negros Occidental', NULL, '2017-10-24 20:47:50', '2017-10-24 20:47:50', 2, NULL),
(219, 'MVML', NULL, 10.52022357, 123.1123265, 'Mambucal, Murcia, Negros Occidental', NULL, '2017-10-24 20:47:50', '2017-10-24 20:47:50', 2, NULL),
(220, 'MVMN', NULL, 10.38844307, 123.1681512, 'Upper Masulog, Mananauin, Canlaon, Negros Oriental', NULL, '2017-10-24 20:47:50', '2017-10-24 20:47:50', 2, NULL),
(221, 'MVMP', NULL, 10.2779101, 123.0664627, 'Negros State College of Agriculture (NSCA)  Moises Padilla campus, Moises Padilla, Negros Occidental', NULL, '2017-10-24 20:47:50', '2017-10-24 20:47:50', 2, NULL),
(222, 'MVMR', NULL, 10.3411915, 123.0923279, 'Mabigo, Canlaon City, Negros Oriental', NULL, '2017-10-24 20:47:50', '2017-10-24 20:47:50', 2, NULL),
(223, 'MVMY', NULL, 9.362423, 122.8083839, 'Manghumay, Bago City, Negros Occidental', NULL, '2017-10-24 20:47:50', '2017-10-24 20:47:50', 2, NULL),
(224, 'MVSB', NULL, 10.42664915, 123.0896662, 'Santo Bama, Guintubdan, La Carlota City, Negros Occidental', NULL, '2017-10-24 20:47:50', '2017-10-24 20:47:50', 2, NULL),
(225, 'MVSC', NULL, 10.41934875, 123.3504519, 'San Carlos, Ledesma Hermanos Agricultural Corp. (LHAC)', NULL, '2017-10-24 20:47:50', '2017-10-24 20:47:50', 2, NULL),
(226, 'MVSM', NULL, 10.4157634, 123.0211266, 'Brgy. San Miguel Health Center, San Miguel, La Carlota City, Negros Occidental', NULL, '2017-10-24 20:47:50', '2017-10-24 20:47:50', 2, NULL),
(227, 'MVUP', NULL, 10.4133974, 123.1774737, 'Upper Pantao, Canlaon, Negros Oriental', NULL, '2017-10-24 20:47:50', '2017-10-24 20:47:50', 2, NULL),
(228, 'N132', NULL, 15.5243882, 120.7973514, 'Brgy. San Jose, Licab, Nueva Ecija', NULL, '2017-10-24 20:47:50', '2017-10-24 20:47:50', 2, NULL),
(229, 'N47A', NULL, NULL, NULL, NULL, NULL, '2017-10-24 20:47:50', '2017-10-24 20:47:50', NULL, NULL),
(230, 'N688', NULL, 13.8183001, 123.3269851, 'Tinambac Elementary School, Tinambac, Camarines Sur', NULL, '2017-10-24 20:47:50', '2017-10-24 20:47:50', 2, NULL),
(231, 'NAMR', NULL, NULL, NULL, NULL, NULL, '2017-10-24 20:47:50', '2017-10-24 20:47:50', NULL, NULL),
(232, 'NAUJ', NULL, 13.3194151, 121.300695, 'Bahay Tuklasan Conference Hall, Naujan, Oriental Mindoro', NULL, '2017-10-24 20:47:50', '2017-10-24 20:47:50', 1, NULL),
(233, 'NAV1', NULL, 11.5619242, 124.3982691, NULL, NULL, '2017-10-24 20:47:50', '2017-10-24 20:47:50', NULL, NULL),
(234, 'NAVA', NULL, 11.562027, 124.3986662, '[Auxiliary NAV1] Oval Ground Naval Central School, Naval, Biliran', NULL, '2017-10-24 20:47:50', '2017-10-24 20:47:50', 2, NULL),
(235, 'NE21', NULL, 15.67174037, 120.8535379, 'Brgy. Curva, Munoz, Nueva Ecija', NULL, '2017-10-24 20:47:50', '2017-10-24 20:47:50', 2, NULL),
(236, 'NLCE', NULL, 11.4424461, 124.4296409, 'Calubian National Vocational School (TESDA), Calubian, Leyte', NULL, '2017-10-24 20:47:50', '2017-10-24 20:47:50', 2, NULL),
(237, 'NLCR', NULL, 11.3038994, 124.7066407, 'Middle of the Oval, Eastern Visayas State University, Carigara Campus, Carigara, Leyte', NULL, '2017-10-24 20:47:50', '2017-10-24 20:47:50', 2, NULL),
(238, 'NLL1', NULL, 11.3704498, 124.4859148, 'Leyte Central Elementary School Grounds, Poblacion, Northern Leyte', NULL, '2017-10-24 20:47:50', '2017-10-24 20:47:50', 2, NULL),
(239, 'NLL2', NULL, 11.3524965, 124.5250959, 'Front Yard of Libas Elementary School', NULL, '2017-10-24 20:47:50', '2017-10-24 20:47:50', 2, NULL),
(240, 'NLSB', NULL, 11.2849252, 125.0690515, 'Basey II Central Elementary School, Suguijon St., Brgy. Palaypay, Basey, Samar', NULL, '2017-10-24 20:47:50', '2017-10-24 20:47:50', 2, NULL),
(241, 'NLSI', NULL, 11.4074926, 124.3539158, '(Nearby LEYM) Oval Ground, San Isidro Central School, Leyte', NULL, '2017-10-24 20:47:50', '2017-10-24 20:47:50', 2, NULL),
(242, 'NLSN', NULL, 11.2335487, 124.5718023, '(SNNI) Sto. Nio Elem. School, Sto. Nio, Capoocan, Leyte', NULL, '2017-10-24 20:47:50', '2017-10-24 20:47:50', 2, NULL),
(243, 'NMAB', NULL, 8.9559388, 125.5965735, 'NORMISIST / Caraga State University, Ampayon, Butuan City, Agusan Del Norte', NULL, '2017-10-24 20:47:50', '2017-10-24 20:47:50', 2, NULL),
(244, 'NMCO', NULL, 8.48169783, 124.6467782, 'Don Gregorio Pelaez Sports Complex, Cagayan de Oro City, Misamis Oriental', NULL, '2017-10-24 20:47:50', '2017-10-24 20:47:50', 2, NULL),
(245, 'NMLM', NULL, 9.5350809, 125.5237539, '(School Playground) Mainit National High School, Surigao Del Norte', NULL, '2017-10-24 20:47:50', '2017-10-24 20:47:50', 2, NULL),
(246, 'NMMA', NULL, NULL, NULL, NULL, NULL, '2017-10-24 20:47:50', '2017-10-24 20:47:50', NULL, NULL),
(247, 'NMMB', NULL, 8.74523653, 124.7807025, 'Balingasag Central School, Poblacion, Balingasag, Misamis Oriental', NULL, '2017-10-24 20:47:50', '2017-10-24 20:47:50', 2, NULL),
(248, 'NMSF', NULL, 7.91723301, 125.3264235, 'Halapitan Central Elementary School / Halapitan National High School, Halapitan, San Fernando, Bukidnon', NULL, '2017-10-24 20:47:50', '2017-10-24 20:47:50', 2, NULL),
(249, 'NMSM', NULL, 9.6182514, 125.4023297, '(School Playground) Malimono National High School, Surigao del Norte', NULL, '2017-10-24 20:47:50', '2017-10-24 20:47:50', 2, NULL),
(250, 'NOMA', NULL, 9.2437753, 124.7310479, 'Camiguin Polytechnic State College, Balbagon, Mambajao, Camiguin Island', NULL, '2017-10-24 20:47:50', '2017-10-24 20:47:50', 2, NULL),
(251, 'NOMB', NULL, 9.17052237, 125.5318955, 'Tubay National Secondary High School, Tubay, Agusan del Norte', NULL, '2017-10-24 20:47:50', '2017-10-24 20:47:50', 2, NULL),
(252, 'NOMC', NULL, 9.6596861, 125.5282779, 'Paaralang Sentral Elementarya ng Sison, Sison, Surigao del Norte', NULL, '2017-10-24 20:47:50', '2017-10-24 20:47:50', 2, NULL),
(253, 'NOMD', NULL, 10.01712021, 126.0735579, 'Burgos Elementary School, Burgos Siargao Island, Surigao del Norte', NULL, '2017-10-24 20:47:50', '2017-10-24 20:47:50', 2, NULL),
(254, 'NOME', NULL, 8.8230316, 125.1046118, 'Don Restituto Baul Central School, Gingoog City, Misamis Oriental', NULL, '2017-10-24 20:47:50', '2017-10-24 20:47:50', 2, NULL),
(255, 'NOMF', NULL, 9.2635925, 125.5519026, 'Santiago National High School, Santiago, Agusan del Norte', NULL, '2017-10-24 20:47:50', '2017-10-24 20:47:50', 2, NULL),
(256, 'NOMG', NULL, 9.6089435, 125.6366412, 'Bacuag National Agro-Industrial School, Bacuag, Surigao del Norte', NULL, '2017-10-24 20:47:50', '2017-10-24 20:47:50', 2, NULL),
(257, 'NOMH', NULL, 9.3700657, 125.9478581, 'Carrascal Central Elementary School, Carrascal, Surigao del Sur', NULL, '2017-10-24 20:47:50', '2017-10-24 20:47:50', 2, NULL),
(258, 'NOMI', NULL, 9.7822795, 126.1572657, 'Gen. Luna Elementary School, Gen. Luna, Siargao Island, Surigao del Norte', NULL, '2017-10-24 20:47:50', '2017-10-24 20:47:50', 2, NULL),
(259, 'NOMK', NULL, 8.8241893, 125.6951162, 'Sibagat Central Elementary School, Sibagat, Agusan del Sur', NULL, '2017-10-24 20:47:50', '2017-10-24 20:47:50', 2, NULL),
(260, 'NOML', NULL, 9.03951748, 126.2161011, 'Surigao del Sur Polytechnic State College (SSPSC), Rosario,Tandag, Surigao del Sur', NULL, '2017-10-24 20:47:50', '2017-10-24 20:47:50', 2, NULL),
(261, 'NOMZ', NULL, 9.11636733, 124.687354, 'Camiguin Polytechnic State College, Catarman, Camiguin', NULL, '2017-10-24 20:47:50', '2017-10-24 20:47:50', 2, NULL),
(262, 'NPAK', NULL, 11.7037445, 122.3778022, 'Track Oval, Aklan State University, Kalibo Campus, Kalibo, Aklan', NULL, '2017-10-24 20:47:50', '2017-10-24 20:47:50', 2, NULL),
(263, 'NPAL', NULL, 11.7706384, 121.9217849, 'Libertad National Vocational High School, Libertad, Antique', NULL, '2017-10-24 20:47:50', '2017-10-24 20:47:50', 2, NULL),
(264, 'NPIE', NULL, 11.4550611, 123.1477431, 'Northern Iloilo Polytechnic State College-Estancia (West Campus), Estancia, Iloilo', NULL, '2017-10-24 20:47:50', '2017-10-24 20:47:50', 2, NULL),
(265, 'NTUS', NULL, 1.345802, 103.6799574, NULL, NULL, '2017-10-24 20:47:50', '2017-10-24 20:47:50', NULL, NULL),
(266, 'NV47', NULL, 16.50232796, 121.1172807, 'Brgy. Masoc, Bayombong, Nueva Vizcaya', NULL, '2017-10-24 20:47:50', '2017-10-24 20:47:50', 2, NULL),
(267, 'NVSM', NULL, NULL, NULL, NULL, NULL, '2017-10-24 20:47:50', '2017-10-24 20:47:50', NULL, NULL),
(268, 'NVY2', NULL, 16.32725441, 121.2611025, 'Sitio Tinalo, Brgy Kongkong, Kasibu, Nueva Vizcaya', NULL, '2017-10-24 20:47:50', '2017-10-24 20:47:50', 2, NULL),
(269, 'NVY3', NULL, 16.132925, 120.9300186, '(Dalton Pass) Balete Pass Tourist View Deck, Brgy. Dalton Pass, Sta. Fe, Nueva Vizcaya', NULL, '2017-10-24 20:47:50', '2017-10-24 20:47:50', 2, NULL),
(270, 'NVY9', NULL, 16.3579947, 120.8883483, 'Brgy. Pampang, Kayapa, Nueva Vizcaya', NULL, '2017-10-24 20:47:50', '2017-10-24 20:47:50', 2, NULL),
(271, 'ODON', NULL, 15.3240686, 120.4231977, 'Barangay Sta. Juliana, Capas, Tarlac', NULL, '2017-10-24 20:47:50', '2017-10-24 20:47:50', 2, NULL),
(272, 'PABL', NULL, 15.7856164, 121.061507, 'Brgy. San juan, San jose City, Nueva Ecija', NULL, '2017-10-24 20:47:50', '2017-10-24 20:47:50', 2, NULL),
(273, 'PAGP', NULL, 18.5596567, 120.7874501, 'Conference room near Mayor\'s office. 2nd floor, Pagudpud Municipal Hall, Ilocos Norte', NULL, '2017-10-24 20:47:50', '2017-10-24 20:47:50', 1, NULL),
(274, 'PAGU', NULL, NULL, NULL, 'Municipal Building of Pagudpud, Ilocos Norte', NULL, '2017-10-24 20:47:50', '2017-10-24 20:47:50', 1, NULL),
(275, 'PALA', NULL, 12.1467576, 123.9247815, 'Palanas, Masbate', NULL, '2017-10-24 20:47:50', '2017-10-24 20:47:50', 1, NULL),
(276, 'PALM', NULL, 11.0482147, 124.3824015, 'NCKU: Palompon, Leyte', NULL, '2017-10-24 20:47:50', '2017-10-24 20:47:50', 1, NULL),
(277, 'PANC', NULL, 18.55081654, 120.9270768, 'Barangay Pancian, Pagupud, Ilocos Norte', NULL, '2017-10-24 20:47:50', '2017-10-24 20:47:50', 2, NULL),
(278, 'PBAY', NULL, 16.4815516, 121.1429332, 'NAMRIA PageNET: Bayombong, Nueva Vizcaya', NULL, '2017-10-24 20:47:50', '2017-10-24 20:47:50', 1, NULL),
(279, 'PCAB', NULL, 15.4502123, 120.9387579, 'NAMRIA PageNET: Cabanatuan City, Nueva Ecija', NULL, '2017-10-24 20:47:50', '2017-10-24 20:47:50', 1, NULL),
(280, 'PCAN', NULL, 13.9323327, 121.3967753, 'NAMRIA PageNET: Candelaria, Quezon', NULL, '2017-10-24 20:47:50', '2017-10-24 20:47:50', 1, NULL),
(281, 'PCB2', NULL, 15.4460556, 120.9388082, 'NAMRIA PageNET: Cabanatuan City, Nueva Ecija', NULL, '2017-10-24 20:47:50', '2017-10-24 20:47:50', 1, NULL),
(282, 'PDAV', NULL, 7.12648975, 125.6434036, 'NAMRIA PageNET: Francisco Bangoy International Airport, Davao City', NULL, '2017-10-24 20:47:50', '2017-10-24 20:47:50', 1, NULL),
(283, 'PERT', NULL, 31.8019664, 115.8852506, NULL, NULL, '2017-10-24 20:47:50', '2017-10-24 20:47:50', NULL, NULL),
(284, 'PFLO', NULL, 14.982933, 120.4993583, 'NAMRIA PageNET: Floridablanca, Pampanga', NULL, '2017-10-24 20:47:50', '2017-10-24 20:47:50', 1, NULL),
(285, 'PGEN', NULL, 6.0649126, 125.1316607, 'NAMRIA PageNET: General Santos, South Cotabato', NULL, '2017-10-24 20:47:50', '2017-10-24 20:47:50', 1, NULL),
(286, 'PHIC', NULL, 14.6519758, 121.058768, 'PHIVOLCS Building, C.P. Garcia Avenue UP Campus, Diliman, Quezon City', NULL, '2017-10-24 20:47:50', '2017-10-24 20:47:50', 1, NULL),
(287, 'PHIV', NULL, 14.6521883, 121.0587237, 'PHIVOLCS Building, C.P. Garcia Avenue UP Campus, Diliman, Quezon City', NULL, '2017-10-24 20:47:50', '2017-10-24 20:47:50', 1, NULL),
(288, 'PIBU', NULL, 14.6753112, 121.2080581, 'Pintong Bukawe Barangay Hall, San Mateo, Rizal', NULL, '2017-10-24 20:47:50', '2017-10-24 20:47:50', 1, NULL),
(289, 'PILC', NULL, 10.7628843, 122.5544061, 'NAMRIA PageNET: Pavia, Iloilo', NULL, '2017-10-24 20:47:50', '2017-10-24 20:47:50', 1, NULL),
(290, 'PIMO', NULL, 14.6357197, 121.0777321, '[IGS Site] Ateneo , Quezon City', NULL, '2017-10-24 20:47:50', '2017-10-24 20:47:50', 1, NULL),
(291, 'PIVS', NULL, 14.6519759, 121.0587642, 'PHIVOLCS Building, C.P. Garcia Avenue UP Campus, Diliman, Quezon City', NULL, '2017-10-24 20:47:50', '2017-10-24 20:47:50', 1, NULL),
(292, 'PLEG', NULL, 13.1612182, 123.7297249, 'NAMRIA PageNET: Legazpi City, Albay', NULL, '2017-10-24 20:47:50', '2017-10-24 20:47:50', 1, NULL),
(293, 'PLWN', NULL, 10.0857732, 118.8514052, 'Tagbinet, Puerto Princesa City, Palawan', NULL, '2017-10-24 20:47:50', '2017-10-24 20:47:50', NULL, NULL),
(294, 'PLYN', NULL, 15.5620415, 121.1008009, '(Near Palayan Seismic Station)Barangay Atate, Palayan, Nueva Ecija', NULL, '2017-10-24 20:47:50', '2017-10-24 20:47:50', NULL, NULL),
(295, 'PNBO', NULL, 7.2836567, 125.6719746, 'Panabo City Hall, Panabo, Davao del Norte', NULL, '2017-10-24 20:47:50', '2017-10-24 20:47:50', NULL, NULL),
(296, 'PNG3', NULL, 16.0632957, 120.1079021, 'Tubuan, Sual, Pangasinan, bolt flush mounted on solid rock overlooking farmland', NULL, '2017-10-24 20:47:50', '2017-10-24 20:47:50', NULL, NULL),
(297, 'PNG5', NULL, 15.8676809, 120.2536836, 'Caranglaan, Aguilar, Pangasinan', NULL, '2017-10-24 20:47:50', '2017-10-24 20:47:50', 2, NULL),
(298, 'POLI', NULL, NULL, NULL, 'Polilio Municipal Disaster Office Bldg. kitchen, Polilio, Quezon', NULL, '2017-10-24 20:47:50', '2017-10-24 20:47:50', 1, NULL),
(299, 'POTR', NULL, 14.6630489, 120.983503, 'Potrero Elementary School, Potrero, Malabon, Metro Manila', NULL, '2017-10-24 20:47:50', '2017-10-24 20:47:50', 1, NULL),
(300, 'PPPC', NULL, 9.7729326, 118.740232, 'NAMRIA PageNET: Puerto Princesa, Palawan', NULL, '2017-10-24 20:47:50', '2017-10-24 20:47:50', 1, NULL),
(301, 'PSTC', NULL, 14.28164917, 121.4145074, 'NAMRIA PageNET: Santa Cruz, Laguna', NULL, '2017-10-24 20:47:50', '2017-10-24 20:47:50', 1, NULL),
(302, 'PSUR', NULL, 9.7918086, 125.4936963, 'NAMRIA PageNET: Surigao City, Surigao Del Norte', NULL, '2017-10-24 20:47:50', '2017-10-24 20:47:50', 1, NULL),
(303, 'PTAC', NULL, 11.2498916, 125.0042294, 'NAMRIA PageNET: Tacloban City, Leyte', NULL, '2017-10-24 20:47:50', '2017-10-24 20:47:50', 1, NULL),
(304, 'PTAG', NULL, 14.5354413, 121.0407666, 'NAMRIA PageNET: NAMRIA Building, Taguig, Metro Manila', NULL, '2017-10-24 20:47:50', '2017-10-24 20:47:50', 1, NULL),
(305, 'PTBN', NULL, 15.8080856, 121.1431515, 'Pantabangan Town hall, Pantabangan, Nueva Ecija', NULL, '2017-10-24 20:47:50', '2017-10-24 20:47:50', 1, NULL),
(306, 'PTGY', NULL, 14.1002798, 120.9382877, 'NAMRIA PageNET: Tagaytay, Cavite', NULL, '2017-10-24 20:47:50', '2017-10-24 20:47:50', 1, NULL),
(307, 'PUER', NULL, 13.5019939, 120.9542887, 'Puerto Galera Church, Puerto Galera, Oriental Mindoro', NULL, '2017-10-24 20:47:50', '2017-10-24 20:47:50', 1, NULL),
(308, 'PUGA', NULL, 15.7260919, 121.0407088, 'Mt. Pugaro, Bagong Sikat, San Jose, Nueva Ecija', NULL, '2017-10-24 20:47:50', '2017-10-24 20:47:50', 2, NULL),
(309, 'PURD', NULL, 16.0041955, 120.5756152, 'NAMRIA PageNET: Urdaneta City, Pangasinan', NULL, '2017-10-24 20:47:50', '2017-10-24 20:47:50', 1, NULL),
(310, 'QN42', NULL, 13.7389311, 122.4655619, 'Buenavista Elementary School, Buenavista, Quezon', NULL, '2017-10-24 20:47:50', '2017-10-24 20:47:50', 2, NULL),
(311, 'QZN2', NULL, 14.1881354, 121.7286384, '(Unknown Status) Mauban South Elementary School, Mauban, Quezon', NULL, '2017-10-24 20:47:50', '2017-10-24 20:47:50', 2, NULL),
(312, 'QZN3', NULL, 14.1890306, 121.72861, '[Nearby QZN2 and QZN6] Mauban South Elementary School, Mauban, Quezon', NULL, '2017-10-24 20:47:50', '2017-10-24 20:47:50', 2, NULL),
(313, 'QZN6', NULL, 14.1881671, 121.7286797, '(Unknown Status) Mauban South Elementary School, Mauban, Quezon', NULL, '2017-10-24 20:47:50', '2017-10-24 20:47:50', 2, NULL),
(314, 'RCPS', NULL, 11.5613387, 122.7642246, 'RCP Roxas Seismic Station, Milibili, Roxas City, Capiz', NULL, '2017-10-24 20:47:50', '2017-10-24 20:47:50', 2, NULL),
(315, 'ROXA', NULL, 12.5932585, 121.5297057, '2/F, Phil. Port Authority, Dangay Port, Roxas, Mindoro', NULL, '2017-10-24 20:47:50', '2017-10-24 20:47:50', 1, NULL),
(316, 'S289', NULL, 18.51372159, 121.3217794, 'Bidduang National High School, Brgy. Bidduang, Pamplona, Cagayan', NULL, '2017-10-24 20:47:50', '2017-10-24 20:47:50', 2, NULL),
(317, 'SABL', NULL, 12.8438213, 120.7799978, 'Sablayan Municipal Hall, Sablayan, Occidental Mindoro', NULL, '2017-10-24 20:47:50', '2017-10-24 20:47:50', 1, NULL),
(318, 'SANA', NULL, 13.26138487, 123.7848649, NULL, NULL, '2017-10-24 20:47:50', '2017-10-24 20:47:50', NULL, NULL),
(319, 'SHAO', NULL, 31.0996423, 121.2004448, NULL, NULL, '2017-10-24 20:47:50', '2017-10-24 20:47:50', NULL, NULL);
INSERT INTO `sites` (`id`, `name`, `date_established`, `latitude`, `longitude`, `location`, `description`, `createdAt`, `updatedAt`, `survey_type_id`, `marker_id`) VALUES
(320, 'SIBA', NULL, 13.2699931, 121.9117834, 'Daykitin Elementary School, Brgy. Daykitin, Buenavista, Marinduque', NULL, '2017-10-24 20:47:50', '2017-10-24 20:47:50', 2, NULL),
(321, 'SIBB', NULL, 13.4574433, 122.0590643, 'Matalaba National High School, Matalaba, Sta. Cruz, Marinduque', NULL, '2017-10-24 20:47:50', '2017-10-24 20:47:50', 2, NULL),
(322, 'SIBC', NULL, 13.5937118, 122.3248096, 'Catanauan Central School, Catanauan, Quezon', NULL, '2017-10-24 20:47:50', '2017-10-24 20:47:50', 2, NULL),
(323, 'SIBD', NULL, NULL, NULL, NULL, NULL, '2017-10-24 20:47:50', '2017-10-24 20:47:50', NULL, NULL),
(324, 'SIBE', NULL, 13.8248143, 122.7337737, 'nd Auxiliary LIBO]Ragay National Agricultural and Fisheries School, Liboro Ragay, Camarines Sur', NULL, '2017-10-24 20:47:50', '2017-10-24 20:47:50', 2, NULL),
(325, 'SIBF', NULL, 12.9490953, 122.0962369, 'Paaralang Sentral ng Banton, Banton Island, Romblon', NULL, '2017-10-24 20:47:50', '2017-10-24 20:47:50', 2, NULL),
(326, 'SIBH', NULL, 13.518967, 123.013525, 'Camarines Sur Institute of Fisheries and Marine Science (CASIFMAS), Karanan Extension, Brgy. Karanan, Pasacao, Camarines Sur', NULL, '2017-10-24 20:47:50', '2017-10-24 20:47:50', 2, NULL),
(327, 'SIBI', NULL, 12.3684212, 122.6875124, 'Cajidiocan Central School, Cajidiocan, Sibuyan Island', NULL, '2017-10-24 20:47:50', '2017-10-24 20:47:50', 2, NULL),
(328, 'SIBJ', NULL, 13.1257624, 122.983311, 'San Pascual Central School, San Pascual, Burias Island', NULL, '2017-10-24 20:47:50', '2017-10-24 20:47:50', 2, NULL),
(329, 'SIBK', NULL, 13.0447591, 123.4553252, 'Pio Duran Municipal Hall, Pio Duran, Albay', NULL, '2017-10-24 20:47:50', '2017-10-24 20:47:50', 2, NULL),
(330, 'SIBL', NULL, 13.3243003, 122.6756547, 'San Andres, Quezon', NULL, '2017-10-24 20:47:50', '2017-10-24 20:47:50', 2, NULL),
(331, 'SINA', NULL, 6.9133191, 122.0616274, 'Western Mindanao State University Normal Road, Baliwasan, Zamboanga City', NULL, '2017-10-24 20:47:50', '2017-10-24 20:47:50', 2, NULL),
(332, 'SINB', NULL, 7.7804867, 122.5883721, 'IPIL Central School/ SPED Oval Area, Zamboanga Sibugay', NULL, '2017-10-24 20:47:50', '2017-10-24 20:47:50', 2, NULL),
(333, 'SINC', NULL, 8.23118901, 123.0045058, '(Soccer Field) Sindangan National Agricultural School, Zamboanga Del Norte', NULL, '2017-10-24 20:47:50', '2017-10-24 20:47:50', 2, NULL),
(334, 'SIND', NULL, 8.51634367, 123.0907046, 'MWCS Field, Manukan, Zamboanga Del Norte', NULL, '2017-10-24 20:47:50', '2017-10-24 20:47:50', 2, NULL),
(335, 'SINE', NULL, 8.4888521, 123.801924, 'OCS Oval Field, Misamis Occidental National High School, Oroquieta City', NULL, '2017-10-24 20:47:50', '2017-10-24 20:47:50', 2, NULL),
(336, 'SINF', NULL, 8.0641714, 123.7569054, 'Tangub Sports Complex Oval Field, Rangub City, Misamis Occidental', NULL, '2017-10-24 20:47:50', '2017-10-24 20:47:50', 2, NULL),
(337, 'SING', NULL, 7.8335502, 123.4412669, 'Rotonda Area, Pagadian City, Zambonga Del Sur', NULL, '2017-10-24 20:47:50', '2017-10-24 20:47:50', 2, NULL),
(338, 'SINH', NULL, 8.22508668, 124.2395156, 'Iligan City National High School Field, Iligan, Misamis Oriental', NULL, '2017-10-24 20:47:50', '2017-10-24 20:47:50', 2, NULL),
(339, 'SINI', NULL, 14.41299501, 121.4481292, 'Laguna State Polytechnic University, Siniloan Campus, Siniloan Laguna', NULL, '2017-10-24 20:47:50', '2017-10-24 20:47:50', 2, NULL),
(340, 'SISN', NULL, 16.1626083, 120.5152432, 'Barangay Poblacion Sur/Barangay Asan Sur, Sison, Pangasinan', NULL, '2017-10-24 20:47:50', '2017-10-24 20:47:50', 2, NULL),
(341, 'SJAQ', NULL, 10.7522164, 121.9427547, 'Antique National High School, T.A. FORNIER ST., San Jose, Antique', NULL, '2017-10-24 20:47:50', '2017-10-24 20:47:50', 2, NULL),
(342, 'SLSB', NULL, 11.1096404, 125.3881545, 'Balangiga Central Elementary School, Balangiga, Samar', NULL, '2017-10-24 20:47:50', '2017-10-24 20:47:50', 2, NULL),
(343, 'SMAT', NULL, 16.68621138, 121.5509973, 'Santiago South Central School, Santiago City, Isabela', NULL, '2017-10-24 20:47:50', '2017-10-24 20:47:50', 2, NULL),
(344, 'SMCL', NULL, 7.82029937, 125.7919862, 'Laak National High School, Compostela Valley, Souther Mindanao Comval Laak', NULL, '2017-10-24 20:47:50', '2017-10-24 20:47:50', 2, NULL),
(345, 'SMCP', NULL, 7.13670198, 125.8983504, 'Pantukan Sports Complex (Kingking CES / Pantukan NHS), Pantukan, Compostela Valley', NULL, '2017-10-24 20:47:50', '2017-10-24 20:47:50', 2, NULL),
(346, 'SMD1', NULL, 6.65678763, 126.0746208, '[Renamed from SMDS due to name conflict] Sigaboy Central Elementary School, Gov. Generoso, Davao Oriental', NULL, '2017-10-24 20:47:50', '2017-10-24 20:47:50', 2, NULL),
(347, 'SMDB', NULL, 7.56996024, 126.5650246, '[Auxiliary SMB1] Baganga NHS, Baganga, Davao Oriental', NULL, '2017-10-24 20:47:50', '2017-10-24 20:47:50', 2, NULL),
(348, 'SMDM', NULL, 7.21424238, 126.5373096, 'Evaristo Moralizon Nat\'l. Voc\'l. HS, Manay, Davao Oriental', NULL, '2017-10-24 20:47:50', '2017-10-24 20:47:50', 2, NULL),
(349, 'SMDS', NULL, 16.89019228, 121.5982977, 'Daramuangan Sur Elementary School, Daramuangan Sur, San Mateo, Isabela', NULL, '2017-10-24 20:47:50', '2017-10-24 20:47:50', 2, NULL),
(350, 'SMDT', NULL, 7.02424449, 125.4944686, 'Crossing Bayabas National High School, Southern Mindano, Davao City', NULL, '2017-10-24 20:47:50', '2017-10-24 20:47:50', 2, NULL),
(351, 'SMMM', NULL, 7.00703042, 126.2859465, 'Don Salvador NHS, Brgy. Don Salvador Lopez, Sr., Mati, Davao Oriental', NULL, '2017-10-24 20:47:50', '2017-10-24 20:47:50', 2, NULL),
(352, 'SMSK', NULL, 6.96526793, 125.7271848, 'Kaputian National Highschool, Poblacion Kaputian, Kaputian, Samal Island (Island Garden City of Samal), Davao del Norte', NULL, '2017-10-24 20:47:50', '2017-10-24 20:47:50', 2, NULL),
(353, 'SNNI', NULL, 11.2335255, 124.5717776, NULL, NULL, '2017-10-24 20:47:50', '2017-10-24 20:47:50', NULL, NULL),
(354, 'SOLA', NULL, 10.0614322, 124.4349203, 'Camambugan National High School, Camambugan, Ubay, Bohol', NULL, '2017-10-24 20:47:50', '2017-10-24 20:47:50', 2, NULL),
(355, 'SOLB', NULL, 10.3688506, 124.7553367, 'Hilongos National Vocational School (HNVS), Hilongos, Leyte', NULL, '2017-10-24 20:47:50', '2017-10-24 20:47:50', 2, NULL),
(356, 'SOLC', NULL, 10.710353, 125.009335, 'Brgy. Tadoc, Abuyog, Southern Leyte', NULL, '2017-10-24 20:47:50', '2017-10-24 20:47:50', 2, NULL),
(357, 'SOLD', NULL, 11.0338586, 125.7407092, 'Guiuan Airport, Cantahay, Guiuan, Eastern Samar', NULL, '2017-10-24 20:47:50', '2017-10-24 20:47:50', 2, NULL),
(358, 'SOLE', NULL, 9.8942029, 124.4442344, 'Alicia National High School Poblacion Uno, Alicia, Bohol', NULL, '2017-10-24 20:47:50', '2017-10-24 20:47:50', 2, NULL),
(359, 'SOLF', NULL, 10.1876121, 124.7796464, 'Maasin Airport Panan-awan, Maasin City', NULL, '2017-10-24 20:47:50', '2017-10-24 20:47:50', 2, NULL),
(360, 'SOLG', NULL, 10.2961287, 125.0526546, 'Libagon Central Elementary School Libagon, Southern Leyte', NULL, '2017-10-24 20:47:50', '2017-10-24 20:47:50', 2, NULL),
(361, 'SOLH', NULL, 10.2658152, 125.1704658, 'San Juan Central Elementary School, San Juan Southern Leyte', NULL, '2017-10-24 20:47:50', '2017-10-24 20:47:50', 2, NULL),
(362, 'SOLI', NULL, 10.3496297, 125.2506127, 'Hinundayan Central School Hinundayan, Southern Leyte', NULL, '2017-10-24 20:47:50', '2017-10-24 20:47:50', 2, NULL),
(363, 'SOLJ', NULL, 10.7368411, 125.7202115, 'Homonhon National High School, Homonhon Island, Eastern Samar', NULL, '2017-10-24 20:47:50', '2017-10-24 20:47:50', 2, NULL),
(364, 'SOLK', NULL, 9.6883989, 123.8637711, 'PHIVOLCS Tagbilaran Station, Cobohan, Bohol', NULL, '2017-10-24 20:47:50', '2017-10-24 20:47:50', 2, NULL),
(365, 'SOLL', NULL, 9.9122115, 125.2761911, 'San Ricardo Central School, San Ricardo, Panaon Island Southern Leyte', NULL, '2017-10-24 20:47:50', '2017-10-24 20:47:50', 2, NULL),
(366, 'SOMA', NULL, 8.4486584, 125.7851266, 'Talacogon Municipal Hall, Talacogon, Agusan del Sur', NULL, '2017-10-24 20:47:50', '2017-10-24 20:47:50', 2, NULL),
(367, 'SOMB', NULL, 8.6772851, 126.1337743, 'Diatagon Elementary School, Purok 6, Diatagon, Lianga, Surigao del Sur', NULL, '2017-10-24 20:47:50', '2017-10-24 20:47:50', 2, NULL),
(368, 'SOMC', NULL, 8.2816244, 125.8175976, 'La Paz National High School, La Paz, Agusan del Sur', NULL, '2017-10-24 20:47:50', '2017-10-24 20:47:50', 2, NULL),
(369, 'SOMD', NULL, 8.5029904, 125.9821143, 'San Francisco National High School, San Francisco, Agusan del Sur', NULL, '2017-10-24 20:47:50', '2017-10-24 20:47:50', 2, NULL),
(370, 'SOME', NULL, 8.528777, 126.1207238, 'Barobo National High School, Barobo, Surigao del Sur', NULL, '2017-10-24 20:47:50', '2017-10-24 20:47:50', 2, NULL),
(371, 'SOMF', NULL, 7.5154759, 125.6190604, 'Sto. Tomas National High School, Menzi, Sto. Tomas, Davao del Norte', NULL, '2017-10-24 20:47:50', '2017-10-24 20:47:50', 2, NULL),
(372, 'SOMG', NULL, 7.5855266, 125.8259359, 'New Corella Central Elementary School, New Corella, Davao del Norte', NULL, '2017-10-24 20:47:50', '2017-10-24 20:47:50', 2, NULL),
(373, 'SOMH', NULL, 7.5058693, 125.9213417, 'Mawab Central Elementary School, Mawab, Compostela Valley', NULL, '2017-10-24 20:47:50', '2017-10-24 20:47:50', 2, NULL),
(374, 'SOMI', NULL, 7.6711221, 126.0901855, 'Compostela Central Elementary School, Compostela, Compostela Valley', NULL, '2017-10-24 20:47:50', '2017-10-24 20:47:50', 2, NULL),
(375, 'SOMJ', NULL, 8.3732681, 126.3342668, 'Hinatuan National Comprehensive High School, Hinatuan, Surigao del Sur', NULL, '2017-10-24 20:47:50', '2017-10-24 20:47:50', 2, NULL),
(376, 'SOMK', NULL, 7.7895379, 126.4461384, 'Cateel Vocational National High School, Cateel, Davao Oriental', NULL, '2017-10-24 20:47:50', '2017-10-24 20:47:50', 2, NULL),
(377, 'SOML', NULL, 6.8981491, 126.008148, 'Lupon Vocational National High School, Lupon, Davao Oriental', NULL, '2017-10-24 20:47:50', '2017-10-24 20:47:50', 2, NULL),
(378, 'SOMM', NULL, 6.9311188, 126.2547751, 'Davao Oriental State College of Science and Technology, Mati City, Davao Oriental', NULL, '2017-10-24 20:47:50', '2017-10-24 20:47:50', 2, NULL),
(379, 'SONO', NULL, 16.5183302, 121.1818869, '[Renamed from SOLA due to name conflict (internal); still recognized as SOLA by Academia Sinica] Brgy. Hall Poblacion North, Solano, Nueva Vizcaya', NULL, '2017-10-24 20:47:50', '2017-10-24 20:47:50', 1, NULL),
(380, 'SPAB', NULL, 14.0745874, 121.3245901, 'San Pablo City Hall, San Pablo, Laguna', NULL, '2017-10-24 20:47:50', '2017-10-24 20:47:50', 1, NULL),
(381, 'SRQE', NULL, 16.11782534, 120.6812703, 'Barangay San Roque, San Manuel, Pangasinan', NULL, '2017-10-24 20:47:50', '2017-10-24 20:47:50', 2, NULL),
(382, 'STNA', NULL, 18.4575272, 122.1428426, 'Engineer\'s office, Santa Ana Municipal Hall, Cagayan', NULL, '2017-10-24 20:47:50', '2017-10-24 20:47:50', 1, NULL),
(383, 'SUAL', NULL, 16.0724297, 120.0808686, 'Ilocos Integrated Agricultural Research Center Satellite Station, Poblacion Sual, Pangasinan', NULL, '2017-10-24 20:47:50', '2017-10-24 20:47:50', 2, NULL),
(384, 'TABA', NULL, 13.3578443, 123.7306893, NULL, NULL, '2017-10-24 20:47:50', '2017-10-24 20:47:50', NULL, NULL),
(385, 'TACB', NULL, 11.2436701, 125.0078329, 'NCKU: Municipal Disaster Risk Reduction and Management Office, Tacloban Municipal Hall, Tacloban City, Leyte', NULL, '2017-10-24 20:47:50', '2017-10-24 20:47:50', 1, NULL),
(386, 'TACL', NULL, NULL, NULL, NULL, NULL, '2017-10-24 20:47:50', '2017-10-24 20:47:50', NULL, NULL),
(387, 'TAFT', NULL, 11.9037913, 125.4190713, NULL, NULL, '2017-10-24 20:47:50', '2017-10-24 20:47:50', NULL, NULL),
(388, 'TAGA', NULL, NULL, NULL, NULL, NULL, '2017-10-24 20:47:50', '2017-10-24 20:47:50', NULL, NULL),
(389, 'TAGB', NULL, 9.0794503, 125.6149554, 'Paaralang Elementarya ng Tagbongabong, Agusan del Norte', NULL, '2017-10-24 20:47:50', '2017-10-24 20:47:50', 2, NULL),
(390, 'TAIW', NULL, 25.0213311, 121.5365409, NULL, NULL, '2017-10-24 20:47:50', '2017-10-24 20:47:50', NULL, NULL),
(391, 'TANY', NULL, 14.581555, 121.3691099, 'Tanay Synoptic and Uper Air Station (PAGASA), Sitio Mayagay, Brgy. Sampaloc, Tanay, Rizal', NULL, '2017-10-24 20:47:50', '2017-10-24 20:47:50', 1, NULL),
(392, 'TARL', NULL, 15.44458912, 120.5946336, 'Research Outreach Division for Lowland Development, Department of Agriculture, Paraiso, San Miguel, Tarlac', NULL, '2017-10-24 20:47:50', '2017-10-24 20:47:50', 2, NULL),
(393, 'TAWI', NULL, 5.0242958, 119.7651468, 'Tawi-Tawi Provincial Capitol, New Housing, Bongao, Tawi Tawi', NULL, '2017-10-24 20:47:50', '2017-10-24 20:47:50', 1, NULL),
(394, 'TCGN', NULL, 8.4488476, 125.7847262, 'Municipal Hall Building, Purok 1, Del Monte, Talacogon, Agusan del Sur', NULL, '2017-10-24 20:47:50', '2017-10-24 20:47:50', 1, NULL),
(395, 'TGDN', NULL, 16.9340942, 120.4454083, '2nd Floor, Office of the Provincial Persecutor Tagudin Sub-office, Tagudin, Ilocos Sur', NULL, '2017-10-24 20:47:50', '2017-10-24 20:47:50', 1, NULL),
(396, 'TNDG', NULL, 9.0401386, 126.2154057, 'Surigao Del Sur State University, Tandag, Surigao Del Sur', NULL, '2017-10-24 20:47:50', '2017-10-24 20:47:50', 1, NULL),
(397, 'TNML', NULL, 24.7979537, 120.9873454, 'IGS: Hsinchu, Taiwan', NULL, '2017-10-24 20:47:50', '2017-10-24 20:47:50', 1, NULL),
(398, 'TOF1', NULL, 11.1826858, 124.6255063, NULL, NULL, '2017-10-24 20:47:50', '2017-10-24 20:47:50', NULL, NULL),
(399, 'TONA', NULL, 11.1075139, 124.6544807, 'Sitio Base2, Kabawon-an, Brgy Tongonan, Ormoc City', NULL, '2017-10-24 20:47:50', '2017-10-24 20:47:50', 2, NULL),
(400, 'TONF', NULL, 11.1826889, 124.6255056, 'op berm of Well 408, PNOC-EDC, Tongonan, Ormoc City', NULL, '2017-10-24 20:47:50', '2017-10-24 20:47:50', 2, NULL),
(401, 'TONU', NULL, NULL, NULL, 'Villa Conzoilo Primary School, Villagonzoilo (Villa Consuelo), Jaro, Leyte', NULL, '2017-10-24 20:47:50', '2017-10-24 20:47:50', 2, NULL),
(402, 'TONW', NULL, 11.1470538, 124.6383871, NULL, NULL, '2017-10-24 20:47:50', '2017-10-24 20:47:50', NULL, NULL),
(403, 'TRC3', NULL, 15.6095267, 120.3838211, 'Barangay Poblacion, Mayantoc, Tarlac', NULL, '2017-10-24 20:47:50', '2017-10-24 20:47:50', 2, NULL),
(404, 'TRL1', NULL, 15.444591, 120.5946343, NULL, NULL, '2017-10-24 20:47:50', '2017-10-24 20:47:50', NULL, NULL),
(405, 'TRLC', NULL, 15.4863468, 120.5892349, 'City health center-I, Tarlac City, Tarlac', NULL, '2017-10-24 20:47:50', '2017-10-24 20:47:50', 1, NULL),
(406, 'TSKB', NULL, 36.1056798, 140.0874965, NULL, NULL, '2017-10-24 20:47:50', '2017-10-24 20:47:50', NULL, NULL),
(407, 'TUAO', NULL, 17.7349919, 121.4551562, 'Tuao Town Hall, Tuao, Cagayan', NULL, '2017-10-24 20:47:50', '2017-10-24 20:47:50', 1, NULL),
(408, 'TUKU', NULL, 7.851625, 123.5754055, 'Tukuran Technical Vocational High School, Tukuran, Zamboanga Del Sur', NULL, '2017-10-24 20:47:50', '2017-10-24 20:47:50', 2, NULL),
(409, 'TWTF', NULL, 24.9535645, 121.1645015, NULL, NULL, '2017-10-24 20:47:50', '2017-10-24 20:47:50', NULL, NULL),
(410, 'UP02', NULL, 14.6552731, 121.0594719, 'UP Diliman, Quezon City', NULL, '2017-10-24 20:47:50', '2017-10-24 20:47:50', 2, NULL),
(411, 'URDT', NULL, 15.9889031, 120.5740259, 'DOST office, Urdaneta City, Pangasinan', NULL, '2017-10-24 20:47:50', '2017-10-24 20:47:50', 1, NULL),
(412, 'USUD', NULL, 36.1331105, 138.3620436, NULL, NULL, '2017-10-24 20:47:50', '2017-10-24 20:47:50', NULL, NULL),
(413, 'VIGN', NULL, 17.5604141, 120.3834179, 'Dean\'s office, 1st floor, College of Engineering, University of Northern Philippines, Brgy. Tamag, Vigan, Ilocos Sur', NULL, '2017-10-24 20:47:50', '2017-10-24 20:47:50', 1, NULL),
(414, 'VMAN', NULL, 13.2300589, 123.6737464, 'VMEPD: Mayon cGPS', NULL, '2017-10-24 20:47:50', '2017-10-24 20:47:50', 1, NULL),
(415, 'VMRH', NULL, 13.2830567, 123.6712108, 'VMEPD: Mayon cGPS', NULL, '2017-10-24 20:47:50', '2017-10-24 20:47:50', 1, NULL),
(416, 'VMSM', NULL, 13.2518305, 123.7299025, 'VMEPD: Mayon cGPS', NULL, '2017-10-24 20:47:50', '2017-10-24 20:47:50', 1, NULL),
(417, 'VRAC', NULL, 13.5860912, 124.2357762, 'EOS|VMEPD: ~50m from CAT1; Veterans Office Building, Virac, Catanduanes', NULL, '2017-10-24 20:47:50', '2017-10-24 20:47:50', 1, NULL),
(418, 'VRC1', NULL, 13.5659825, 124.3367912, 'Brgy. Bote (Sitio Lugsadan), Bato Town, Catanduanes Bicol', NULL, '2017-10-24 20:47:50', '2017-10-24 20:47:50', 2, NULL),
(419, 'VRC2', NULL, 13.5659292, 124.3365657, 'multiple BM; close proximity with VRC1', NULL, '2017-10-24 20:47:50', '2017-10-24 20:47:50', 2, NULL),
(420, 'VRC3', NULL, NULL, NULL, 'multiple BM; close proximity with VRC1', NULL, '2017-10-24 20:47:50', '2017-10-24 20:47:50', 2, NULL),
(421, 'VRC4', NULL, 13.56649655, 124.3368166, 'multiple BM; close proximity with VRC1', NULL, '2017-10-24 20:47:50', '2017-10-24 20:47:50', 2, NULL),
(422, 'VTBM', NULL, 13.9813199, 120.9784409, 'VMEPD: Taal cGPS', NULL, '2017-10-24 20:47:50', '2017-10-24 20:47:50', 1, NULL),
(423, 'VTCT', NULL, 13.9979419, 121.0117445, 'VMEPD: Taal cGPS', NULL, '2017-10-24 20:47:50', '2017-10-24 20:47:50', 1, NULL),
(424, 'VTDK', NULL, 14.0176906, 121.0012542, 'VMEPD: Taal cGPS', NULL, '2017-10-24 20:47:50', '2017-10-24 20:47:50', 1, NULL),
(425, 'WUHA', NULL, 30.5316536, 114.3572593, NULL, NULL, '2017-10-24 20:47:50', '2017-10-24 20:47:50', NULL, NULL),
(426, 'WUHN', NULL, 30.5316528, 114.357262, NULL, NULL, '2017-10-24 20:47:50', '2017-10-24 20:47:50', NULL, NULL),
(427, 'ZBS1', NULL, 15.409209, 119.9524843, '33rd Mechanized Infantry Company, 3rd Mechanized Battalion, Barangay Bulawen, Palauig, Zambales', NULL, '2017-10-24 20:47:50', '2017-10-24 20:47:50', 2, NULL),
(428, 'ZBS3', NULL, 15.8056872, 119.9246988, 'Sitio Pasig, Barangay Gama, Sta Cruz, Zambales', NULL, '2017-10-24 20:47:50', '2017-10-24 20:47:50', 2, NULL),
(429, 'ZMPS', NULL, NULL, NULL, 'Zamboanga', NULL, '2017-10-24 20:47:50', '2017-10-24 20:47:50', NULL, NULL),
(432, 'TUCP', NULL, NULL, NULL, 'Tuburan Central School, Cebu', NULL, '2017-10-24 20:47:50', '2017-10-24 20:47:50', 2, NULL),
(433, 'SRCP', NULL, NULL, NULL, 'Tambongon Intergrated School, Tambongon, San remigo, Cebu', NULL, '2017-10-24 20:47:50', '2017-10-24 20:47:50', 2, NULL),
(434, 'BCCP', NULL, NULL, NULL, 'Bogo Central School, Bogo City, Cebu', NULL, '2017-10-24 20:47:50', '2017-10-24 20:47:50', 2, NULL),
(435, 'SBOL', NULL, 9.5906149, 124.095295, 'Holy Rosary Church, Lila, Bohol', NULL, '2017-10-24 20:47:50', '2017-10-24 20:47:50', 2, NULL),
(436, 'SBOI', NULL, 9.9949906, 124.0668904, 'Southern Inabanga High School, Dagohoy, Inabanga, Bohol', NULL, '2017-10-24 20:47:50', '2017-10-24 20:47:50', 2, NULL),
(437, 'CCA5', NULL, 13.89883203, 121.0493827, 'Cuenca Central Elementary School, Cuenca, Batangas', NULL, '2017-10-24 20:47:50', '2017-10-24 20:47:50', 2, NULL),
(438, 'TING', NULL, NULL, NULL, NULL, NULL, '2017-10-24 20:47:50', '2017-10-24 20:47:50', NULL, NULL),
(452, 'AST1', NULL, 25.04045165, 121.6138566, NULL, NULL, '2017-10-24 20:47:50', '2017-10-24 20:47:50', NULL, NULL),
(463, 'BARA', NULL, 15.97442847, 120.4726615, 'Minien West, Brgy. Oraan East, Santa Barbara, Pangasinan', NULL, '2017-10-24 20:47:50', '2017-10-24 20:47:50', 2, NULL),
(543, 'CAT1', NULL, 13.5865323, 124.2358598, 'Virac, Catanduanes', NULL, '2017-10-24 20:47:50', '2017-10-24 20:47:50', 1, NULL),
(549, 'CEB2', NULL, 10.74952645, 124.0056593, 'Poblacion, Sogod, Cebu', NULL, '2017-10-24 20:47:50', '2017-10-24 20:47:50', NULL, NULL),
(555, 'CGN1', NULL, 9.116367, 124.6873545, NULL, NULL, '2017-10-24 20:47:50', '2017-10-24 20:47:50', NULL, NULL),
(557, 'CLPG', NULL, 10.20370746, 124.7954107, 'Brgy. Calumpang, Matalom, Leyte', NULL, '2017-10-24 20:47:50', '2017-10-24 20:47:50', NULL, NULL),
(577, 'DANC', NULL, 9.97934774, 122.7385514, 'Filomena G. Gequillana Elementary School (formerly Dancalan Elementary School), Ilog, Negros Occidental', NULL, '2017-10-24 20:47:50', '2017-10-24 20:47:50', 2, NULL),
(584, 'ESEB', NULL, 11.60176599, 125.4392476, 'ESNSHS, Borongan City, Eastern Samar', NULL, '2017-10-24 20:47:50', '2017-10-24 20:47:50', 2, NULL),
(585, 'ESSJ', NULL, 11.36199228, 125.6103978, 'San Jose llorente. Samar', NULL, '2017-10-24 20:47:50', '2017-10-24 20:47:50', 2, NULL),
(586, 'ESTJ', NULL, 11.901004, 125.4192177, 'Taft Central Elementary School, Taft, Eastern Samar', NULL, '2017-10-24 20:47:50', '2017-10-24 20:47:50', 2, NULL),
(597, 'IILO', NULL, 10.9681498, 122.7322772, NULL, NULL, '2017-10-24 20:47:50', '2017-10-24 20:47:50', NULL, NULL),
(602, 'INHS', NULL, 8.2250866, 124.2395115, NULL, NULL, '2017-10-24 20:47:50', '2017-10-24 20:47:50', NULL, NULL),
(608, 'JONA', NULL, 13.7069738, 123.7412248, 'Brgy. Sta. Maria, Presentacion, Camarines Sur ', NULL, '2017-10-24 20:47:50', '2017-10-24 20:47:50', 2, NULL),
(620, 'LBHU', NULL, 10.17432031, 124.7997251, 'Maasin City, Southern Leyte', NULL, '2017-10-24 20:47:50', '2017-10-24 20:47:50', 2, NULL),
(636, 'LEYI', NULL, 11.70207846, 125.0670972, '(AKA HINA) Hinabangan, Samar, Near Municipal Hall, Leyte', NULL, '2017-10-24 20:47:50', '2017-10-24 20:47:50', 2, NULL),
(643, 'LIBO', NULL, 13.82481471, 122.7337035, 'nd Auxiliary of SIBE] Ragay National Agricultural and Fisheries School, Liboro Ragay, Camarines Sur', NULL, '2017-10-24 20:47:50', '2017-10-24 20:47:50', 2, NULL),
(646, 'LOV1', NULL, 13.15976662, 123.7279958, 'VMEPD: Mayon cGPS', NULL, '2017-10-24 20:47:50', '2017-10-24 20:47:50', 1, NULL),
(668, 'MACL', NULL, 12.7915656, 123.2925728, 'San isidro Elementary School, Claveria Burias Island, Masbate', NULL, '2017-10-24 20:47:50', '2017-10-24 20:47:50', 2, NULL),
(676, 'MAL2', NULL, 25.0402854, 121.6140174, NULL, NULL, '2017-10-24 20:47:50', '2017-10-24 20:47:50', NULL, NULL),
(678, 'MALB', NULL, 13.4020434, 123.7033658, NULL, NULL, '2017-10-24 20:47:50', '2017-10-24 20:47:50', NULL, NULL),
(683, '2-Ma', NULL, NULL, NULL, NULL, NULL, '2017-10-24 20:47:50', '2017-10-24 20:47:50', NULL, NULL),
(698, 'MASM', NULL, 12.2278592, 123.284517, 'Jose Z. Mesa Sr. Memorial Elementary School, Mandaon, Masbate', NULL, '2017-10-24 20:47:50', '2017-10-24 20:47:50', 2, NULL),
(699, 'MASU', NULL, 12.22345969, 123.7876324, 'Uson National High School', NULL, '2017-10-24 20:47:50', '2017-10-24 20:47:50', 2, NULL),
(711, 'MSJ1', NULL, 12.04000788, 123.1927173, NULL, NULL, '2017-10-24 20:47:50', '2017-10-24 20:47:50', NULL, NULL),
(744, 'NMJA', NULL, 8.60662659, 124.7666862, 'Aplaya National High School, Jasaan, Misamis Oriental', NULL, '2017-10-24 20:47:50', '2017-10-24 20:47:50', 2, NULL),
(761, 'NPAC', NULL, 11.4259745, 122.0571572, 'Northern Antique Vocational School, Alojado St., Culasi, Antique', NULL, '2017-10-24 20:47:50', '2017-10-24 20:47:50', 2, NULL),
(765, 'NSEV', NULL, 12.42447847, 124.3245017, 'Erenas Elementary School, Victoria, Northern Samar', NULL, '2017-10-24 20:47:50', '2017-10-24 20:47:50', 2, NULL),
(766, 'NSMC', NULL, 12.07103585, 124.5959801, '(NSNC)', NULL, '2017-10-24 20:47:50', '2017-10-24 20:47:50', 2, NULL),
(767, 'NSPC', NULL, 12.56427765, 124.9309946, 'Pambujan Central School, Pambujan, Northern Samar', NULL, '2017-10-24 20:47:50', '2017-10-24 20:47:50', 2, NULL),
(776, 'PAL1', NULL, 13.14651814, 123.6160745, NULL, NULL, '2017-10-24 20:47:50', '2017-10-24 20:47:50', NULL, NULL),
(814, 'QZN4', NULL, 14.6651539, 121.6049476, '(unknown status and coordinates) Dait, Polilio, Quezon', NULL, '2017-10-24 20:47:50', '2017-10-24 20:47:50', 2, NULL),
(815, 'QZN5', NULL, 14.66515375, 121.6049467, '(NAMRIA) Town Proper, Real Elementary School, Quezon', NULL, '2017-10-24 20:47:50', '2017-10-24 20:47:50', 2, NULL),
(818, 'ROBI', NULL, 13.7725628, 123.8645556, 'Caramoan Central School, Caramoan, Camarines Sur', NULL, '2017-10-24 20:47:50', '2017-10-24 20:47:50', 2, NULL),
(820, 'S01R', NULL, 23.6552749, 119.5923718, NULL, NULL, '2017-10-24 20:47:50', '2017-10-24 20:47:50', NULL, NULL),
(837, 'SIE1', NULL, 13.8248149, 122.7337043, NULL, NULL, '2017-10-24 20:47:50', '2017-10-24 20:47:50', NULL, NULL),
(847, 'SIPA', NULL, 9.74819299, 122.4091717, NULL, NULL, '2017-10-24 20:47:50', '2017-10-24 20:47:50', NULL, NULL),
(852, 'SMB1', NULL, 7.56995401, 126.5650387, NULL, NULL, '2017-10-24 20:47:50', '2017-10-24 20:47:50', NULL, NULL),
(863, 'SNP1', NULL, 9.3397676, 123.2380486, 'Sibulan Seismic Station, Brgy. San Antonio, Sibulan, Negros Oriental', NULL, '2017-10-24 20:47:50', '2017-10-24 20:47:50', NULL, NULL),
(864, 'SNPI', NULL, 9.33976766, 123.2380485, NULL, NULL, '2017-10-24 20:47:50', '2017-10-24 20:47:50', NULL, NULL),
(895, 'SURI', NULL, 9.6468545, 125.5750705, NULL, NULL, '2017-10-24 20:47:50', '2017-10-24 20:47:50', NULL, NULL),
(896, 'SVAQ', NULL, 11.7037445, 122.3778027, NULL, NULL, '2017-10-24 20:47:50', '2017-10-24 20:47:50', NULL, NULL),
(906, 'TGBN', NULL, 9.68842404, 123.8637126, NULL, NULL, '2017-10-24 20:47:50', '2017-10-24 20:47:50', NULL, NULL),
(911, 'TON1', NULL, 11.18544444, 124.6251668, '[Near TONF] also within PNOC-EDC, Tongonan, Ormoc City', NULL, '2017-10-24 20:47:50', '2017-10-24 20:47:50', 2, NULL),
(920, 'TUBY', NULL, 9.1694833, 125.5321479, 'Tubay Municipal Hall, Tubay, Agusan Del Norte', NULL, '2017-10-24 20:47:50', '2017-10-24 20:47:50', 2, NULL),
(923, 'UBAY', NULL, 10.06143236, 124.4349202, 'Camambugan National High School, Camambugan, Ubay, Bohol', NULL, '2017-10-24 20:47:50', '2017-10-24 20:47:50', 2, NULL),
(938, 'WMSU', NULL, 6.91331983, 122.0616271, NULL, NULL, '2017-10-24 20:47:50', '2017-10-24 20:47:50', NULL, NULL),
(939, 'WSBC', NULL, 11.80763495, 124.8330615, 'Brgy. Cabugawan, Buri Airport, Catbalogan, Western Samar', NULL, '2017-10-24 20:47:50', '2017-10-24 20:47:50', 2, NULL),
(942, 'ACDR', NULL, NULL, NULL, 'Antipolo Municipal Hall, Antipolo City', NULL, '2017-10-24 21:28:16', '2017-10-24 21:28:16', 1, NULL),
(943, 'ADMA', NULL, NULL, NULL, 'DOST Taguig Main Compound (AdMaTeL Bldg.), Bicutan, Taguig', NULL, '2017-10-24 21:28:16', '2017-10-24 21:28:16', 1, NULL),
(968, 'BAYA', NULL, NULL, NULL, 'Bayanihan Elementary School, Brgy. Paltok, Quezon City', NULL, '2017-10-24 21:28:17', '2017-10-24 21:28:17', 1, NULL),
(974, 'BMJR', NULL, NULL, NULL, 'Brgy. Mabini J.Rizal Brgy. hall', NULL, '2017-10-24 21:28:17', '2017-10-24 21:28:17', 1, NULL),
(980, 'BR14', NULL, NULL, NULL, 'BR15] Brgy. Poblacion, Bucay, Abra', NULL, '2017-10-24 21:28:18', '2017-10-24 21:28:18', 2, NULL),
(981, 'BR15', NULL, NULL, NULL, 'Brgy. Poblacion, Bucay, Abra', NULL, '2017-10-24 21:28:18', '2017-10-24 21:28:18', 2, NULL),
(1008, 'CEMB', NULL, NULL, NULL, 'Cembo Health Center, Makati City', NULL, '2017-10-24 21:28:19', '2017-10-24 21:28:19', 1, NULL),
(1016, 'CMWL', NULL, NULL, NULL, 'Brgy. Commonwealth Brgy. Hall, Quezon City', NULL, '2017-10-24 21:28:19', '2017-10-24 21:28:19', 1, NULL),
(1034, 'DLPZ', NULL, NULL, NULL, 'Dela Paz Elementary School', NULL, '2017-10-24 21:28:20', '2017-10-24 21:28:20', 1, NULL),
(1070, 'LBCA', NULL, NULL, NULL, '(AKA LIBA) Libacao Municipal Hall, Libacao, Aklan', NULL, '2017-10-24 21:28:21', '2017-10-24 21:28:21', 1, NULL),
(1091, 'LMSA', NULL, NULL, NULL, 'La Mesa Dam, Quezon City', NULL, '2017-10-24 21:28:22', '2017-10-24 21:28:22', 1, NULL),
(1151, 'MLRA', NULL, NULL, NULL, 'MBR TODA, Malaria, Caloocan City North', NULL, '2017-10-24 21:28:25', '2017-10-24 21:28:25', 1, NULL),
(1160, 'MTDW', NULL, NULL, NULL, 'Barangay Munting Dilaw, Cainta, Rizal', NULL, '2017-10-24 21:28:25', '2017-10-24 21:28:25', 1, NULL),
(1161, 'MTLB', NULL, NULL, NULL, 'Colegio De Montalban, Montalban, Rizal', NULL, '2017-10-24 21:28:25', '2017-10-24 21:28:25', 1, NULL),
(1162, 'MTSS', NULL, NULL, NULL, 'TGBN ] Tagbilaran Seismic Station, Tagbilaran City, Bohol', NULL, '2017-10-24 21:28:25', '2017-10-24 21:28:25', 1, NULL),
(1181, 'NAST', NULL, NULL, NULL, 'DOST Taguig Main Compound (Heritage Bldg.), Bicutan, Taguig', NULL, '2017-10-24 21:28:26', '2017-10-24 21:28:26', 1, NULL),
(1224, 'ORMC', NULL, NULL, NULL, 'NCKU: Ormoc, Leyte', NULL, '2017-10-24 21:28:28', '2017-10-24 21:28:28', 1, NULL),
(1232, 'PBAS', NULL, NULL, NULL, 'NAMRIA PageNET: ', NULL, '2017-10-24 21:28:28', '2017-10-24 21:28:28', 1, NULL),
(1236, 'PCAT', NULL, NULL, NULL, 'NAMRIA PageNET: ', NULL, '2017-10-24 21:28:28', '2017-10-24 21:28:28', 1, NULL),
(1238, 'PCEB', NULL, NULL, NULL, 'NAMRIA PageNET: ', NULL, '2017-10-24 21:28:28', '2017-10-24 21:28:28', 1, NULL),
(1240, 'PDCS', NULL, NULL, NULL, 'Prieto Diaz Central School, Perlas, Prieto Diaz, Sorsogon', NULL, '2017-10-24 21:28:28', '2017-10-24 21:28:28', 2, NULL),
(1241, 'PDUM', NULL, NULL, NULL, 'NAMRIA PageNET: ', NULL, '2017-10-24 21:28:28', '2017-10-24 21:28:28', 1, NULL),
(1242, 'PEMB', NULL, NULL, NULL, 'Pembo Community Complex, Makati City', NULL, '2017-10-24 21:28:28', '2017-10-24 21:28:28', 1, NULL),
(1251, 'PKAL', NULL, NULL, NULL, 'NAMRIA PageNET: ', NULL, '2017-10-24 21:28:29', '2017-10-24 21:28:29', 1, NULL),
(1255, 'PMAS', NULL, NULL, NULL, 'NAMRIA PageNET: ', NULL, '2017-10-24 21:28:29', '2017-10-24 21:28:29', 1, NULL),
(1256, 'PMOG', NULL, NULL, NULL, 'NAMRIA PageNET: ', NULL, '2017-10-24 21:28:29', '2017-10-24 21:28:29', 1, NULL),
(1257, 'PMRV', NULL, NULL, NULL, 'NAMRIA PageNET: ', NULL, '2017-10-24 21:28:29', '2017-10-24 21:28:29', 1, NULL),
(1259, 'PNDO', NULL, NULL, NULL, 'NAMRIA PageNET: ', NULL, '2017-10-24 21:28:29', '2017-10-24 21:28:29', 1, NULL),
(1262, 'PNG6', NULL, NULL, NULL, 'Dagupan City, Pangasinan', NULL, '2017-10-24 21:28:29', '2017-10-24 21:28:29', 2, NULL),
(1266, 'PRJ4', NULL, NULL, NULL, 'Project 4 Health Center, P. Tuazon, Cubao, Quezon City', NULL, '2017-10-24 21:28:29', '2017-10-24 21:28:29', 1, NULL),
(1267, 'PSRF', NULL, NULL, NULL, 'NAMRIA PageNET: ', NULL, '2017-10-24 21:28:29', '2017-10-24 21:28:29', 1, NULL),
(1273, 'PTGO', NULL, NULL, NULL, 'NAMRIA PageNET: ', NULL, '2017-10-24 21:28:30', '2017-10-24 21:28:30', 1, NULL),
(1275, 'PTUG', NULL, NULL, NULL, 'NAMRIA PageNET: ', NULL, '2017-10-24 21:28:30', '2017-10-24 21:28:30', 1, NULL),
(1279, 'PZAM', NULL, NULL, NULL, 'NAMRIA PageNET: ', NULL, '2017-10-24 21:28:30', '2017-10-24 21:28:30', 1, NULL),
(1287, 'RGMH', NULL, NULL, NULL, 'Rodriguez Municipal Hall, Rodriguez, Rizal', NULL, '2017-10-24 21:28:30', '2017-10-24 21:28:30', 1, NULL),
(1288, 'RMHS', NULL, NULL, NULL, 'Ramon Magsaysay High School', NULL, '2017-10-24 21:28:30', '2017-10-24 21:28:30', 1, NULL),
(1327, 'SMPH', NULL, NULL, NULL, 'Brgy. Sumilang Multi-purpose Hall, Pasig City', NULL, '2017-10-24 21:28:32', '2017-10-24 21:28:32', 1, NULL),
(1329, 'SMTC', NULL, NULL, NULL, 'San Mateo Regional Trial Court and Municipal Trial Court, Rizal', NULL, '2017-10-24 21:28:32', '2017-10-24 21:28:32', 1, NULL),
(1358, 'SPLY', NULL, NULL, NULL, 'Genaro Alvarez Elementary School, Sipalay', NULL, '2017-10-24 21:28:33', '2017-10-24 21:28:33', 2, NULL),
(1372, 'TNHS', NULL, NULL, NULL, 'Tandang Sora National High School Belmonte Bldg.', NULL, '2017-10-24 21:28:34', '2017-10-24 21:28:34', 1, NULL),
(1380, 'TRSA', NULL, NULL, NULL, 'Teresa Municipal Hall, Rizal', NULL, '2017-10-24 21:28:34', '2017-10-24 21:28:34', 1, NULL),
(1385, 'TUMA', NULL, NULL, NULL, 'Tumana Health Center, Marikina City', NULL, '2017-10-24 21:28:34', '2017-10-24 21:28:34', 1, NULL),
(1386, 'TYTY', NULL, NULL, NULL, 'Taytay Municipal Hall, Taytay, Rizal', NULL, '2017-10-24 21:28:34', '2017-10-24 21:28:34', 1, NULL),
(1390, 'VCAC', NULL, NULL, NULL, 'Alert Center, Valenzuela City', NULL, '2017-10-24 21:28:34', '2017-10-24 21:28:34', 1, NULL);

-- --------------------------------------------------------

--
-- Table structure for table `survey_types`
--

CREATE TABLE `survey_types` (
  `id` int(1) NOT NULL,
  `type` varchar(15) NOT NULL
) ENGINE=InnoDB DEFAULT CHARSET=latin1;

--
-- Dumping data for table `survey_types`
--

INSERT INTO `survey_types` (`id`, `type`) VALUES
(1, 'continuous'),
(2, 'campaign');

-- --------------------------------------------------------

--
-- Table structure for table `users`
--

CREATE TABLE `users` (
  `id` int(11) NOT NULL,
  `username` varchar(100) NOT NULL,
  `password` varchar(200) NOT NULL,
  `createdAt` datetime NOT NULL DEFAULT CURRENT_TIMESTAMP,
  `updatedAt` datetime NOT NULL DEFAULT CURRENT_TIMESTAMP ON UPDATE CURRENT_TIMESTAMP,
  `access_level_id` int(11) DEFAULT '3',
  `person_id` int(11) DEFAULT NULL
) ENGINE=InnoDB DEFAULT CHARSET=latin1;

--
-- Dumping data for table `users`
--

INSERT INTO `users` (`id`, `username`, `password`, `createdAt`, `updatedAt`, `access_level_id`, `person_id`) VALUES
(2, 'gps', '$2a$12$eYbpAqFZtHcYLjgCG2x2Luya1rx4s3Vh8vPk104oZSt4BkhLoTiUG', '2017-10-26 06:20:46', '2017-12-12 11:13:54', 2, NULL),
(3, 'thevinci', '$2a$12$7d4joeRQ5QZLsTp2cCWkkOFhJNHDjTaHdsvVzjtNuAg.kmCk6Daey', '2017-12-08 01:39:14', '2017-12-20 15:44:58', 1, 9);

--
-- Indexes for dumped tables
--

--
-- Indexes for table `access_levels`
--
ALTER TABLE `access_levels`
  ADD PRIMARY KEY (`id`);

--
-- Indexes for table `antennas`
--
ALTER TABLE `antennas`
  ADD PRIMARY KEY (`id`),
  ADD UNIQUE KEY `serial_number` (`serial_number`),
  ADD UNIQUE KEY `antennas_serialNumber_unique` (`serial_number`),
  ADD KEY `antenna_model_id` (`antenna_model_id`);

--
-- Indexes for table `antenna_models`
--
ALTER TABLE `antenna_models`
  ADD PRIMARY KEY (`id`),
  ADD KEY `equipment_brand_id` (`equipment_brand_id`);

--
-- Indexes for table `campaign_logsheets`
--
ALTER TABLE `campaign_logsheets`
  ADD PRIMARY KEY (`id`),
  ADD KEY `site_id` (`site_id`),
  ADD KEY `antenna_id` (`antenna_id`),
  ADD KEY `receiver_id` (`receiver_id`);

--
-- Indexes for table `campaign_observers`
--
ALTER TABLE `campaign_observers`
  ADD PRIMARY KEY (`campaign_logsheet_id`,`person_id`),
  ADD KEY `person_id` (`person_id`);

--
-- Indexes for table `contact_numbers`
--
ALTER TABLE `contact_numbers`
  ADD PRIMARY KEY (`id`),
  ADD KEY `person_id` (`person_id`);

--
-- Indexes for table `continuous_logsheets`
--
ALTER TABLE `continuous_logsheets`
  ADD PRIMARY KEY (`id`),
  ADD KEY `site_id` (`site_id`),
  ADD KEY `antenna_id` (`antenna_id`),
  ADD KEY `receiver_id` (`receiver_id`);

--
-- Indexes for table `continuous_observers`
--
ALTER TABLE `continuous_observers`
  ADD PRIMARY KEY (`continuous_logsheet_id`,`person_id`),
  ADD KEY `person_id` (`person_id`);

--
-- Indexes for table `divisions`
--
ALTER TABLE `divisions`
  ADD PRIMARY KEY (`id`);

--
-- Indexes for table `emails`
--
ALTER TABLE `emails`
  ADD PRIMARY KEY (`id`),
  ADD UNIQUE KEY `address` (`address`),
  ADD UNIQUE KEY `emails_address_unique` (`address`),
  ADD KEY `person_id` (`person_id`);

--
-- Indexes for table `equipment_brands`
--
ALTER TABLE `equipment_brands`
  ADD PRIMARY KEY (`id`);

--
-- Indexes for table `markers`
--
ALTER TABLE `markers`
  ADD PRIMARY KEY (`id`),
  ADD UNIQUE KEY `name` (`name`),
  ADD UNIQUE KEY `description` (`description`),
  ADD UNIQUE KEY `markers_name_unique` (`name`),
  ADD UNIQUE KEY `markers_description_unique` (`description`);

--
-- Indexes for table `non_staff_positions`
--
ALTER TABLE `non_staff_positions`
  ADD PRIMARY KEY (`id`);

--
-- Indexes for table `office_locations`
--
ALTER TABLE `office_locations`
  ADD PRIMARY KEY (`id`);

--
-- Indexes for table `people`
--
ALTER TABLE `people`
  ADD PRIMARY KEY (`id`),
  ADD KEY `position_id` (`position_id`),
  ADD KEY `division_id` (`division_id`),
  ADD KEY `site_id` (`site_id`),
  ADD KEY `person_type_id` (`person_type_id`),
  ADD KEY `non_staff_position_id` (`non_staff_position_id`),
  ADD KEY `office_location_id` (`office_location_id`);

--
-- Indexes for table `person_types`
--
ALTER TABLE `person_types`
  ADD PRIMARY KEY (`id`);

--
-- Indexes for table `positions`
--
ALTER TABLE `positions`
  ADD PRIMARY KEY (`id`);

--
-- Indexes for table `receivers`
--
ALTER TABLE `receivers`
  ADD PRIMARY KEY (`id`),
  ADD UNIQUE KEY `serial_number` (`serial_number`),
  ADD UNIQUE KEY `receivers_serialNumber_unique` (`serial_number`),
  ADD KEY `receiver_model_id` (`receiver_model_id`);

--
-- Indexes for table `receiver_models`
--
ALTER TABLE `receiver_models`
  ADD PRIMARY KEY (`id`),
  ADD KEY `equipment_brand_id` (`equipment_brand_id`);

--
-- Indexes for table `sites`
--
ALTER TABLE `sites`
  ADD PRIMARY KEY (`id`),
  ADD UNIQUE KEY `name` (`name`),
  ADD UNIQUE KEY `sites_name_unique` (`name`),
  ADD KEY `survey_type_id` (`survey_type_id`),
  ADD KEY `marker_id` (`marker_id`);

--
-- Indexes for table `survey_types`
--
ALTER TABLE `survey_types`
  ADD PRIMARY KEY (`id`);

--
-- Indexes for table `users`
--
ALTER TABLE `users`
  ADD PRIMARY KEY (`id`),
  ADD UNIQUE KEY `username` (`username`),
  ADD UNIQUE KEY `users_username_unique` (`username`),
  ADD KEY `access_level_id` (`access_level_id`),
  ADD KEY `person_id` (`person_id`);

--
-- AUTO_INCREMENT for dumped tables
--

--
-- AUTO_INCREMENT for table `access_levels`
--
ALTER TABLE `access_levels`
  MODIFY `id` int(11) NOT NULL AUTO_INCREMENT, AUTO_INCREMENT=4;
--
-- AUTO_INCREMENT for table `antennas`
--
ALTER TABLE `antennas`
  MODIFY `id` int(11) NOT NULL AUTO_INCREMENT, AUTO_INCREMENT=36;
--
-- AUTO_INCREMENT for table `antenna_models`
--
ALTER TABLE `antenna_models`
  MODIFY `id` int(11) NOT NULL AUTO_INCREMENT;
--
-- AUTO_INCREMENT for table `campaign_logsheets`
--
ALTER TABLE `campaign_logsheets`
  MODIFY `id` int(11) NOT NULL AUTO_INCREMENT, AUTO_INCREMENT=2260;
--
-- AUTO_INCREMENT for table `contact_numbers`
--
ALTER TABLE `contact_numbers`
  MODIFY `id` int(11) NOT NULL AUTO_INCREMENT, AUTO_INCREMENT=46;
--
-- AUTO_INCREMENT for table `continuous_logsheets`
--
ALTER TABLE `continuous_logsheets`
  MODIFY `id` int(11) NOT NULL AUTO_INCREMENT;
--
-- AUTO_INCREMENT for table `divisions`
--
ALTER TABLE `divisions`
  MODIFY `id` int(11) NOT NULL AUTO_INCREMENT, AUTO_INCREMENT=5;
--
-- AUTO_INCREMENT for table `emails`
--
ALTER TABLE `emails`
  MODIFY `id` int(11) NOT NULL AUTO_INCREMENT, AUTO_INCREMENT=32;
--
-- AUTO_INCREMENT for table `equipment_brands`
--
ALTER TABLE `equipment_brands`
  MODIFY `id` int(11) NOT NULL AUTO_INCREMENT, AUTO_INCREMENT=3;
--
-- AUTO_INCREMENT for table `markers`
--
ALTER TABLE `markers`
  MODIFY `id` int(11) NOT NULL AUTO_INCREMENT;
--
-- AUTO_INCREMENT for table `non_staff_positions`
--
ALTER TABLE `non_staff_positions`
  MODIFY `id` int(11) NOT NULL AUTO_INCREMENT;
--
-- AUTO_INCREMENT for table `office_locations`
--
ALTER TABLE `office_locations`
  MODIFY `id` int(11) NOT NULL AUTO_INCREMENT;
--
-- AUTO_INCREMENT for table `people`
--
ALTER TABLE `people`
  MODIFY `id` int(11) NOT NULL AUTO_INCREMENT, AUTO_INCREMENT=40;
--
-- AUTO_INCREMENT for table `person_types`
--
ALTER TABLE `person_types`
  MODIFY `id` int(11) NOT NULL AUTO_INCREMENT;
--
-- AUTO_INCREMENT for table `positions`
--
ALTER TABLE `positions`
  MODIFY `id` int(11) NOT NULL AUTO_INCREMENT, AUTO_INCREMENT=11;
--
-- AUTO_INCREMENT for table `receivers`
--
ALTER TABLE `receivers`
  MODIFY `id` int(11) NOT NULL AUTO_INCREMENT, AUTO_INCREMENT=48;
--
-- AUTO_INCREMENT for table `receiver_models`
--
ALTER TABLE `receiver_models`
  MODIFY `id` int(11) NOT NULL AUTO_INCREMENT;
--
-- AUTO_INCREMENT for table `sites`
--
ALTER TABLE `sites`
  MODIFY `id` int(11) NOT NULL AUTO_INCREMENT, AUTO_INCREMENT=1391;
--
-- AUTO_INCREMENT for table `users`
--
ALTER TABLE `users`
  MODIFY `id` int(11) NOT NULL AUTO_INCREMENT, AUTO_INCREMENT=4;
--
-- Constraints for dumped tables
--

--
-- Constraints for table `antennas`
--
ALTER TABLE `antennas`
  ADD CONSTRAINT `antennas_ibfk_1` FOREIGN KEY (`antenna_model_id`) REFERENCES `antenna_models` (`id`) ON DELETE SET NULL ON UPDATE CASCADE;

--
-- Constraints for table `antenna_models`
--
ALTER TABLE `antenna_models`
  ADD CONSTRAINT `antenna_models_ibfk_1` FOREIGN KEY (`equipment_brand_id`) REFERENCES `equipment_brands` (`id`) ON DELETE SET NULL ON UPDATE CASCADE;

--
-- Constraints for table `campaign_logsheets`
--
ALTER TABLE `campaign_logsheets`
  ADD CONSTRAINT `campaign_logsheets_ibfk_1` FOREIGN KEY (`site_id`) REFERENCES `sites` (`id`) ON DELETE SET NULL ON UPDATE CASCADE,
  ADD CONSTRAINT `campaign_logsheets_ibfk_2` FOREIGN KEY (`antenna_id`) REFERENCES `antennas` (`id`) ON DELETE SET NULL ON UPDATE CASCADE,
  ADD CONSTRAINT `campaign_logsheets_ibfk_3` FOREIGN KEY (`receiver_id`) REFERENCES `receivers` (`id`) ON DELETE SET NULL ON UPDATE CASCADE;

--
-- Constraints for table `campaign_observers`
--
ALTER TABLE `campaign_observers`
  ADD CONSTRAINT `campaign_observers_ibfk_1` FOREIGN KEY (`campaign_logsheet_id`) REFERENCES `campaign_logsheets` (`id`) ON DELETE CASCADE ON UPDATE CASCADE,
  ADD CONSTRAINT `campaign_observers_ibfk_2` FOREIGN KEY (`person_id`) REFERENCES `people` (`id`) ON DELETE CASCADE ON UPDATE CASCADE;

--
-- Constraints for table `contact_numbers`
--
ALTER TABLE `contact_numbers`
  ADD CONSTRAINT `contact_numbers_ibfk_1` FOREIGN KEY (`person_id`) REFERENCES `people` (`id`) ON DELETE SET NULL ON UPDATE CASCADE;

--
-- Constraints for table `continuous_logsheets`
--
ALTER TABLE `continuous_logsheets`
  ADD CONSTRAINT `continuous_logsheets_ibfk_1` FOREIGN KEY (`site_id`) REFERENCES `sites` (`id`) ON DELETE SET NULL ON UPDATE CASCADE,
  ADD CONSTRAINT `continuous_logsheets_ibfk_2` FOREIGN KEY (`antenna_id`) REFERENCES `antennas` (`id`) ON DELETE SET NULL ON UPDATE CASCADE,
  ADD CONSTRAINT `continuous_logsheets_ibfk_3` FOREIGN KEY (`receiver_id`) REFERENCES `receivers` (`id`) ON DELETE SET NULL ON UPDATE CASCADE;

--
-- Constraints for table `continuous_observers`
--
ALTER TABLE `continuous_observers`
  ADD CONSTRAINT `continuous_observers_ibfk_1` FOREIGN KEY (`continuous_logsheet_id`) REFERENCES `continuous_logsheets` (`id`) ON DELETE CASCADE ON UPDATE CASCADE,
  ADD CONSTRAINT `continuous_observers_ibfk_2` FOREIGN KEY (`person_id`) REFERENCES `people` (`id`) ON DELETE CASCADE ON UPDATE CASCADE;

--
-- Constraints for table `emails`
--
ALTER TABLE `emails`
  ADD CONSTRAINT `emails_ibfk_1` FOREIGN KEY (`person_id`) REFERENCES `people` (`id`) ON DELETE SET NULL ON UPDATE CASCADE;

--
-- Constraints for table `people`
--
ALTER TABLE `people`
  ADD CONSTRAINT `people_ibfk_1` FOREIGN KEY (`position_id`) REFERENCES `positions` (`id`) ON DELETE SET NULL ON UPDATE CASCADE,
  ADD CONSTRAINT `people_ibfk_2` FOREIGN KEY (`division_id`) REFERENCES `divisions` (`id`) ON DELETE SET NULL ON UPDATE CASCADE,
  ADD CONSTRAINT `people_ibfk_3` FOREIGN KEY (`site_id`) REFERENCES `sites` (`id`) ON DELETE SET NULL ON UPDATE CASCADE,
  ADD CONSTRAINT `people_ibfk_4` FOREIGN KEY (`person_type_id`) REFERENCES `person_types` (`id`) ON DELETE SET NULL ON UPDATE CASCADE,
  ADD CONSTRAINT `people_ibfk_5` FOREIGN KEY (`non_staff_position_id`) REFERENCES `non_staff_positions` (`id`) ON DELETE SET NULL ON UPDATE CASCADE,
  ADD CONSTRAINT `people_ibfk_6` FOREIGN KEY (`office_location_id`) REFERENCES `office_locations` (`id`) ON DELETE SET NULL ON UPDATE CASCADE;

--
-- Constraints for table `receivers`
--
ALTER TABLE `receivers`
  ADD CONSTRAINT `receivers_ibfk_1` FOREIGN KEY (`receiver_model_id`) REFERENCES `receiver_models` (`id`) ON DELETE SET NULL ON UPDATE CASCADE;

--
-- Constraints for table `receiver_models`
--
ALTER TABLE `receiver_models`
  ADD CONSTRAINT `receiver_models_ibfk_1` FOREIGN KEY (`equipment_brand_id`) REFERENCES `equipment_brands` (`id`) ON DELETE SET NULL ON UPDATE CASCADE;

--
-- Constraints for table `sites`
--
ALTER TABLE `sites`
  ADD CONSTRAINT `sites_ibfk_1` FOREIGN KEY (`survey_type_id`) REFERENCES `survey_types` (`id`) ON DELETE SET NULL ON UPDATE CASCADE,
  ADD CONSTRAINT `sites_ibfk_2` FOREIGN KEY (`marker_id`) REFERENCES `markers` (`id`) ON DELETE SET NULL ON UPDATE CASCADE;

--
-- Constraints for table `users`
--
ALTER TABLE `users`
  ADD CONSTRAINT `users_ibfk_1` FOREIGN KEY (`access_level_id`) REFERENCES `access_levels` (`id`) ON DELETE SET NULL ON UPDATE CASCADE,
  ADD CONSTRAINT `users_ibfk_2` FOREIGN KEY (`person_id`) REFERENCES `people` (`id`) ON DELETE SET NULL ON UPDATE CASCADE;

/*!40101 SET CHARACTER_SET_CLIENT=@OLD_CHARACTER_SET_CLIENT */;
/*!40101 SET CHARACTER_SET_RESULTS=@OLD_CHARACTER_SET_RESULTS */;
/*!40101 SET COLLATION_CONNECTION=@OLD_COLLATION_CONNECTION */;
